shape_id,shape_pt_lat,shape_pt_lon,shape_pt_sequence,shape_dist_traveled
57c05cab-d8c5-43f8-8d8f-9ecfcba3dbb3,42.2931440051284,-71.4604950821695,40,11020.94
1ba4b168-ece7-49bc-9db3-73ad54e3bbf8,42.3523121984191,-71.5307019073189,65,17269.94
055c56fc-9140-4b97-835b-abc9145f2aa4,42.1420712555689,-71.515799553144,34,6120.96
695762db-d0d4-4ddc-a7ae-10275473090c,42.3593301987249,-71.5520496101409,14,1958.44
57c05cab-d8c5-43f8-8d8f-9ecfcba3dbb3,42.2966711101932,-71.4372336231013,43,13523.51
d89454d2-59b8-475d-8724-4381e121ba00,42.1567630563237,-71.4933950599071,128,30220.4
161f0f86-97f5-4dfd-a54b-3ec09e77872a,42.2999621808506,-71.5013746322021,20,7924.26
23d5cef6-e518-4901-93a5-1d112c5caad9,42.3498539537104,-71.5056594613588,2,211.9
ae46a06e-02d7-4228-8adf-b324f50d6a00,42.2722120447285,-71.4289509611696,9,2121.1
30a9a51f-025f-476a-a501-9cda88fadee8,42.2846574952994,-71.4213375104271,8,1234.24
d89454d2-59b8-475d-8724-4381e121ba00,42.3455208447886,-71.5504577189957,36,6124.25
161f0f86-97f5-4dfd-a54b-3ec09e77872a,42.3468726782127,-71.5458376136921,0,0
2a01e672-f3f1-4e63-b448-bcb1e805c3d3,42.346585681831,-71.5507259399132,5,602.5
4bd751f8-b639-4098-a1fc-a01bcb0ba4e9,42.270178930174,-71.4193003725588,36,8083.95
ac1d4bc6-98b7-4fa7-b20d-2deea94683e3,42.4366502426058,-71.453895506495,26,3180.7
4ce23383-aa10-4737-9d8e-d1bb1d06920c,42.3465655652622,-71.5542221995724,6,934.99
7eb551b3-dcec-4a29-a093-cdf9d4830090,42.3014669001977,-71.3863507739515,52,6910.44
2a01e672-f3f1-4e63-b448-bcb1e805c3d3,42.3390446507361,-71.5886362843893,31,8237.64
d47c2a5a-3fe8-4a30-830f-690bbe96c7b4,42.2973872600429,-71.4861517540307,19,9002.23
e6097e76-5b3e-4d62-a4a9-945e230f237b,42.3456616607703,-71.5600197947037,114,21813.24
fd4c1dc1-3c32-4573-be8a-3a9651c6107f,42.3436996247589,-71.5576017831326,68,22480.05
9ae8aeb0-d10f-4fe2-afd8-f2dcfac6ab6c,42.355019888581,-71.5542114707358,39,12995.61
161f0f86-97f5-4dfd-a54b-3ec09e77872a,42.287444310632,-71.4258208230627,42,16645.6
9f785c31-f3cc-45df-ad8d-08d9418e3073,42.121490664571,-71.5137087710922,27,5914.13
b44b7738-7ce5-4d95-8081-9b6f1f76665a,42.2934055205229,-71.4598768329547,5,850.1
b33a3d09-539e-4afa-a893-a3de7cac00ed,42.2407765532003,-71.4325330515226,22,5888.18
161f0f86-97f5-4dfd-a54b-3ec09e77872a,42.2941458102551,-71.4637351908526,31,12089.94
012d6ffc-b612-493c-a374-88234b7fe5f5,42.3044656100551,-71.5151142486998,16,7127.24
1ba4b168-ece7-49bc-9db3-73ad54e3bbf8,42.3454148975262,-71.5513388247096,49,14512.13
dfc8cf0c-de43-47ea-9ed6-b7d8430eab32,42.29811145652,-71.440036531689,43,17249.27
57c05cab-d8c5-43f8-8d8f-9ecfcba3dbb3,42.2969607887841,-71.4868558339391,34,8724.91
ab5deaba-93a4-4680-9cf5-808df07f2607,42.3044521990092,-71.5184978555738,43,16626.05
f4cb018e-cda2-419a-a98d-ab90e844dcc9,42.3153754958734,-71.5654660204331,10,4036.14
a2fac56d-750e-44a1-835c-e5ece22b4aa8,42.3138452955392,-71.5738076909666,41,6470.57
f4cb018e-cda2-419a-a98d-ab90e844dcc9,42.314593631899,-71.5630466677574,11,4253.09
f4cb018e-cda2-419a-a98d-ab90e844dcc9,42.2746716305418,-71.4397844040265,46,20836.43
7903a5c3-a394-4988-98b4-6f3f4c5ccd69,42.2626566745434,-71.480485587149,29,16381.43
a2fac56d-750e-44a1-835c-e5ece22b4aa8,42.3208874357276,-71.5791358994922,38,5362.27
a2fac56d-750e-44a1-835c-e5ece22b4aa8,42.3351071676676,-71.5921325440486,18,1056.84
a2fac56d-750e-44a1-835c-e5ece22b4aa8,42.3155967781303,-71.5654378572367,44,7195.94
a2fac56d-750e-44a1-835c-e5ece22b4aa8,42.3133329935868,-71.5654754081652,47,7680.68
a2fac56d-750e-44a1-835c-e5ece22b4aa8,42.3378470443396,-71.5899572724078,1,59.09
f4cb018e-cda2-419a-a98d-ab90e844dcc9,42.2760422394301,-71.4305307823736,50,21617.25
7903a5c3-a394-4988-98b4-6f3f4c5ccd69,42.275902764553,-71.4281516628356,48,21830.17
a2fac56d-750e-44a1-835c-e5ece22b4aa8,42.3381957315323,-71.5892679446499,5,272.88
f4cb018e-cda2-419a-a98d-ab90e844dcc9,42.2608689821284,-71.4537171395849,39,18725.4
3b5f0679-5280-40e8-914b-62acba2092d8,42.315376836978,-71.5778578268205,20,3760.34
3b5f0679-5280-40e8-914b-62acba2092d8,42.3169687281232,-71.5804421353604,19,3483.97
dc75feae-3e40-4fb9-98b1-32d25959fe8d,42.3024499298602,-71.3849761417494,36,5770.68
dfc8cf0c-de43-47ea-9ed6-b7d8430eab32,42.3002920925791,-71.4856850496343,28,12146.94
b4ccc300-ae7b-45c9-91ad-79e50bd98bd6,42.2848760953472,-71.3749339505991,15,10768.41
1c130b25-ee37-4058-b9cb-a955999e4e80,42.308639127531,-71.383972995518,71,19313.11
b968a9c3-0fd4-4fc8-9c03-c3ab0fe551a0,42.1831036915245,-71.4444393780494,26,9877.35
d89454d2-59b8-475d-8724-4381e121ba00,42.2196568381582,-71.5178581486856,103,22029.01
30a9a51f-025f-476a-a501-9cda88fadee8,42.2851805260885,-71.4216902209336,136,22878.12
ac1d4bc6-98b7-4fa7-b20d-2deea94683e3,42.3912484879046,-71.5653319099743,87,16183.68
3095b873-eb06-438b-a330-1338c12a12ae,42.2834732999488,-71.3675256888584,8,4238.23
7a6353fd-f5b7-4b08-b02a-4c000e3abf9f,42.2758746013567,-71.411843831053,7,1544
7eb551b3-dcec-4a29-a093-cdf9d4830090,42.2817674149136,-71.4152904698426,89,13342.63
afc65aea-c4e8-4c68-ab68-956699da953a,42.27655464,-71.41777396,7,1076.64
fb476a4a-c0d7-413f-9c4a-799a1b2d4dd6,42.2990381597899,-71.387096428102,8,891.47
b9968507-53ab-453c-bd4c-59b515649f1d,42.3527829261293,-71.5562016699434,42,13375.86
004980e6-9f4c-4b6d-ba69-2c51b2ea17f2,42.1423743452057,-71.5186413537646,41,20799.83
57c05cab-d8c5-43f8-8d8f-9ecfcba3dbb3,42.277752147779,-71.409311825592,60,17675.84
636e5ba5-1fdd-459c-82bb-59f2aead5ecf,42.3112851268819,-71.2639722981436,21,3949.17
636e5ba5-1fdd-459c-82bb-59f2aead5ecf,42.3182186375987,-71.2662696103018,15,2778.18
2b823661-7fbc-45bc-aac0-a7fed254ae27,42.2095972126482,-71.4272786037492,24,9167.8
636e5ba5-1fdd-459c-82bb-59f2aead5ecf,42.3003001392067,-71.2750525042446,47,7474.61
e878f995-434e-4d2c-907f-09935bb474c7,42.2939151402661,-71.4691559355948,6,1681.69
f2e38f84-2a97-4d6c-9d9a-182cd2927222,42.2936174150477,-71.469366489015,0,0
387741ec-af5f-4a7b-9b82-820060cdce6f,42.2942758974001,-71.4644969382582,22,7059.97
e878f995-434e-4d2c-907f-09935bb474c7,42.2936174150477,-71.469366489015,7,1719.03
402fe3ba-d292-4403-bc24-833e5ba04561,42.2997408985937,-71.3596011018515,9,6651.82
e2961827-77cf-4cf6-bafb-7d0da257ec97,42.298478919177,-71.3707094711488,24,8866.96
23be88fa-b8dd-4094-bb1d-0092c0557a1c,42.281896160954,-71.4206092906361,13,2002.28
02771dac-1a3f-4a82-a387-5d517b4b4a7f,42.3004892349535,-71.482013105274,8,2725.94
ac1d4bc6-98b7-4fa7-b20d-2deea94683e3,42.454740402385,-71.4546009275079,11,1087.04
3eae3196-8fdf-4760-8a66-21b48a13f1dc,42.2777280078964,-71.4199052107278,1,208.07
3b5f0679-5280-40e8-914b-62acba2092d8,42.3064571503673,-71.5441169765065,27,7586.34
a2fac56d-750e-44a1-835c-e5ece22b4aa8,42.3380696677011,-71.5919139440008,10,572.18
7903a5c3-a394-4988-98b4-6f3f4c5ccd69,42.314593631899,-71.5630466677574,8,4269.79
a2fac56d-750e-44a1-835c-e5ece22b4aa8,42.3384679757636,-71.5887100451416,4,217.97
a2fac56d-750e-44a1-835c-e5ece22b4aa8,42.2670595209038,-71.5223334146937,68,15453.47
f4cb018e-cda2-419a-a98d-ab90e844dcc9,42.2678145627865,-71.522784025835,18,12518.22
a2fac56d-750e-44a1-835c-e5ece22b4aa8,42.33189790439,-71.5774045334699,27,2415.9
a2fac56d-750e-44a1-835c-e5ece22b4aa8,42.3290239172592,-71.5893336587747,31,3533.86
a2fac56d-750e-44a1-835c-e5ece22b4aa8,42.3279255526022,-71.5851024738015,35,4305.4
a2fac56d-750e-44a1-835c-e5ece22b4aa8,42.2743229433491,-71.52416536356,65,14617.38
f4cb018e-cda2-419a-a98d-ab90e844dcc9,42.2614832080295,-71.4524712534232,40,18848.51
f4cb018e-cda2-419a-a98d-ab90e844dcc9,42.2686245899573,-71.5150820621897,20,13162.07
f4cb018e-cda2-419a-a98d-ab90e844dcc9,42.3278222875489,-71.58502603084,4,1126.83
3b5f0679-5280-40e8-914b-62acba2092d8,42.3139968403576,-71.5634986200034,23,5097.24
a2fac56d-750e-44a1-835c-e5ece22b4aa8,42.3319864172927,-71.5827582229828,25,1951.18
f4cb018e-cda2-419a-a98d-ab90e844dcc9,42.2753985092282,-71.4357436559048,48,21180.67
402fe3ba-d292-4403-bc24-833e5ba04561,42.2987256824211,-71.3705029410424,11,7555.5
b135140e-109e-4613-95af-0631d00cbd1e,42.2952388104939,-71.4880467348126,24,9745.05
ac1d4bc6-98b7-4fa7-b20d-2deea94683e3,42.3907844657173,-71.5657342413506,89,16260.78
4bd751f8-b639-4098-a1fc-a01bcb0ba4e9,42.2473533300968,-71.4303188878488,43,10868.25
f2a9a652-ae50-4c62-935c-bcba2dfc6b9b,42.1570218895091,-71.5333760698662,13,3898.34
b968a9c3-0fd4-4fc8-9c03-c3ab0fe551a0,42.1507160157392,-71.5033286215859,6,1887.21
3eae3196-8fdf-4760-8a66-21b48a13f1dc,42.3220702899736,-71.3979298709589,113,16064.3
f367b809-4934-4ba5-b7ef-2e80c636be42,42.2907729322179,-71.3929946060774,5,2731.22
54365a02-9e28-4fe0-a588-fe484d81157e,42.2770976887404,-71.4153910526866,6,858.66
30a9a51f-025f-476a-a501-9cda88fadee8,42.2899253541187,-71.4134303577799,122,20518.59
f2e38f84-2a97-4d6c-9d9a-182cd2927222,42.2985499977201,-71.4255029812755,27,4630.2
1291f9da-6233-4191-bfff-82c2787d82f2,42.2968709347767,-71.4836854626945,18,9931.59
3eae3196-8fdf-4760-8a66-21b48a13f1dc,42.3079967384336,-71.4028034450295,90,12922.4
bd433f74-e551-4a3c-91ae-4a735e4e28eb,42.3012952388105,-71.3879104785866,42,6313.04
018f3677-ec1d-408c-bd2c-782f608a9df4,42.346049239996,-71.55065486137,57,9398.31
4cebf1c5-54c8-4e64-82fe-a3337ad3146f,42.3024392010235,-71.3609475708573,63,15201.42
161f0f86-97f5-4dfd-a54b-3ec09e77872a,42.2939325746258,-71.4671415965046,30,11808.95
bd433f74-e551-4a3c-91ae-4a735e4e28eb,42.3036354663155,-71.3785026299061,21,5117.49
afc65aea-c4e8-4c68-ab68-956699da953a,42.2416026736261,-71.4316988844692,23,5477.71
320755bd-42ae-4afa-92ee-4790802c99e4,42.300620663203,-71.3502348274132,5,2678.98
dfc8cf0c-de43-47ea-9ed6-b7d8430eab32,42.346049239996,-71.55065486137,0,0
747d8707-5db7-4c6b-b0f3-86a0d2509306,42.2980484246044,-71.494903802568,60,11657.62
a19fb124-594e-4ddd-b6da-f8ca9171f8db,42.3543466540782,-71.5538051160458,12,2459.3
ae50df4e-b25b-429a-99d2-e4f28b1a7944,42.2838273515598,-71.3674505870015,10,4063.63
9ffea29d-1305-44de-bab8-8ccc2cbd144b,42.2925525780053,-71.4003881156676,6,2131.22
afc65aea-c4e8-4c68-ab68-956699da953a,42.2401408696259,-71.4320730526491,25,5672.46
325a045e-c97d-445a-89dc-9075e4d1d00f,42.3010632277169,-71.3880338602086,14,5722.65
018f3677-ec1d-408c-bd2c-782f608a9df4,42.3623409785236,-71.5528998704493,46,7097.46
dfc8cf0c-de43-47ea-9ed6-b7d8430eab32,42.2968736169859,-71.4834507693917,32,12879.96
837fca5f-265a-4a4c-9c28-0c273254ae78,42.355019888581,-71.5542114707358,17,5020.88
e1bd887f-92a6-454a-b421-a0377f10ee01,42.2993197917533,-71.3773533032747,18,11195.61
a19fb124-594e-4ddd-b6da-f8ca9171f8db,42.3415981138705,-71.560132447489,19,5039.1
23be88fa-b8dd-4094-bb1d-0092c0557a1c,42.3007923245902,-71.4920941884574,36,10221.38
636e5ba5-1fdd-459c-82bb-59f2aead5ecf,42.3084942882356,-71.2551022324027,30,4938.55
1c130b25-ee37-4058-b9cb-a955999e4e80,42.2989053904358,-71.378746710941,91,23007.19
7ae040a5-6c96-48f1-ad52-551743a1a458,42.2884407513404,-71.3836390604758,0,0
ab5deaba-93a4-4680-9cf5-808df07f2607,42.2926276798622,-71.4879126243539,21,8934.74
837fca5f-265a-4a4c-9c28-0c273254ae78,42.3466125039227,-71.5508332282801,30,6772.58
636e5ba5-1fdd-459c-82bb-59f2aead5ecf,42.3019724966271,-71.383673929195,102,18514.18
94059766-6fcf-458a-bee2-3d8856a98c17,42.27655464,-71.41777396,55,18122.63
0eda0ce6-27a8-41c6-af53-39f9365143cb,42.2988423585202,-71.3775853143683,22,8300.82
16c57625-ade0-4ab0-9451-056179830dfc,42.3904679650347,-71.5648209491266,38,6250.49
420ecf08-6cea-4604-b918-890ae8b88a60,42.2922213251723,-71.3994332492014,13,3188.24
636e5ba5-1fdd-459c-82bb-59f2aead5ecf,42.3052823427488,-71.2531857939473,36,5411.65
e2961827-77cf-4cf6-bafb-7d0da257ec97,42.3006997883737,-71.3525924892779,26,10376.96
636e5ba5-1fdd-459c-82bb-59f2aead5ecf,42.3340289195793,-71.2444659319202,1,146.28
4f48eaa9-89c6-49b0-a7ab-ebf904a00c42,42.2969460366336,-71.4726870639734,12,1982.09
fd4c1dc1-3c32-4573-be8a-3a9651c6107f,42.2944636520424,-71.5053738060816,43,12085.46
387741ec-af5f-4a7b-9b82-820060cdce6f,42.2996953010378,-71.3968838093808,10,1144.12
9ffea29d-1305-44de-bab8-8ccc2cbd144b,42.3023842157355,-71.3853114178962,37,5433.66
fb476a4a-c0d7-413f-9c4a-799a1b2d4dd6,42.3259393767082,-71.2560557577643,64,17210.06
a2fac56d-750e-44a1-835c-e5ece22b4aa8,42.306068230037,-71.5373671971182,55,10394.17
a2fac56d-750e-44a1-835c-e5ece22b4aa8,42.3389775955068,-71.5898540073546,8,373.64
3b5f0679-5280-40e8-914b-62acba2092d8,42.3058187845837,-71.5293299573261,28,8803.6
f4cb018e-cda2-419a-a98d-ab90e844dcc9,42.3062157515416,-71.5405241573169,14,7136.34
f4cb018e-cda2-419a-a98d-ab90e844dcc9,42.3317624528266,-71.5852902284438,2,678.94
f4cb018e-cda2-419a-a98d-ab90e844dcc9,42.2730515762002,-71.443068769161,45,20511.88
a2fac56d-750e-44a1-835c-e5ece22b4aa8,42.3337660630802,-71.587925498958,20,1433.97
3b5f0679-5280-40e8-914b-62acba2092d8,42.2785286473351,-71.5256003454686,31,11869.45
f4cb018e-cda2-419a-a98d-ab90e844dcc9,42.3140317090769,-71.5721152169773,9,3469.75
a2fac56d-750e-44a1-835c-e5ece22b4aa8,42.3105944580194,-71.5620743669316,49,8228.88
a2fac56d-750e-44a1-835c-e5ece22b4aa8,42.3315854270211,-71.585884337776,29,3120.59
a2fac56d-750e-44a1-835c-e5ece22b4aa8,42.3116284496563,-71.5661177972625,48,7877.31
3b5f0679-5280-40e8-914b-62acba2092d8,42.3021025837721,-71.5274631397404,29,9244.12
f4cb018e-cda2-419a-a98d-ab90e844dcc9,42.2654796996998,-71.451187816333,41,19304.97
3b5f0679-5280-40e8-914b-62acba2092d8,42.33189790439,-71.5774045334699,0,0
f4cb018e-cda2-419a-a98d-ab90e844dcc9,42.2600307917613,-71.4581722890241,38,18347.36
f4cb018e-cda2-419a-a98d-ab90e844dcc9,42.2674055258873,-71.5006477535157,24,14391.74
a2fac56d-750e-44a1-835c-e5ece22b4aa8,42.3366588256752,-71.5941066500012,13,813.12
a2fac56d-750e-44a1-835c-e5ece22b4aa8,42.2689317029078,-71.5231635584333,67,15234.52
3b5f0679-5280-40e8-914b-62acba2092d8,42.3156960198698,-71.5652205982936,22,4861.29
f4cb018e-cda2-419a-a98d-ab90e844dcc9,42.2670689086359,-71.5088781123685,22,13701.29
3b5f0679-5280-40e8-914b-62acba2092d8,42.3138908930952,-71.5719703776819,21,4271.51
f4cb018e-cda2-419a-a98d-ab90e844dcc9,42.2665673355202,-71.4963816998232,26,14767.79
f4cb018e-cda2-419a-a98d-ab90e844dcc9,42.269418523873,-71.449829277386,43,19781.87
a2fac56d-750e-44a1-835c-e5ece22b4aa8,42.3141430207576,-71.563132498451,46,7468.16
3b5f0679-5280-40e8-914b-62acba2092d8,42.3118725306912,-71.5660829285433,24,5414.76
a2fac56d-750e-44a1-835c-e5ece22b4aa8,42.3146834859063,-71.5767178879212,40,6213.94
f4cb018e-cda2-419a-a98d-ab90e844dcc9,42.2744503482849,-71.4261118427582,54,22074.23
a2fac56d-750e-44a1-835c-e5ece22b4aa8,42.3320695657771,-71.5859715095742,24,1687.06
a2fac56d-750e-44a1-835c-e5ece22b4aa8,42.3364281556862,-71.5939752217516,14,840.93
a2fac56d-750e-44a1-835c-e5ece22b4aa8,42.3139861115209,-71.5716163260708,42,6651.31
a2fac56d-750e-44a1-835c-e5ece22b4aa8,42.3383848272791,-71.5895133667894,6,302
a2fac56d-750e-44a1-835c-e5ece22b4aa8,42.3059274140553,-71.5294707733077,59,11066.59
a2fac56d-750e-44a1-835c-e5ece22b4aa8,42.3264530197652,-71.5899760478721,32,3824.37
f4cb018e-cda2-419a-a98d-ab90e844dcc9,42.2670595209038,-71.5224822773029,17,12430.73
a2fac56d-750e-44a1-835c-e5ece22b4aa8,42.3361143372127,-71.5937767382727,15,879.42
f4cb018e-cda2-419a-a98d-ab90e844dcc9,42.3075514917106,-71.5642523207815,13,5180.75
f4cb018e-cda2-419a-a98d-ab90e844dcc9,42.2751517459841,-71.4220295203942,56,22431.06
f4cb018e-cda2-419a-a98d-ab90e844dcc9,42.2755111620135,-71.4270948724207,52,21910.65
a2fac56d-750e-44a1-835c-e5ece22b4aa8,42.3331934114214,-71.586904918367,22,1540.23
a2fac56d-750e-44a1-835c-e5ece22b4aa8,42.3147679754953,-71.5699922484155,43,6810.55
a2fac56d-750e-44a1-835c-e5ece22b4aa8,42.3323216934396,-71.5778444157746,26,2356.54
3b5f0679-5280-40e8-914b-62acba2092d8,42.2691060465041,-71.5231944038388,33,12953.45
a2fac56d-750e-44a1-835c-e5ece22b4aa8,42.3388595783031,-71.589768176661,7,358.75
3b5f0679-5280-40e8-914b-62acba2092d8,42.3073074106757,-71.5639291145759,25,5952.03
a2fac56d-750e-44a1-835c-e5ece22b4aa8,42.3381380640351,-71.5893551164481,0,0
a2fac56d-750e-44a1-835c-e5ece22b4aa8,42.334715565128,-71.5905446762171,19,1194.34
f4cb018e-cda2-419a-a98d-ab90e844dcc9,42.2784495221644,-71.4096444195297,58,23515.18
1c130b25-ee37-4058-b9cb-a955999e4e80,42.277245210245,-71.3514458448556,39,8890.54
4cebf1c5-54c8-4e64-82fe-a3337ad3146f,42.3018209518087,-71.3875014416874,33,8186.11
08c7abdf-7fce-4d50-958b-b6ff0aa5098c,42.2703264516787,-71.5226928307231,25,11975.81
340851f6-b619-4b18-9fc3-a81e3b6acb63,42.3003001392067,-71.2750525042446,50,7888.83
636e5ba5-1fdd-459c-82bb-59f2aead5ecf,42.2998843967846,-71.3608872211508,86,16446.31
50888a2c-e355-4664-b663-e6811b0a7c25,42.2785286473351,-71.5256003454686,5,1401.19
4cebf1c5-54c8-4e64-82fe-a3337ad3146f,42.2945293661672,-71.3823851276866,22,6322.68
055c56fc-9140-4b97-835b-abc9145f2aa4,42.1396143519649,-71.5157955298302,36,6398.89
dc75feae-3e40-4fb9-98b1-32d25959fe8d,42.2986639916101,-71.3770113216049,15,4394.98
3eae3196-8fdf-4760-8a66-21b48a13f1dc,42.2986063241128,-71.4334208627594,163,25036.96
d828c9b3-ae08-49b6-a382-d9587ab3b310,42.3017176867555,-71.3804391849303,2,612.63
b968a9c3-0fd4-4fc8-9c03-c3ab0fe551a0,42.1491335123261,-71.5082679097812,5,1443.92
50888a2c-e355-4664-b663-e6811b0a7c25,42.2691060465041,-71.5231944038388,3,317.19
636e5ba5-1fdd-459c-82bb-59f2aead5ecf,42.2976380466007,-71.2851832082977,52,8384.91
340851f6-b619-4b18-9fc3-a81e3b6acb63,42.3139002808273,-71.2664667526762,18,3387.28
bd433f74-e551-4a3c-91ae-4a735e4e28eb,42.2988021253825,-71.3997215866876,72,10253.78
13f5cf06-04ba-4086-a80d-8a89787b833a,42.2742035850408,-71.4022602976716,101,21311.87
7eb551b3-dcec-4a29-a093-cdf9d4830090,42.305892545336,-71.3994520246656,68,8780.73
055c56fc-9140-4b97-835b-abc9145f2aa4,42.1350988528191,-71.5210888696366,41,7387.93
012d6ffc-b612-493c-a374-88234b7fe5f5,42.3045997205138,-71.5218519581468,15,6573.32
8983ebd0-b08f-4e96-a8ca-18da9a533641,42.2097903317088,-71.4268186048757,24,10037.33
08c7abdf-7fce-4d50-958b-b6ff0aa5098c,42.3301343518576,-71.5854310444254,7,918.96
837fca5f-265a-4a4c-9c28-0c273254ae78,42.3478034047963,-71.5147977480172,48,10783.09
94059766-6fcf-458a-bee2-3d8856a98c17,42.2696706515354,-71.444749173209,46,15519.2
4cebf1c5-54c8-4e64-82fe-a3337ad3146f,42.2776086495882,-71.4092072194342,138,30678.25
9ffea29d-1305-44de-bab8-8ccc2cbd144b,42.3024056734089,-71.3848004570484,34,5389.81
31481715-c247-41ac-940e-c0096e0868ba,42.2207940948483,-71.4276353375694,19,7601.13
fd4c1dc1-3c32-4573-be8a-3a9651c6107f,42.3426978196322,-71.5616680122416,64,21606.81
62d689e9-a952-482a-b6c2-5a5fa078d2af,42.2989000260174,-71.393580668782,49,10034.59
636e5ba5-1fdd-459c-82bb-59f2aead5ecf,42.3010618866123,-71.3594991779029,79,15910.19
b9968507-53ab-453c-bd4c-59b515649f1d,42.3497372776113,-71.6201884520166,4,985.61
30a9a51f-025f-476a-a501-9cda88fadee8,42.3148484417706,-71.437650706628,25,5177.22
0eda0ce6-27a8-41c6-af53-39f9365143cb,42.3006997883737,-71.3525924892779,50,11912.74
4ce23383-aa10-4737-9d8e-d1bb1d06920c,42.3361626169778,-71.5967244861558,42,9506.97
3eae3196-8fdf-4760-8a66-21b48a13f1dc,42.2982120393641,-71.3852121761568,34,7890.38
161f0f86-97f5-4dfd-a54b-3ec09e77872a,42.2781316803772,-71.4201197874618,47,17919.39
3eae3196-8fdf-4760-8a66-21b48a13f1dc,42.3117974288343,-71.4021087528532,91,13348.57
62d689e9-a952-482a-b6c2-5a5fa078d2af,42.2992648064652,-71.4370887838059,40,6302.07
636e5ba5-1fdd-459c-82bb-59f2aead5ecf,42.3018678904693,-71.3877522282453,111,18898.87
ae46a06e-02d7-4228-8adf-b324f50d6a00,42.2716380519651,-71.4430727924748,16,3423.17
afc65aea-c4e8-4c68-ab68-956699da953a,42.2767610714889,-71.416686559718,6,984.34
161f0f86-97f5-4dfd-a54b-3ec09e77872a,42.2971498845309,-71.4855227759792,23,9285.6
ebb5d4b8-b5de-42e7-8df5-be5d2199a7bd,42.22826314,-71.52213335,34,10423.07
30a9a51f-025f-476a-a501-9cda88fadee8,42.2985607265568,-71.4081544523331,110,19183.12
9f785c31-f3cc-45df-ad8d-08d9418e3073,42.0817054558817,-71.4611267424301,43,13139.7
b44b7738-7ce5-4d95-8081-9b6f1f76665a,42.2981101154155,-71.4328227301134,11,3342.91
ac1d4bc6-98b7-4fa7-b20d-2deea94683e3,42.4364785812186,-71.4727876468174,35,4819.33
161f0f86-97f5-4dfd-a54b-3ec09e77872a,42.2926585252677,-71.4671013633669,29,11667.34
018f3677-ec1d-408c-bd2c-782f608a9df4,42.3862770131992,-71.5635750629649,33,4040.89
387741ec-af5f-4a7b-9b82-820060cdce6f,42.2971498845309,-71.4847945561883,29,8835.59
62d689e9-a952-482a-b6c2-5a5fa078d2af,42.2940344985744,-71.4635246374324,25,3515.12
b33a3d09-539e-4afa-a893-a3de7cac00ed,42.1888248436942,-71.4397844040265,36,12161.27
54365a02-9e28-4fe0-a588-fe484d81157e,42.2938373562001,-71.4586054658059,18,6150.46
7eb551b3-dcec-4a29-a093-cdf9d4830090,42.3020650328436,-71.3864835433056,53,6977.79
d89454d2-59b8-475d-8724-4381e121ba00,42.3472106365687,-71.5456351068994,40,6663.65
18ff10fa-80ce-4f49-8d61-3c978965f923,42.3016814769317,-71.3778736518546,12,5748.63
dfc8cf0c-de43-47ea-9ed6-b7d8430eab32,42.3453371134601,-71.5455546406242,4,635.28
09aed2cc-296b-477d-bca2-e055ce0c98b0,42.2931319351871,-71.4604977643786,14,6778.94
d89454d2-59b8-475d-8724-4381e121ba00,42.269948260185,-71.5229516639084,59,15766.35
4bd751f8-b639-4098-a1fc-a01bcb0ba4e9,42.2727471454589,-71.4099072760288,4,449.6
dc75feae-3e40-4fb9-98b1-32d25959fe8d,42.3022742451593,-71.3801816928495,26,5342.4
18ff10fa-80ce-4f49-8d61-3c978965f923,42.2757525608392,-71.410998935163,1,70.78
9ae8aeb0-d10f-4fe2-afd8-f2dcfac6ab6c,42.3279872434132,-71.6198639047065,14,4862.48
b33a3d09-539e-4afa-a893-a3de7cac00ed,42.2415946269986,-71.4332827289869,21,5778.33
b44b7738-7ce5-4d95-8081-9b6f1f76665a,42.2776073084836,-71.4132050522092,19,6445.33
161f0f86-97f5-4dfd-a54b-3ec09e77872a,42.2931735094293,-71.4710804206777,28,11335.3
fe1b79da-593f-487c-844c-daf273066f25,42.3507028729142,-71.490990459382,1,298.3
30a9a51f-025f-476a-a501-9cda88fadee8,42.2795250880435,-71.4187947761294,142,24070.22
402fe3ba-d292-4403-bc24-833e5ba04561,42.3019993187189,-71.3798571455394,25,10451.28
1ba4b168-ece7-49bc-9db3-73ad54e3bbf8,42.351343920907,-71.556378695749,35,12477.64
3eae3196-8fdf-4760-8a66-21b48a13f1dc,42.3168533931287,-71.4003532469483,99,13955.64
16c57625-ade0-4ab0-9451-056179830dfc,42.3917272622423,-71.5703033846798,59,7699.13
161f0f86-97f5-4dfd-a54b-3ec09e77872a,42.2966952500758,-71.4721050245824,24,10389.59
94059766-6fcf-458a-bee2-3d8856a98c17,42.2741821273674,-71.4378545545253,48,16289.61
e6097e76-5b3e-4d62-a4a9-945e230f237b,42.3144447692898,-71.5311927515979,93,15552.74
ae46a06e-02d7-4228-8adf-b324f50d6a00,42.267676429014,-71.4454988506734,18,3911.44
fb476a4a-c0d7-413f-9c4a-799a1b2d4dd6,42.302408355618,-71.2549895796174,44,12964.14
f52e15dd-a155-445b-a257-949f7b6efeba,42.2968038795474,-71.4719266576723,36,9222.9
f9a10342-e44e-4a6b-8ec9-2ce051d39cf6,42.2771030531587,-71.4182221244706,7,1367.28
e6097e76-5b3e-4d62-a4a9-945e230f237b,42.2940653439799,-71.4663288871246,43,6521.85
2b2c7804-d94b-4a51-8e79-454d4cd759d1,42.2527150662372,-71.4294163244615,3,1372.02
1c130b25-ee37-4058-b9cb-a955999e4e80,42.2801607716179,-71.3472052721504,43,9475.47
3eae3196-8fdf-4760-8a66-21b48a13f1dc,42.302246081963,-71.3847414484466,46,9493.2
e6097e76-5b3e-4d62-a4a9-945e230f237b,42.3440483119517,-71.5577560101602,116,22081.49
30a9a51f-025f-476a-a501-9cda88fadee8,42.2908332819243,-71.4259951666591,10,2020.22
fb476a4a-c0d7-413f-9c4a-799a1b2d4dd6,42.3014669001977,-71.3863507739515,0,0
f52e15dd-a155-445b-a257-949f7b6efeba,42.3290802436519,-71.5395076000397,51,17449.93
636e5ba5-1fdd-459c-82bb-59f2aead5ecf,42.2994686543625,-71.3755294010359,91,17676.67
e6097e76-5b3e-4d62-a4a9-945e230f237b,42.3309188980412,-71.5401419425095,99,17698.19
695762db-d0d4-4ddc-a7ae-10275473090c,42.4028584303175,-71.5555619630552,61,8261.79
23be88fa-b8dd-4094-bb1d-0092c0557a1c,42.3014776290344,-71.4536916585977,25,6450.52
f52e15dd-a155-445b-a257-949f7b6efeba,42.2935584064459,-71.432762380407,18,3732.06
636e5ba5-1fdd-459c-82bb-59f2aead5ecf,42.3062036816003,-71.2543538960429,34,5269.48
e6097e76-5b3e-4d62-a4a9-945e230f237b,42.2942410286809,-71.4650159457336,42,6412.18
30a9a51f-025f-476a-a501-9cda88fadee8,42.3024526120694,-71.3849385908209,92,16396.72
1c130b25-ee37-4058-b9cb-a955999e4e80,42.2819913793797,-71.3895466261832,100,26341.25
35347850-d69a-4842-a5f4-bae7275cd779,42.2982361792467,-71.4964205918563,5,1413.92
474b7e9c-16d3-4964-ba1e-1c40e6d6be04,42.3531195433807,-71.5355406126702,10,1886.51
f52e15dd-a155-445b-a257-949f7b6efeba,42.292631703176,-71.4363404474461,20,4043.68
4ce23383-aa10-4737-9d8e-d1bb1d06920c,42.3367513618917,-71.6254308298487,52,13490.53
f2e38f84-2a97-4d6c-9d9a-182cd2927222,42.3018571616326,-71.3877414994086,35,7970.91
747d8707-5db7-4c6b-b0f3-86a0d2509306,42.2950550791654,-71.4474126069196,12,4331.76
bd433f74-e551-4a3c-91ae-4a735e4e28eb,42.2777856753937,-71.4093829041352,3,360.64
474b7e9c-16d3-4964-ba1e-1c40e6d6be04,42.3466125039227,-71.5508332282801,1,64.28
636e5ba5-1fdd-459c-82bb-59f2aead5ecf,42.3113910741443,-71.2641399362171,19,3725.36
7eb551b3-dcec-4a29-a093-cdf9d4830090,42.3077365641437,-71.3972499309331,72,9276.75
ac1d4bc6-98b7-4fa7-b20d-2deea94683e3,42.4082389419221,-71.5424446190861,67,12930
fb476a4a-c0d7-413f-9c4a-799a1b2d4dd6,42.3012603700912,-71.3482338993689,13,4126.08
e878f995-434e-4d2c-907f-09935bb474c7,42.2966831801345,-71.470962403474,2,1080.79
012d6ffc-b612-493c-a374-88234b7fe5f5,42.2966831801345,-71.470962403474,32,13152.29
09aed2cc-296b-477d-bca2-e055ce0c98b0,42.3005,-71.43454,11,4451.15
d47c2a5a-3fe8-4a30-830f-690bbe96c7b4,42.2987042247477,-71.3967389700853,8,1303.69
f52e15dd-a155-445b-a257-949f7b6efeba,42.2999621808506,-71.5013746322021,41,11700.89
e878f995-434e-4d2c-907f-09935bb474c7,42.2927054639283,-71.4364249370351,20,5446.67
57c05cab-d8c5-43f8-8d8f-9ecfcba3dbb3,42.2972544906887,-71.4891678982477,33,8532.1
30a9a51f-025f-476a-a501-9cda88fadee8,42.30596451,-71.40172177,74,14047.61
636e5ba5-1fdd-459c-82bb-59f2aead5ecf,42.3001418888653,-71.2764110431916,48,7587.64
2b823661-7fbc-45bc-aac0-a7fed254ae27,42.1856196037304,-71.440774139212,16,6199.35
7eb551b3-dcec-4a29-a093-cdf9d4830090,42.2776073084836,-71.4168045769217,107,17348.36
387741ec-af5f-4a7b-9b82-820060cdce6f,42.296414959217,-71.4712118489272,26,7708.36
f52e15dd-a155-445b-a257-949f7b6efeba,42.3345211049629,-71.5415876532547,52,18078.2
ebb5d4b8-b5de-42e7-8df5-be5d2199a7bd,42.2785098718709,-71.5253039613547,77,16623.93
e2961827-77cf-4cf6-bafb-7d0da257ec97,42.2941230114772,-71.463948426482,5,487.13
02771dac-1a3f-4a82-a387-5d517b4b4a7f,42.2985499977201,-71.4255029812755,21,8667.95
9ae8aeb0-d10f-4fe2-afd8-f2dcfac6ab6c,42.3527829261293,-71.5562016699434,42,13360.53
636e5ba5-1fdd-459c-82bb-59f2aead5ecf,42.3320870001368,-71.2468946723279,3,440.25
747d8707-5db7-4c6b-b0f3-86a0d2509306,42.2818693388623,-71.4206012440086,6,745.3
a2fac56d-750e-44a1-835c-e5ece22b4aa8,42.3074093346244,-71.5516459376601,51,9184.98
a2fac56d-750e-44a1-835c-e5ece22b4aa8,42.3274655537287,-71.5856040469172,34,4239.74
a2fac56d-750e-44a1-835c-e5ece22b4aa8,42.3353512487025,-71.5927655454138,17,998.2
f4cb018e-cda2-419a-a98d-ab90e844dcc9,42.2727994485378,-71.4459011820496,44,20277.31
f4cb018e-cda2-419a-a98d-ab90e844dcc9,42.2677582363938,-71.5120994455874,21,13425.55
a2fac56d-750e-44a1-835c-e5ece22b4aa8,42.2669334570726,-71.5232104970938,69,15526.94
a2fac56d-750e-44a1-835c-e5ece22b4aa8,42.3357643089154,-71.5933516081185,16,931.69
a2fac56d-750e-44a1-835c-e5ece22b4aa8,42.2965396819436,-71.527318300445,61,12132.31
a2fac56d-750e-44a1-835c-e5ece22b4aa8,42.3065148178646,-71.5426565136109,53,9942.53
a2fac56d-750e-44a1-835c-e5ece22b4aa8,42.3053413513506,-71.5345334431251,57,10644.69
9f785c31-f3cc-45df-ad8d-08d9418e3073,42.1413792456019,-71.5198724877758,17,3530.38
a2fac56d-750e-44a1-835c-e5ece22b4aa8,42.2846642008224,-71.5258082166796,63,13457.94
d47c2a5a-3fe8-4a30-830f-690bbe96c7b4,42.2998347759148,-71.3926164145837,5,841.7
5241a39d-5323-49ab-a402-b50a155e8369,42.2758746013567,-71.411843831053,13,1568.77
d1aedfe4-3b3d-448f-844d-ca7fb9a70ab2,42.3253385618531,-71.2579172109316,79,18347
e878f995-434e-4d2c-907f-09935bb474c7,42.2978110490925,-71.4487630992391,16,3682.82
18ff10fa-80ce-4f49-8d61-3c978965f923,42.29151,-71.3564,33,12915.63
f4cb018e-cda2-419a-a98d-ab90e844dcc9,42.276386903309,-71.4105550295446,60,23766.48
695762db-d0d4-4ddc-a7ae-10275473090c,42.3736907466466,-71.56292462724,21,3900.23
09aed2cc-296b-477d-bca2-e055ce0c98b0,42.2933076198881,-71.4672649781266,17,7396.9
0743cc3d-3ccf-45a0-8f97-888a39b21570,42.2854500881106,-71.3477564661358,0,0
3b5f0679-5280-40e8-914b-62acba2092d8,42.3315854270211,-71.585884337776,6,771.52
7eb551b3-dcec-4a29-a093-cdf9d4830090,42.3020234586014,-71.3782920764859,30,5809.52
d828c9b3-ae08-49b6-a382-d9587ab3b310,42.2776368127845,-71.4094486182599,9,5055.87
bd433f74-e551-4a3c-91ae-4a735e4e28eb,42.3014695824069,-71.4005570948456,70,9945.33
695762db-d0d4-4ddc-a7ae-10275473090c,42.4213522625776,-71.5391387962782,81,11027.87
ebb5d4b8-b5de-42e7-8df5-be5d2199a7bd,42.188321929474,-71.5051055851642,22,5657.91
f4cb018e-cda2-419a-a98d-ab90e844dcc9,42.2644162037621,-71.4893583350991,28,15411.45
0743cc3d-3ccf-45a0-8f97-888a39b21570,42.2992044567588,-71.3657862762085,8,2605.37
3b5f0679-5280-40e8-914b-62acba2092d8,42.331007410944,-71.587028299989,7,885.35
30a9a51f-025f-476a-a501-9cda88fadee8,42.2922468061594,-71.4110633081831,112,19928.06
e6097e76-5b3e-4d62-a4a9-945e230f237b,42.2979813693751,-71.4920003111363,75,11170.1
695762db-d0d4-4ddc-a7ae-10275473090c,42.3999898076051,-71.5649671295266,45,7333.5
3b5f0679-5280-40e8-914b-62acba2092d8,42.3317798871863,-71.5832772304581,4,555.58
3b5f0679-5280-40e8-914b-62acba2092d8,42.3284928398426,-71.5896367484115,9,1243.61
1ba4b168-ece7-49bc-9db3-73ad54e3bbf8,42.3366762600348,-71.6255823746671,8,2943.38
7eb551b3-dcec-4a29-a093-cdf9d4830090,42.301478970139,-71.387824647893,47,6688.82
f4cb018e-cda2-419a-a98d-ab90e844dcc9,42.265589670276,-71.4827882637255,30,15979.66
d1aedfe4-3b3d-448f-844d-ca7fb9a70ab2,42.3078733568116,-71.258660182873,67,15457.81
3b5f0679-5280-40e8-914b-62acba2092d8,42.3203416061605,-71.5792726921602,17,3095.27
16c57625-ade0-4ab0-9451-056179830dfc,42.3547744664415,-71.549312415678,9,1388.99
747d8707-5db7-4c6b-b0f3-86a0d2509306,42.29773,-71.43723,10,3379.83
f52e15dd-a155-445b-a257-949f7b6efeba,42.2780351208469,-71.4177902887934,8,1134.8
695762db-d0d4-4ddc-a7ae-10275473090c,42.4002164542804,-71.5633685328584,48,7467.84
3b5f0679-5280-40e8-914b-62acba2092d8,42.3264248565689,-71.5899760478721,10,1475.09
012d6ffc-b612-493c-a374-88234b7fe5f5,42.3459285405832,-71.545919421072,6,970.69
3b5f0679-5280-40e8-914b-62acba2092d8,42.3266206578386,-71.5864610127486,12,1785.41
a19fb124-594e-4ddd-b6da-f8ca9171f8db,42.3537444981184,-71.5548820230294,9,2162.98
747d8707-5db7-4c6b-b0f3-86a0d2509306,42.2972343741199,-71.485910355205,31,8815.02
18ff10fa-80ce-4f49-8d61-3c978965f923,42.3007467270343,-71.3523886413806,20,8519.27
bd433f74-e551-4a3c-91ae-4a735e4e28eb,42.288104134089,-71.4274462418226,87,14883.62
94059766-6fcf-458a-bee2-3d8856a98c17,42.2591242050603,-71.4798378336333,33,11104.22
3b5f0679-5280-40e8-914b-62acba2092d8,42.324776639031,-71.5790916430409,15,2585.48
bd433f74-e551-4a3c-91ae-4a735e4e28eb,42.3038379731082,-71.3997873008124,68,9564.44
13f5cf06-04ba-4086-a80d-8a89787b833a,42.2750404343033,-71.3564763281629,69,14786.49
f4cb018e-cda2-419a-a98d-ab90e844dcc9,42.33189790439,-71.5774045334699,0,0
94059766-6fcf-458a-bee2-3d8856a98c17,42.2612967944918,-71.4820788193988,29,10627.14
e6097e76-5b3e-4d62-a4a9-945e230f237b,42.2960635898151,-71.4872286610144,60,9045.5
b968a9c3-0fd4-4fc8-9c03-c3ab0fe551a0,42.2025108160085,-71.4287739353641,33,12469.44
e6097e76-5b3e-4d62-a4a9-945e230f237b,42.2913294906216,-71.4297931748505,13,2056.37
402fe3ba-d292-4403-bc24-833e5ba04561,42.302554536018,-71.3799724805339,16,8896.04
f4cb018e-cda2-419a-a98d-ab90e844dcc9,42.325429756965,-71.5796817290593,5,1640.1
4cebf1c5-54c8-4e64-82fe-a3337ad3146f,42.2904430204894,-71.3549380812012,72,17131.28
7eb551b3-dcec-4a29-a093-cdf9d4830090,42.2938011463762,-71.3838241329088,11,3640.87
7ae040a5-6c96-48f1-ad52-551743a1a458,42.3175078521674,-71.3639355518779,36,8257.91
50888a2c-e355-4664-b663-e6811b0a7c25,42.3316739399239,-71.5854672542493,24,11698.87
b33a3d09-539e-4afa-a893-a3de7cac00ed,42.2318769831584,-71.4309411603773,26,6942.69
3eae3196-8fdf-4760-8a66-21b48a13f1dc,42.302392262363,-71.3847548594925,64,10295.86
7ae040a5-6c96-48f1-ad52-551743a1a458,42.3010739565536,-71.3879802160251,16,3143.9
bd433f74-e551-4a3c-91ae-4a735e4e28eb,42.2946084913378,-71.408973867236,76,11360.69
08c7abdf-7fce-4d50-958b-b6ff0aa5098c,42.3203416061605,-71.5792726921602,10,2259.37
636e5ba5-1fdd-459c-82bb-59f2aead5ecf,42.3002183318268,-71.2663299600083,44,6757.64
31481715-c247-41ac-940e-c0096e0868ba,42.1520893068367,-71.4872340254327,43,17620.47
ce9a7e51-0841-4de6-8a94-29f3af8be65b,42.3009975135921,-71.3608577168499,20,4708.2
7eb551b3-dcec-4a29-a093-cdf9d4830090,42.3038674774091,-71.377979599117,24,5471.24
7ae040a5-6c96-48f1-ad52-551743a1a458,42.2981905816907,-71.359300694424,52,11047.01
50888a2c-e355-4664-b663-e6811b0a7c25,42.3301343518576,-71.5854310444254,22,11515.78
b3c7beb5-93f5-4431-bd27-4176d97dd626,42.2988825916578,-71.4270372049235,41,9409.24
055c56fc-9140-4b97-835b-abc9145f2aa4,42.159645090082,-71.4988506733686,7,1790.29
1c130b25-ee37-4058-b9cb-a955999e4e80,42.2729281945782,-71.3556958052931,31,7907.07
e1bd887f-92a6-454a-b421-a0377f10ee01,42.2964565334592,-71.3991918503756,16,9066.88
055c56fc-9140-4b97-835b-abc9145f2aa4,42.1475630788543,-71.5117319829304,29,5033.71
ce9a7e51-0841-4de6-8a94-29f3af8be65b,42.3016948879775,-71.377817325462,31,6398.43
08c7abdf-7fce-4d50-958b-b6ff0aa5098c,42.3283292250829,-71.5853277793722,8,1119.72
340851f6-b619-4b18-9fc3-a81e3b6acb63,42.3009009540618,-71.25972636102,41,6198.98
dfc8cf0c-de43-47ea-9ed6-b7d8430eab32,42.3054996016919,-71.5295968371389,9,5463.8
30a9a51f-025f-476a-a501-9cda88fadee8,42.3278048531893,-71.4040600600278,56,10278.34
11cdf0ae-c10d-4cc1-a6d6-e1b9900d1c2e,42.2524159999142,-71.5290885585003,51,11982.54
50888a2c-e355-4664-b663-e6811b0a7c25,42.3235522105427,-71.5784331606885,20,10538.74
2a01e672-f3f1-4e63-b448-bcb1e805c3d3,42.3466956524071,-71.548912766511,1,207.98
7ae040a5-6c96-48f1-ad52-551743a1a458,42.3141926416274,-71.3604312455911,39,8739.38
9ae8aeb0-d10f-4fe2-afd8-f2dcfac6ab6c,42.3538276466028,-71.5328785200643,62,16812.13
08c7abdf-7fce-4d50-958b-b6ff0aa5098c,42.2691060465041,-71.5231944038388,26,12117.55
3eae3196-8fdf-4760-8a66-21b48a13f1dc,42.2993479549496,-71.3767296896416,36,8600.36
6422848d-c373-4a3b-b3be-88feeced52ed,42.2829811145652,-71.3736853822282,5,2402.1
13f5cf06-04ba-4086-a80d-8a89787b833a,42.3018209518087,-71.3875014416874,15,3052.04
50888a2c-e355-4664-b663-e6811b0a7c25,42.288510488779,-71.5258873418502,6,2510.62
0743cc3d-3ccf-45a0-8f97-888a39b21570,42.2906347984454,-71.3550775560783,2,867.6
08c7abdf-7fce-4d50-958b-b6ff0aa5098c,42.2785286473351,-71.5256003454686,24,11033.55
837fca5f-265a-4a4c-9c28-0c273254ae78,42.3458252755299,-71.5524331660529,26,6436.62
2b2c7804-d94b-4a51-8e79-454d4cd759d1,42.2728101773745,-71.416716064019,11,4057.16
11cdf0ae-c10d-4cc1-a6d6-e1b9900d1c2e,42.3465615419484,-71.5506883889847,1,56.99
50888a2c-e355-4664-b663-e6811b0a7c25,42.2703264516787,-71.5226928307231,4,458.93
f52e15dd-a155-445b-a257-949f7b6efeba,42.29773,-71.43723,21,4614.9
e878f995-434e-4d2c-907f-09935bb474c7,42.2899682694655,-71.4288342850706,22,6340.27
13f5cf06-04ba-4086-a80d-8a89787b833a,42.3149490246146,-71.3617696679693,38,8600.96
30a9a51f-025f-476a-a501-9cda88fadee8,42.3261070147817,-71.4051664713124,53,9923.52
e74dc2aa-7c6c-4fcb-94dc-82ccb257cce8,42.2819913793797,-71.3895466261832,14,3689.01
13f5cf06-04ba-4086-a80d-8a89787b833a,42.28378,-71.34729,59,13075.06
50888a2c-e355-4664-b663-e6811b0a7c25,42.2678145627865,-71.522784025835,2,169.77
1c130b25-ee37-4058-b9cb-a955999e4e80,42.2770936654266,-71.3504681796114,40,8972.67
ae46a06e-02d7-4228-8adf-b324f50d6a00,42.2741633519032,-71.4248874142699,7,1722.36
9ae8aeb0-d10f-4fe2-afd8-f2dcfac6ab6c,42.3289340632519,-71.6202528250368,13,4752.53
837fca5f-265a-4a4c-9c28-0c273254ae78,42.3495575695966,-71.5191724311812,47,10374.35
f2a9a652-ae50-4c62-935c-bcba2dfc6b9b,42.1503485530823,-71.5342451056388,8,2645.93
3eae3196-8fdf-4760-8a66-21b48a13f1dc,42.3019295812803,-71.387372695647,67,10527.76
18ff10fa-80ce-4f49-8d61-3c978965f923,42.3017310978014,-71.3431511129827,24,9313.35
9ffea29d-1305-44de-bab8-8ccc2cbd144b,42.2787874805205,-71.4095089679664,4,427.74
08c7abdf-7fce-4d50-958b-b6ff0aa5098c,42.3313547570321,-71.5857904604548,6,780.17
17f0d8d7-d93f-4756-9ea9-9d76fecab7da,42.300134,-71.435702,6,2967.73
ebb5d4b8-b5de-42e7-8df5-be5d2199a7bd,42.2461758402691,-71.5269293801146,40,12461.6
11cdf0ae-c10d-4cc1-a6d6-e1b9900d1c2e,42.3433214332653,-71.543003859699,6,1004.79
50888a2c-e355-4664-b663-e6811b0a7c25,42.3203416061605,-71.5792726921602,19,10175.37
636e5ba5-1fdd-459c-82bb-59f2aead5ecf,42.3105904347056,-71.2631072856848,22,4054.11
340851f6-b619-4b18-9fc3-a81e3b6acb63,42.3197622489788,-71.2643397608006,13,2543.59
695762db-d0d4-4ddc-a7ae-10275473090c,42.460610417164,-71.4583359037838,113,22464.82
bd433f74-e551-4a3c-91ae-4a735e4e28eb,42.2780015932323,-71.4201358807168,96,16647.73
13f5cf06-04ba-4086-a80d-8a89787b833a,42.3131090291207,-71.3603038406553,40,8860.25
08c7abdf-7fce-4d50-958b-b6ff0aa5098c,42.3316739399239,-71.5854672542493,5,735.87
b33a3d09-539e-4afa-a893-a3de7cac00ed,42.2758746013567,-71.411843831053,0,0
f2a9a652-ae50-4c62-935c-bcba2dfc6b9b,42.1559087727015,-71.5314408559466,12,3696.57
1c130b25-ee37-4058-b9cb-a955999e4e80,42.2805322575886,-71.3470792083191,44,9518.03
1291f9da-6233-4191-bfff-82c2787d82f2,42.2971217213346,-71.4891209595872,16,9483.6
3eae3196-8fdf-4760-8a66-21b48a13f1dc,42.3189146708795,-71.3979808329332,101,14281.73
d89454d2-59b8-475d-8724-4381e121ba00,42.3721136076518,-71.5620703436178,21,2382.43
dfc8cf0c-de43-47ea-9ed6-b7d8430eab32,42.3466285971778,-71.5506803423572,1,64.41
dc75feae-3e40-4fb9-98b1-32d25959fe8d,42.3019926131959,-71.3812921274478,28,5440.28
ac1d4bc6-98b7-4fa7-b20d-2deea94683e3,42.4491198330593,-71.4541838439812,15,1713.18
7a6353fd-f5b7-4b08-b02a-4c000e3abf9f,42.2762299940723,-71.4107333964546,6,1444.53
afc65aea-c4e8-4c68-ab68-956699da953a,42.2546140703329,-71.4280738787695,20,3986.94
b9968507-53ab-453c-bd4c-59b515649f1d,42.3478034047963,-71.5147977480172,64,18536.24
ac1d4bc6-98b7-4fa7-b20d-2deea94683e3,42.4362827799489,-71.4666172246109,32,4310.83
ab5deaba-93a4-4680-9cf5-808df07f2607,42.346049239996,-71.55065486137,83,25935.2
340851f6-b619-4b18-9fc3-a81e3b6acb63,42.3288951712188,-71.2510158867249,5,945.7
161f0f86-97f5-4dfd-a54b-3ec09e77872a,42.29299246031,-71.4672234038844,26,10996.68
fd4c1dc1-3c32-4573-be8a-3a9651c6107f,42.2942249354258,-71.48758405373,26,8507.46
9ffea29d-1305-44de-bab8-8ccc2cbd144b,42.2955754277453,-71.3808871138624,13,3924.32
16c57625-ade0-4ab0-9451-056179830dfc,42.3940138455638,-71.5990231394186,74,10666.13
54365a02-9e28-4fe0-a588-fe484d81157e,42.2782939540323,-71.4095371311627,4,359.15
a19fb124-594e-4ddd-b6da-f8ca9171f8db,42.3394335710665,-71.5900551730427,30,7966.83
30a9a51f-025f-476a-a501-9cda88fadee8,42.2900004559756,-71.409357423148,126,21150.74
0eda0ce6-27a8-41c6-af53-39f9365143cb,42.3001633465387,-71.3585617457963,49,11418.54
b8c19c65-25bf-4a3b-a108-e0728086b3d2,42.2988946615991,-71.4455860224716,10,4868.2
9f785c31-f3cc-45df-ad8d-08d9418e3073,42.0886108034021,-71.4406574631129,52,15581.8
bd433f74-e551-4a3c-91ae-4a735e4e28eb,42.3010162890563,-71.3880714111371,43,6346.74
636e5ba5-1fdd-459c-82bb-59f2aead5ecf,42.3012362302086,-71.3597673988204,80,15939.54
018f3677-ec1d-408c-bd2c-782f608a9df4,42.3956003722906,-71.5891365164004,13,1225.42
0eda0ce6-27a8-41c6-af53-39f9365143cb,42.2978097079879,-71.4496884614044,10,1886.38
13f5cf06-04ba-4086-a80d-8a89787b833a,42.3107808715571,-71.3749232217624,35,7085.78
b968a9c3-0fd4-4fc8-9c03-c3ab0fe551a0,42.275535301896,-71.4110485560327,54,22640.21
2260c7a3-179f-47c7-a6e4-41f856c4d622,42.3088040833952,-71.5585123931475,22,6926.19
a9376080-2b82-4edb-9474-164efab669c5,42.2787137197682,-71.4102841264179,2,443.26
b9968507-53ab-453c-bd4c-59b515649f1d,42.343861898414,-71.5629380382858,31,11239.9
636e5ba5-1fdd-459c-82bb-59f2aead5ecf,42.3017538965794,-71.3878192834746,112,18912.68
747d8707-5db7-4c6b-b0f3-86a0d2509306,42.2989778100835,-71.4820855249218,70,13252.17
2260c7a3-179f-47c7-a6e4-41f856c4d622,42.3373307190735,-71.5927507932634,55,12635.71
30a9a51f-025f-476a-a501-9cda88fadee8,42.2936013217927,-71.4277251915768,11,2359.09
7ae040a5-6c96-48f1-ad52-551743a1a458,42.3020462573794,-71.3807758021817,10,2464.31
dfc8cf0c-de43-47ea-9ed6-b7d8430eab32,42.297389942252,-71.4834682037514,31,12822.57
30a9a51f-025f-476a-a501-9cda88fadee8,42.2812001276731,-71.4199829947938,4,664.51
2260c7a3-179f-47c7-a6e4-41f856c4d622,42.3138895519906,-71.5740973695575,32,9021.87
4cebf1c5-54c8-4e64-82fe-a3337ad3146f,42.2816775609063,-71.3941573437546,12,3308.34
ebb5d4b8-b5de-42e7-8df5-be5d2199a7bd,42.2245344355425,-71.5206691039008,33,9991.57
31481715-c247-41ac-940e-c0096e0868ba,42.2761495277971,-71.4169816027273,5,1075.03
16c57625-ade0-4ab0-9451-056179830dfc,42.3472092954641,-71.5457625118352,4,480.08
2260c7a3-179f-47c7-a6e4-41f856c4d622,42.314616430677,-71.5767809198368,34,9258.71
161f0f86-97f5-4dfd-a54b-3ec09e77872a,42.2979089497273,-71.4911835784426,22,8812.75
fd4c1dc1-3c32-4573-be8a-3a9651c6107f,42.305753070459,-71.5260227934136,48,14509.81
30a9a51f-025f-476a-a501-9cda88fadee8,42.3267668382387,-71.4362398646021,29,6512.07
4ce23383-aa10-4737-9d8e-d1bb1d06920c,42.3385243021562,-71.5895750576004,33,8446.32
9f785c31-f3cc-45df-ad8d-08d9418e3073,42.150589951908,-71.5035874547712,10,1727.86
c8d23e47-25a2-4935-8987-25adf1a844b3,42.3074374978207,-71.5551220807506,40,6744.67
30a9a51f-025f-476a-a501-9cda88fadee8,42.3288240926757,-71.4374549053582,32,6869.8
b9968507-53ab-453c-bd4c-59b515649f1d,42.3292639749804,-71.6287178771924,10,3989.85
4cebf1c5-54c8-4e64-82fe-a3337ad3146f,42.2722925110038,-71.4095639532545,3,467.13
30a9a51f-025f-476a-a501-9cda88fadee8,42.29052416,-71.41346032,116,20314.6
e878f995-434e-4d2c-907f-09935bb474c7,42.2941753145561,-71.4646337309261,11,2127.21
ab5deaba-93a4-4680-9cf5-808df07f2607,42.308830905487,-71.5307153183648,51,17988.97
30a9a51f-025f-476a-a501-9cda88fadee8,42.3261901632661,-71.406724834843,52,9795.16
30a9a51f-025f-476a-a501-9cda88fadee8,42.2957041737857,-71.408996666014,111,19508
b135140e-109e-4613-95af-0631d00cbd1e,42.3008821785976,-71.3881156675884,1,158.94
dc75feae-3e40-4fb9-98b1-32d25959fe8d,42.3021763445244,-71.3870307139772,41,5944.86
9ffea29d-1305-44de-bab8-8ccc2cbd144b,42.3023117960877,-71.3866833678891,39,5546.97
ae46a06e-02d7-4228-8adf-b324f50d6a00,42.2056959394035,-71.5451442626205,43,17029.41
055c56fc-9140-4b97-835b-abc9145f2aa4,42.1424574936901,-71.5179962824581,33,5934.95
1ba4b168-ece7-49bc-9db3-73ad54e3bbf8,42.3363651237706,-71.5943265911535,19,7219.74
afc65aea-c4e8-4c68-ab68-956699da953a,42.238960697589,-71.4329058785978,26,5820.42
30a9a51f-025f-476a-a501-9cda88fadee8,42.3288388448262,-71.4374079666977,34,7059.77
54365a02-9e28-4fe0-a588-fe484d81157e,42.2776073084836,-71.4132050522092,5,670.22
57c05cab-d8c5-43f8-8d8f-9ecfcba3dbb3,42.2966952500758,-71.4721050245824,36,9940.46
94059766-6fcf-458a-bee2-3d8856a98c17,42.2596713757319,-71.4520997674525,42,14222.15
02771dac-1a3f-4a82-a387-5d517b4b4a7f,42.2973711667878,-71.4513447255698,17,6483.74
e6097e76-5b3e-4d62-a4a9-945e230f237b,42.2961038229527,-71.4458783832716,27,4143.6
004980e6-9f4c-4b6d-ba69-2c51b2ea17f2,42.1436390068316,-71.5131320961196,38,20319.54
d89454d2-59b8-475d-8724-4381e121ba00,42.3862112990744,-71.5635965206382,7,700.36
94059766-6fcf-458a-bee2-3d8856a98c17,42.2459237126066,-71.4761873469464,22,8172.09
636e5ba5-1fdd-459c-82bb-59f2aead5ecf,42.3193451654521,-71.2647085645621,14,2598.96
3eae3196-8fdf-4760-8a66-21b48a13f1dc,42.3072336499234,-71.4013765097485,79,12206.17
a19fb124-594e-4ddd-b6da-f8ca9171f8db,42.3385243021562,-71.5895750576004,29,7858.37
4bd751f8-b639-4098-a1fc-a01bcb0ba4e9,42.2700247031465,-71.4300949233827,30,7061.19
387741ec-af5f-4a7b-9b82-820060cdce6f,42.2939862188093,-71.4664844552567,23,7226.48
62d689e9-a952-482a-b6c2-5a5fa078d2af,42.2985499977201,-71.4255029812755,45,7398.64
f52e15dd-a155-445b-a257-949f7b6efeba,42.3462825921942,-71.545896622294,56,19501.19
b9968507-53ab-453c-bd4c-59b515649f1d,42.348480662613,-71.5559642944315,45,13998.88
ac1d4bc6-98b7-4fa7-b20d-2deea94683e3,42.4350972434936,-71.4759888634675,38,5129.38
09aed2cc-296b-477d-bca2-e055ce0c98b0,42.2998347759148,-71.3926164145837,5,841.87
f52e15dd-a155-445b-a257-949f7b6efeba,42.2758746013567,-71.411843831053,0,0
636e5ba5-1fdd-459c-82bb-59f2aead5ecf,42.3139002808273,-71.2664667526762,18,3387.28
e6097e76-5b3e-4d62-a4a9-945e230f237b,42.2970305262226,-71.4835526933404,56,8669.83
13f5cf06-04ba-4086-a80d-8a89787b833a,42.3001834631075,-71.3600906050259,51,10816.24
0eda0ce6-27a8-41c6-af53-39f9365143cb,42.2928449388054,-71.4619662739018,7,729.03
636e5ba5-1fdd-459c-82bb-59f2aead5ecf,42.3015393198454,-71.3598626172461,76,15772.92
e6097e76-5b3e-4d62-a4a9-945e230f237b,42.2928368921779,-71.4672354738257,45,6737.86
387741ec-af5f-4a7b-9b82-820060cdce6f,42.2998347759148,-71.3926164145837,8,792.9
1c130b25-ee37-4058-b9cb-a955999e4e80,42.2982334970375,-71.3833306064207,89,22486.24
7eb551b3-dcec-4a29-a093-cdf9d4830090,42.3019537211629,-71.3821383644425,36,6139.61
004980e6-9f4c-4b6d-ba69-2c51b2ea17f2,42.1422067071323,-71.5193333637317,42,20859.81
837fca5f-265a-4a4c-9c28-0c273254ae78,42.3543278786139,-71.5555740329965,18,5156.64
636e5ba5-1fdd-459c-82bb-59f2aead5ecf,42.3010256767884,-71.3880486123591,115,18997.93
fd4c1dc1-3c32-4573-be8a-3a9651c6107f,42.3464730290457,-71.5533370705448,61,20666.1
e6097e76-5b3e-4d62-a4a9-945e230f237b,42.3048840346863,-71.5222958637652,85,13878.6
57c05cab-d8c5-43f8-8d8f-9ecfcba3dbb3,42.2758746013567,-71.411843831053,63,18001.54
012d6ffc-b612-493c-a374-88234b7fe5f5,42.2910773629592,-71.4883565299724,23,10707.31
9ae8aeb0-d10f-4fe2-afd8-f2dcfac6ab6c,42.3366762600348,-71.6255823746671,8,2943.38
17f0d8d7-d93f-4756-9ea9-9d76fecab7da,42.2996953010378,-71.4411684239607,5,2515.82
e6097e76-5b3e-4d62-a4a9-945e230f237b,42.347161015699,-71.5464598862207,104,19627.5
3eae3196-8fdf-4760-8a66-21b48a13f1dc,42.3064759258316,-71.4028007628203,88,12743.82
4cebf1c5-54c8-4e64-82fe-a3337ad3146f,42.2800910341794,-71.3762670085589,125,26859.2
94059766-6fcf-458a-bee2-3d8856a98c17,42.2779023514928,-71.4094499593645,58,18880.79
636e5ba5-1fdd-459c-82bb-59f2aead5ecf,42.295823532094,-71.2966858623437,57,9385.44
17f0d8d7-d93f-4756-9ea9-9d76fecab7da,42.3018571616326,-71.3877414994086,15,7163.89
636e5ba5-1fdd-459c-82bb-59f2aead5ecf,42.3258763447926,-71.2559270117239,7,1472.94
b9968507-53ab-453c-bd4c-59b515649f1d,42.3289850252262,-71.6169993053078,15,5122.62
30a9a51f-025f-476a-a501-9cda88fadee8,42.3288106816298,-71.4359019062461,35,7183.53
e2961827-77cf-4cf6-bafb-7d0da257ec97,42.2941605624056,-71.4644660928527,4,444.38
f9a10342-e44e-4a6b-8ec9-2ce051d39cf6,42.2790999578893,-71.4164934406575,10,1714.33
f2e38f84-2a97-4d6c-9d9a-182cd2927222,42.297204869819,-71.4514949292836,11,1875.15
62d689e9-a952-482a-b6c2-5a5fa078d2af,42.2977560638044,-71.4196597885883,46,7886.93
747d8707-5db7-4c6b-b0f3-86a0d2509306,42.2942973550735,-71.4680133144864,24,7238.11
23be88fa-b8dd-4094-bb1d-0092c0557a1c,42.3067092780298,-71.5153811285127,44,12709.57
09aed2cc-296b-477d-bca2-e055ce0c98b0,42.2939862188093,-71.4664844552567,16,7297.89
ab5deaba-93a4-4680-9cf5-808df07f2607,42.3320481081038,-71.5409103954381,60,20918.73
e878f995-434e-4d2c-907f-09935bb474c7,42.2946782287764,-71.4690084140902,3,1355.43
3eae3196-8fdf-4760-8a66-21b48a13f1dc,42.3192003261566,-71.4002124309666,106,15032.76
23be88fa-b8dd-4094-bb1d-0092c0557a1c,42.3078934733804,-71.472090272432,29,8190.1
f2e38f84-2a97-4d6c-9d9a-182cd2927222,42.3000694692176,-71.437420036639,23,3627.1
f52e15dd-a155-445b-a257-949f7b6efeba,42.2968950746593,-71.4745136484214,37,9435.77
f52e15dd-a155-445b-a257-949f7b6efeba,42.2944328066368,-71.4644151308784,28,7320.68
e878f995-434e-4d2c-907f-09935bb474c7,42.2938199218404,-71.4317672808032,21,5849.04
837fca5f-265a-4a4c-9c28-0c273254ae78,42.343861898414,-71.5629380382858,9,3265.17
4bd751f8-b639-4098-a1fc-a01bcb0ba4e9,42.2759765253053,-71.41099222964,1,70.93
636e5ba5-1fdd-459c-82bb-59f2aead5ecf,42.3074683432262,-71.2558317932982,31,5067.36
bd433f74-e551-4a3c-91ae-4a735e4e28eb,42.2999125599809,-71.3926848109176,55,7278.78
837fca5f-265a-4a4c-9c28-0c273254ae78,42.3512299270171,-71.5365464411108,36,8227.95
f52e15dd-a155-445b-a257-949f7b6efeba,42.3057195428443,-71.5295110064454,48,14523.24
f52e15dd-a155-445b-a257-949f7b6efeba,42.3432342614671,-71.5426082338457,53,19050.03
ebb5d4b8-b5de-42e7-8df5-be5d2199a7bd,42.2708695990366,-71.5228591276919,76,15751.47
4bd751f8-b639-4098-a1fc-a01bcb0ba4e9,42.2695566576455,-71.4320583004986,24,6027.23
f4cb018e-cda2-419a-a98d-ab90e844dcc9,42.275902764553,-71.4281516628356,51,21813.47
f4cb018e-cda2-419a-a98d-ab90e844dcc9,42.2626566745434,-71.480485587149,32,16364.73
320755bd-42ae-4afa-92ee-4790802c99e4,42.2830776740955,-71.3790484594732,18,10357.06
e6097e76-5b3e-4d62-a4a9-945e230f237b,42.3454175797354,-71.5502793520856,122,22778.45
5241a39d-5323-49ab-a402-b50a155e8369,42.2776971624909,-71.4177393268191,4,436.94
f4cb018e-cda2-419a-a98d-ab90e844dcc9,42.27534352394,-71.4369895420664,47,21078.05
f4cb018e-cda2-419a-a98d-ab90e844dcc9,42.2619861222497,-71.4694992583692,34,17330.45
02771dac-1a3f-4a82-a387-5d517b4b4a7f,42.2949236509158,-71.4880534403356,1,428.12
e6097e76-5b3e-4d62-a4a9-945e230f237b,42.3044521990092,-71.5184978555738,83,13545.97
7ae040a5-6c96-48f1-ad52-551743a1a458,42.3014669001977,-71.3863507739515,18,3294.67
695762db-d0d4-4ddc-a7ae-10275473090c,42.436561729703,-71.5161482403367,90,13828.77
13f5cf06-04ba-4086-a80d-8a89787b833a,42.3085050170723,-71.3838187684905,33,6309.6
a2fac56d-750e-44a1-835c-e5ece22b4aa8,42.3383150898406,-71.5886349432847,3,199.9
a2fac56d-750e-44a1-835c-e5ece22b4aa8,42.3247980967044,-71.5792110013492,36,4901.25
4cebf1c5-54c8-4e64-82fe-a3337ad3146f,42.2737958892462,-71.3569644902327,104,23642.19
b33a3d09-539e-4afa-a893-a3de7cac00ed,42.2697578233336,-71.4207326722582,11,2037.31
018f3677-ec1d-408c-bd2c-782f608a9df4,42.3964010117293,-71.5932376142286,9,843.33
f4cb018e-cda2-419a-a98d-ab90e844dcc9,42.268596426761,-71.5184804212141,19,12882.61
a2fac56d-750e-44a1-835c-e5ece22b4aa8,42.3335353930912,-71.5873675994496,21,1486.48
e6097e76-5b3e-4d62-a4a9-945e230f237b,42.3062090460187,-71.523421050514,86,14052.46
54365a02-9e28-4fe0-a588-fe484d81157e,42.2992862641386,-71.4341745635375,14,3944.18
7177c62b-b7d2-4327-943c-669853b0841a,42.2988276063697,-71.3462061492328,2,681.8
4f48eaa9-89c6-49b0-a7ab-ebf904a00c42,42.2939298924166,-71.4663302282292,23,3281.86
a2fac56d-750e-44a1-835c-e5ece22b4aa8,42.3327816923131,-71.586498563677,23,1596.86
018f3677-ec1d-408c-bd2c-782f608a9df4,42.378194175851,-71.5650019982458,35,4946.72
f4cb018e-cda2-419a-a98d-ab90e844dcc9,42.2666223208083,-71.5058968368707,23,13951.42
d47c2a5a-3fe8-4a30-830f-690bbe96c7b4,42.3018893481427,-71.3876140944728,2,278.21
4ce23383-aa10-4737-9d8e-d1bb1d06920c,42.343861898414,-71.5629380382858,22,5285.91
f4cb018e-cda2-419a-a98d-ab90e844dcc9,42.2745334967693,-71.4267166809271,53,22023.65
d1aedfe4-3b3d-448f-844d-ca7fb9a70ab2,42.3084379618429,-71.2570857260874,66,15314.02
f4cb018e-cda2-419a-a98d-ab90e844dcc9,42.2756506368906,-71.4322299618858,49,21470.92
e878f995-434e-4d2c-907f-09935bb474c7,42.29773,-71.43723,19,4884.44
7ae040a5-6c96-48f1-ad52-551743a1a458,42.2804732489868,-71.3475056795779,64,13555.77
7def5309-57de-4b5b-b6c1-7e3793374494,42.2913952047464,-71.3761650846103,7,4171.31
16c57625-ade0-4ab0-9451-056179830dfc,42.3933674331526,-71.5679564516518,52,7296.2
a2fac56d-750e-44a1-835c-e5ece22b4aa8,42.3056203011048,-71.5311699528199,58,10922.84
17f0d8d7-d93f-4756-9ea9-9d76fecab7da,42.3014669001977,-71.3863507739515,16,7286.14
f4cb018e-cda2-419a-a98d-ab90e844dcc9,42.2742572292243,-71.4252776757048,55,22146.1
e6097e76-5b3e-4d62-a4a9-945e230f237b,42.2935610886551,-71.4594919359381,38,5941.29
7eb551b3-dcec-4a29-a093-cdf9d4830090,42.3023453237024,-71.379851781121,32,5944.28
ab5deaba-93a4-4680-9cf5-808df07f2607,42.3026242734566,-71.5101508206219,41,15898.84
a2fac56d-750e-44a1-835c-e5ece22b4aa8,42.3063753429875,-71.5474160937915,52,9551.08
018f3677-ec1d-408c-bd2c-782f608a9df4,42.3945408996666,-71.594871079616,5,584.46
a2fac56d-750e-44a1-835c-e5ece22b4aa8,42.3262290552991,-71.5873689405542,33,4039.99
695762db-d0d4-4ddc-a7ae-10275473090c,42.3667652825573,-71.5598762965129,18,3059.02
ebb5d4b8-b5de-42e7-8df5-be5d2199a7bd,42.186173479925,-71.5054743889257,21,5417.25
0743cc3d-3ccf-45a0-8f97-888a39b21570,42.2758746013567,-71.411843831053,32,14975.58
3b5f0679-5280-40e8-914b-62acba2092d8,42.2703264516787,-71.5226928307231,32,12811.71
57c05cab-d8c5-43f8-8d8f-9ecfcba3dbb3,42.2759577498411,-71.4108822590639,62,17921.94
a2fac56d-750e-44a1-835c-e5ece22b4aa8,42.2815622259118,-71.5257331148227,64,13802.69
e6097e76-5b3e-4d62-a4a9-945e230f237b,42.3459915724988,-71.5529481502144,117,22531.54
18ff10fa-80ce-4f49-8d61-3c978965f923,42.2785313295443,-71.4094338661095,4,416.79
695762db-d0d4-4ddc-a7ae-10275473090c,42.398322814603,-71.565066371266,44,7148.08
16c57625-ade0-4ab0-9451-056179830dfc,42.3913168842385,-71.569678429942,55,7627.64
a2fac56d-750e-44a1-835c-e5ece22b4aa8,42.3058442655709,-71.5406153524289,54,10126.08
1ba4b168-ece7-49bc-9db3-73ad54e3bbf8,42.3295321958978,-71.6305538493725,9,3836.11
3b5f0679-5280-40e8-914b-62acba2092d8,42.3274655537287,-71.5856040469172,13,1902.76
6422848d-c373-4a3b-b3be-88feeced52ed,42.2784025835039,-71.4094043618086,11,5510.87
7eb551b3-dcec-4a29-a093-cdf9d4830090,42.3022541285905,-71.3780828641702,20,5242.38
d1aedfe4-3b3d-448f-844d-ca7fb9a70ab2,42.3024003089905,-71.3855796388137,4,367.29
a2fac56d-750e-44a1-835c-e5ece22b4aa8,42.3054258409396,-71.5356666765014,56,10551.09
16c57625-ade0-4ab0-9451-056179830dfc,42.3779393659794,-71.5649309197027,23,4414.05
f4cb018e-cda2-419a-a98d-ab90e844dcc9,42.2758746013567,-71.411843831053,61,23886.77
747d8707-5db7-4c6b-b0f3-86a0d2509306,42.2931654628018,-71.4712493998557,20,6722.84
695762db-d0d4-4ddc-a7ae-10275473090c,42.4004672408383,-71.562732849284,49,7526.98
3b5f0679-5280-40e8-914b-62acba2092d8,42.3324169118653,-71.577352230391,1,57.83
a19fb124-594e-4ddd-b6da-f8ca9171f8db,42.3544593068635,-71.5555646452644,10,2260.2
3b5f0679-5280-40e8-914b-62acba2092d8,42.3316739399239,-71.5854672542493,5,735.87
747d8707-5db7-4c6b-b0f3-86a0d2509306,42.2970385728501,-71.4835124602027,29,8616.64
522e28ee-243c-4b26-8151-2475fa5a5d2e,42.3494449168113,-71.5059558454726,3,263.46
4bd751f8-b639-4098-a1fc-a01bcb0ba4e9,42.2742961212573,-71.4249182596754,19,5085.4
f4cb018e-cda2-419a-a98d-ab90e844dcc9,42.267292873102,-71.4978166817317,25,14624.88
30a9a51f-025f-476a-a501-9cda88fadee8,42.3258079484587,-71.4147231826021,49,9122.82
3b5f0679-5280-40e8-914b-62acba2092d8,42.326089580422,-71.587519144268,11,1680.34
bd433f74-e551-4a3c-91ae-4a735e4e28eb,42.2797222304179,-71.4188376914762,92,16075.96
16c57625-ade0-4ab0-9451-056179830dfc,42.3907844657173,-71.5657342413506,36,6120.16
f4cb018e-cda2-419a-a98d-ab90e844dcc9,42.2642485656886,-71.4904915684755,27,15316.42
f4cb018e-cda2-419a-a98d-ab90e844dcc9,42.2657304862577,-71.4847516408415,29,15817.45
7eb551b3-dcec-4a29-a093-cdf9d4830090,42.3023721457942,-71.3852832546999,42,6421.82
e6097e76-5b3e-4d62-a4a9-945e230f237b,42.2927215571834,-71.4308888572984,14,2235.37
fb476a4a-c0d7-413f-9c4a-799a1b2d4dd6,42.3115412778581,-71.2640943386611,56,14969.7
a2fac56d-750e-44a1-835c-e5ece22b4aa8,42.3020717383666,-71.527809144724,60,11516.27
f4cb018e-cda2-419a-a98d-ab90e844dcc9,42.2646415093327,-71.4815048266354,31,16128.79
b4ccc300-ae7b-45c9-91ad-79e50bd98bd6,42.3031808318603,-71.3324464161662,6,4168.35
7eb551b3-dcec-4a29-a093-cdf9d4830090,42.2991280137973,-71.3766653166214,14,4484.97
f4cb018e-cda2-419a-a98d-ab90e844dcc9,42.2775281833129,-71.4142135628589,57,23125.82
320755bd-42ae-4afa-92ee-4790802c99e4,42.2841974964259,-71.3762750551864,20,12696.76
3b5f0679-5280-40e8-914b-62acba2092d8,42.3235522105427,-71.5784331606885,16,2731.9
e6097e76-5b3e-4d62-a4a9-945e230f237b,42.302346664807,-71.5060376528524,79,12459.11
7a6353fd-f5b7-4b08-b02a-4c000e3abf9f,42.2770842776945,-71.4175287733989,0,0
3b5f0679-5280-40e8-914b-62acba2092d8,42.2678145627865,-71.522784025835,34,13100.87
02771dac-1a3f-4a82-a387-5d517b4b4a7f,42.2996953010378,-71.4411684239607,19,7359.52
3b5f0679-5280-40e8-914b-62acba2092d8,42.3280180888187,-71.5849495878786,14,1984.37
e6097e76-5b3e-4d62-a4a9-945e230f237b,42.30447551,-71.51614666,82,13352.73
161f0f86-97f5-4dfd-a54b-3ec09e77872a,42.2927215571834,-71.4362264535562,39,15373.37
ebb5d4b8-b5de-42e7-8df5-be5d2199a7bd,42.1845695188385,-71.5051753226027,20,5237.32
9f785c31-f3cc-45df-ad8d-08d9418e3073,42.0861431709613,-71.4738109096176,39,11930.88
f4cb018e-cda2-419a-a98d-ab90e844dcc9,42.2778057919625,-71.4095223790122,59,23587.41
340851f6-b619-4b18-9fc3-a81e3b6acb63,42.2995705783111,-71.3801910805816,85,18312.54
3b5f0679-5280-40e8-914b-62acba2092d8,42.3297789591419,-71.5888052635673,8,1085.21
94059766-6fcf-458a-bee2-3d8856a98c17,42.2730287774222,-71.4273912565345,52,17236.25
e6097e76-5b3e-4d62-a4a9-945e230f237b,42.2965571163033,-71.444395121598,26,4011.69
a2fac56d-750e-44a1-835c-e5ece22b4aa8,42.2913978869556,-71.5265257076338,62,12707.37
13f5cf06-04ba-4086-a80d-8a89787b833a,42.2737958892462,-71.3569644902327,71,14964.37
3b5f0679-5280-40e8-914b-62acba2092d8,42.3185565959547,-71.5801242935732,18,3305.6
161f0f86-97f5-4dfd-a54b-3ec09e77872a,42.3464529124768,-71.545857730261,1,46.67
e6097e76-5b3e-4d62-a4a9-945e230f237b,42.305753070459,-71.5260227934136,88,14277.65
7177c62b-b7d2-4327-943c-669853b0841a,42.3014762879298,-71.3462316302199,11,4084.04
4f48eaa9-89c6-49b0-a7ab-ebf904a00c42,42.2962017235876,-71.4455659059027,32,5335.5
3b5f0679-5280-40e8-914b-62acba2092d8,42.33233644559,-71.5806915808136,3,334.36
f4cb018e-cda2-419a-a98d-ab90e844dcc9,42.330233593597,-71.5857327929576,3,852.67
7ae040a5-6c96-48f1-ad52-551743a1a458,42.3017391444289,-71.3777623401739,8,2194.34
ebb5d4b8-b5de-42e7-8df5-be5d2199a7bd,42.2653509536595,-71.5239856555453,57,14776.53
ab5deaba-93a4-4680-9cf5-808df07f2607,42.298303234476,-71.440735247179,10,3688.43
3b5f0679-5280-40e8-914b-62acba2092d8,42.2669334570726,-71.5232104970938,36,13270.64
d1aedfe4-3b3d-448f-844d-ca7fb9a70ab2,42.3025491715997,-71.3846663465897,3,290.43
f4cb018e-cda2-419a-a98d-ab90e844dcc9,42.2618466473726,-71.4800698447269,33,16461.01
e878f995-434e-4d2c-907f-09935bb474c7,42.2968736169859,-71.4834507693917,1,54.13
695762db-d0d4-4ddc-a7ae-10275473090c,42.3750372156523,-71.5642415919448,22,4084.82
02771dac-1a3f-4a82-a387-5d517b4b4a7f,42.2989724456652,-71.385637306311,27,11956.11
f4cb018e-cda2-419a-a98d-ab90e844dcc9,42.3211811376322,-71.5789240049674,6,2116.29
e6097e76-5b3e-4d62-a4a9-945e230f237b,42.3057289305764,-71.5292602198875,89,14543.72
7eb551b3-dcec-4a29-a093-cdf9d4830090,42.3020234586014,-71.38185405027,35,6114.99
0743cc3d-3ccf-45a0-8f97-888a39b21570,42.2822394837284,-71.3596990024864,24,10398.13
1ba4b168-ece7-49bc-9db3-73ad54e3bbf8,42.3517931909438,-71.5359979293345,59,16279.79
fd4c1dc1-3c32-4573-be8a-3a9651c6107f,42.2936174150477,-71.469366489015,19,6540.8
695762db-d0d4-4ddc-a7ae-10275473090c,42.369460902778,-71.5621856786124,19,3413.52
02771dac-1a3f-4a82-a387-5d517b4b4a7f,42.2982442258742,-71.407660925845,23,10143.92
695762db-d0d4-4ddc-a7ae-10275473090c,42.3762656674543,-71.5646559932623,23,4225.5
012d6ffc-b612-493c-a374-88234b7fe5f5,42.3471945433137,-71.5458268848554,5,829.81
94059766-6fcf-458a-bee2-3d8856a98c17,42.27752147779,-71.4097651189426,59,18930.41
e6097e76-5b3e-4d62-a4a9-945e230f237b,42.3000882446819,-71.5015127659746,77,12002.87
012d6ffc-b612-493c-a374-88234b7fe5f5,42.2947841760387,-71.5057265165881,18,8527.96
695762db-d0d4-4ddc-a7ae-10275473090c,42.4000582039391,-71.5643730201944,46,7382.84
1ba4b168-ece7-49bc-9db3-73ad54e3bbf8,42.3292639749804,-71.6287178771924,10,3989.85
54365a02-9e28-4fe0-a588-fe484d81157e,42.2934041794183,-71.4673226456238,23,6945.89
9ae8aeb0-d10f-4fe2-afd8-f2dcfac6ab6c,42.34129100092,-71.5644642153063,27,10327.22
747d8707-5db7-4c6b-b0f3-86a0d2509306,42.2947908815617,-71.4690017085672,25,7336.13
1ba4b168-ece7-49bc-9db3-73ad54e3bbf8,42.3515947074649,-71.5562016699434,43,13492.56
7eb551b3-dcec-4a29-a093-cdf9d4830090,42.3010243356838,-71.3880419068362,48,6742.4
018f3677-ec1d-408c-bd2c-782f608a9df4,42.3953495857328,-71.5942139383682,8,701.66
d1aedfe4-3b3d-448f-844d-ca7fb9a70ab2,42.299684572201,-71.3879654638747,7,790.17
018f3677-ec1d-408c-bd2c-782f608a9df4,42.347199907732,-71.5456793633508,54,8920.95
bd433f74-e551-4a3c-91ae-4a735e4e28eb,42.3074482266574,-71.4005959868786,63,8573.91
d1aedfe4-3b3d-448f-844d-ca7fb9a70ab2,42.307027119817,-71.2558465454487,64,14919.7
747d8707-5db7-4c6b-b0f3-86a0d2509306,42.2899682694655,-71.4288342850706,7,1871.35
fd4c1dc1-3c32-4573-be8a-3a9651c6107f,42.3042175057064,-71.5206100952989,46,13998.17
d1aedfe4-3b3d-448f-844d-ca7fb9a70ab2,42.3036113264329,-71.3319703240377,36,7125.05
bd433f74-e551-4a3c-91ae-4a735e4e28eb,42.3019604266858,-71.383443259206,32,5847.91
7def5309-57de-4b5b-b6c1-7e3793374494,42.300620663203,-71.3502348274132,19,8682.09
d828c9b3-ae08-49b6-a382-d9587ab3b310,42.2924144442329,-71.4002459585813,7,3236.73
420ecf08-6cea-4604-b918-890ae8b88a60,42.2994552433166,-71.3790752815649,7,929.47
13f5cf06-04ba-4086-a80d-8a89787b833a,42.3023426414932,-71.3791436778989,9,2326.19
7eb551b3-dcec-4a29-a093-cdf9d4830090,42.3023587347483,-71.3862944475588,43,6504.94
16c57625-ade0-4ab0-9451-056179830dfc,42.3929852183452,-71.5669506232113,44,6873.67
340851f6-b619-4b18-9fc3-a81e3b6acb63,42.2966161249051,-71.292953568277,58,9472.43
7eb551b3-dcec-4a29-a093-cdf9d4830090,42.2852019837619,-71.411466980664,86,12843.03
18ff10fa-80ce-4f49-8d61-3c978965f923,42.2993492960542,-71.3789693343025,16,6305.45
fb476a4a-c0d7-413f-9c4a-799a1b2d4dd6,42.307027119817,-71.2558465454487,48,13615.9
d1aedfe4-3b3d-448f-844d-ca7fb9a70ab2,42.3023506881208,-71.3599484479396,18,3769.06
16c57625-ade0-4ab0-9451-056179830dfc,42.3946320947785,-71.566662285725,47,7060.58
0743cc3d-3ccf-45a0-8f97-888a39b21570,42.2990810751367,-71.3461605516768,20,7764.95
7eb551b3-dcec-4a29-a093-cdf9d4830090,42.291503834218,-71.4265517250628,94,14811.69
1ba4b168-ece7-49bc-9db3-73ad54e3bbf8,42.347161015699,-71.5464598862207,54,15114.01
3eae3196-8fdf-4760-8a66-21b48a13f1dc,42.2980832933237,-71.4326108355886,164,25125.34
bd433f74-e551-4a3c-91ae-4a735e4e28eb,42.3077365641437,-71.3972499309331,66,8873.15
1c130b25-ee37-4058-b9cb-a955999e4e80,42.2884407513404,-71.3836390604758,96,24889.32
13f5cf06-04ba-4086-a80d-8a89787b833a,42.3023600758529,-71.3862957886634,13,2928.9
a19fb124-594e-4ddd-b6da-f8ca9171f8db,42.3393638336279,-71.5917154605219,34,8256.2
e6097e76-5b3e-4d62-a4a9-945e230f237b,42.296606737173,-71.4484372108243,29,4443.2
d89454d2-59b8-475d-8724-4381e121ba00,42.2488044052604,-71.5297510641665,90,18572.82
f52e15dd-a155-445b-a257-949f7b6efeba,42.2932888444238,-71.4673360566697,30,7653.75
2a01e672-f3f1-4e63-b448-bcb1e805c3d3,42.3385243021562,-71.5895750576004,33,8400.98
94059766-6fcf-458a-bee2-3d8856a98c17,42.229008360446,-71.5196176779042,12,4022.51
004980e6-9f4c-4b6d-ba69-2c51b2ea17f2,42.1683072846119,-71.4776464687375,29,15957.02
7def5309-57de-4b5b-b6c1-7e3793374494,42.297367143474,-71.3776134775647,9,4849.22
7ae040a5-6c96-48f1-ad52-551743a1a458,42.2729322178919,-71.3566909048969,76,15128.62
08c7abdf-7fce-4d50-958b-b6ff0aa5098c,42.288510488779,-71.5258873418502,23,9924.12
7eb551b3-dcec-4a29-a093-cdf9d4830090,42.301940310117,-71.3833654751399,37,6240.47
9ae8aeb0-d10f-4fe2-afd8-f2dcfac6ab6c,42.350092670327,-71.5581489538043,34,12276.48
b8c19c65-25bf-4a3b-a108-e0728086b3d2,42.2776368127845,-71.4094486182599,1,277.72
bd433f74-e551-4a3c-91ae-4a735e4e28eb,42.2756533190997,-71.4108165449391,1,87.97
50888a2c-e355-4664-b663-e6811b0a7c25,42.3138908930952,-71.5719703776819,15,8999.13
636e5ba5-1fdd-459c-82bb-59f2aead5ecf,42.3023413003887,-71.379276447253,96,18143.79
695762db-d0d4-4ddc-a7ae-10275473090c,42.4232633366146,-71.5373363517127,82,11286.63
8983ebd0-b08f-4e96-a8ca-18da9a533641,42.2574572120581,-71.4269433276024,37,16063.37
b33a3d09-539e-4afa-a893-a3de7cac00ed,42.1779484854906,-71.459904996151,42,14409.24
ce9a7e51-0841-4de6-8a94-29f3af8be65b,42.2907917076821,-71.3482741325065,4,1641.96
ebb5d4b8-b5de-42e7-8df5-be5d2199a7bd,42.1601426398839,-71.5026902558023,11,2119.88
7ae040a5-6c96-48f1-ad52-551743a1a458,42.2737462683765,-71.3567821000089,77,15219.39
b3c7beb5-93f5-4431-bd27-4176d97dd626,42.2979666172246,-71.3477953581688,3,843.71
695762db-d0d4-4ddc-a7ae-10275473090c,42.3919619555451,-71.5643381514751,38,6435.46
57c05cab-d8c5-43f8-8d8f-9ecfcba3dbb3,42.2999621808506,-71.5013746322021,30,7462.68
4bd751f8-b639-4098-a1fc-a01bcb0ba4e9,42.2520351262114,-71.4297904926414,42,10346.2
d89454d2-59b8-475d-8724-4381e121ba00,42.2461758402691,-71.5269293801146,94,18953.56
f2a9a652-ae50-4c62-935c-bcba2dfc6b9b,42.1427672888498,-71.5209024560989,39,9176.76
695762db-d0d4-4ddc-a7ae-10275473090c,42.4371732733949,-71.4529607565976,100,19332.71
ce9a7e51-0841-4de6-8a94-29f3af8be65b,42.2861206404042,-71.3488132565506,11,2620.83
f2a9a652-ae50-4c62-935c-bcba2dfc6b9b,42.1464070467,-71.5196123134859,34,8332.17
b33a3d09-539e-4afa-a893-a3de7cac00ed,42.2755044564906,-71.4206736636563,8,1371.01
ebb5d4b8-b5de-42e7-8df5-be5d2199a7bd,42.2674792866397,-71.5236114873654,67,15323.43
11cdf0ae-c10d-4cc1-a6d6-e1b9900d1c2e,42.2675503651828,-71.5224809361983,35,10145.68
055c56fc-9140-4b97-835b-abc9145f2aa4,42.160535583528,-71.5002709031266,12,2023.76
837fca5f-265a-4a4c-9c28-0c273254ae78,42.3515947074649,-71.5562016699434,21,5517.83
340851f6-b619-4b18-9fc3-a81e3b6acb63,42.3001257956103,-71.3767042086544,76,17201.93
30a9a51f-025f-476a-a501-9cda88fadee8,42.3281910913105,-71.4048808160353,57,10358.27
695762db-d0d4-4ddc-a7ae-10275473090c,42.3907844657173,-71.5657342413506,32,6106.11
dfc8cf0c-de43-47ea-9ed6-b7d8430eab32,42.2936174150477,-71.469366489015,37,14404.96
ae46a06e-02d7-4228-8adf-b324f50d6a00,42.2597746407851,-71.4636359491131,27,5986.34
7ae040a5-6c96-48f1-ad52-551743a1a458,42.2743564709637,-71.356086066728,72,14759.45
695762db-d0d4-4ddc-a7ae-10275473090c,42.3907281393247,-71.5641275980549,29,5852.81
e74dc2aa-7c6c-4fcb-94dc-82ccb257cce8,42.2736644609967,-71.4106623179115,2,289.94
ab5deaba-93a4-4680-9cf5-808df07f2607,42.3057289305764,-71.5292602198875,49,17623.8
2a01e672-f3f1-4e63-b448-bcb1e805c3d3,42.3397460484353,-71.5916001255274,36,8731.75
2b2c7804-d94b-4a51-8e79-454d4cd759d1,42.2758746013567,-71.411843831053,17,4948.77
e6097e76-5b3e-4d62-a4a9-945e230f237b,42.2838702669066,-71.4232016458036,6,1054.17
11cdf0ae-c10d-4cc1-a6d6-e1b9900d1c2e,42.1681785385715,-71.5089505320162,81,21853.73
1291f9da-6233-4191-bfff-82c2787d82f2,42.2933880861633,-71.4599760746942,28,12299.36
f52e15dd-a155-445b-a257-949f7b6efeba,42.305753070459,-71.5260227934136,47,14236.55
004980e6-9f4c-4b6d-ba69-2c51b2ea17f2,42.278373079203,-71.4094848280838,4,395.73
30a9a51f-025f-476a-a501-9cda88fadee8,42.3253171041797,-71.3999589621996,64,11650.25
7eb551b3-dcec-4a29-a093-cdf9d4830090,42.2988021253825,-71.3997215866876,78,10657.38
16c57625-ade0-4ab0-9451-056179830dfc,42.3903740877136,-71.5658361652992,37,6166.52
f367b809-4934-4ba5-b7ef-2e80c636be42,42.2758746013567,-71.411843831053,0,0
4cebf1c5-54c8-4e64-82fe-a3337ad3146f,42.273838804593,-71.3553591880416,110,24139.78
13f5cf06-04ba-4086-a80d-8a89787b833a,42.276923345144,-71.3498432248737,64,14051.12
402fe3ba-d292-4403-bc24-833e5ba04561,42.3014669001977,-71.3863507739515,22,9854.81
1c130b25-ee37-4058-b9cb-a955999e4e80,42.2789135443517,-71.3487824111451,41,9217.83
837fca5f-265a-4a4c-9c28-0c273254ae78,42.351343920907,-71.556378695749,13,4502.91
ebb5d4b8-b5de-42e7-8df5-be5d2199a7bd,42.2456823137809,-71.5264801100779,39,12395.47
bd433f74-e551-4a3c-91ae-4a735e4e28eb,42.300242,-71.400487,71,10081.86
018f3677-ec1d-408c-bd2c-782f608a9df4,42.3947688874464,-71.5823572327111,16,1790.33
30a9a51f-025f-476a-a501-9cda88fadee8,42.288763957546,-71.4093815630306,127,21288.15
055c56fc-9140-4b97-835b-abc9145f2aa4,42.1585225855424,-71.5067645315388,23,3599.01
bd433f74-e551-4a3c-91ae-4a735e4e28eb,42.3077566807125,-71.399350100717,65,8700.55
17f0d8d7-d93f-4756-9ea9-9d76fecab7da,42.2973711667878,-71.4513447255698,3,1640.04
420ecf08-6cea-4604-b918-890ae8b88a60,42.3021817089428,-71.3844906618888,3,305.33
9ae8aeb0-d10f-4fe2-afd8-f2dcfac6ab6c,42.3488628774203,-71.5030738117143,75,19837.34
7def5309-57de-4b5b-b6c1-7e3793374494,42.2994726776762,-71.3791852521411,16,6274.94
11cdf0ae-c10d-4cc1-a6d6-e1b9900d1c2e,42.1601426398839,-71.5026902558023,86,23110.12
1291f9da-6233-4191-bfff-82c2787d82f2,42.29811145652,-71.440036531689,31,14310.94
636e5ba5-1fdd-459c-82bb-59f2aead5ecf,42.2992071389679,-71.2773417697753,49,7716.64
340851f6-b619-4b18-9fc3-a81e3b6acb63,42.3143656441191,-71.2670179466616,17,3318.54
16c57625-ade0-4ab0-9451-056179830dfc,42.3912203247082,-71.5686337094685,53,7541.18
13f5cf06-04ba-4086-a80d-8a89787b833a,42.2819913793797,-71.3895466261832,96,19651.83
57c05cab-d8c5-43f8-8d8f-9ecfcba3dbb3,42.3149235436275,-71.5193279993134,23,4925.28
012d6ffc-b612-493c-a374-88234b7fe5f5,42.2770842776945,-71.4175287733989,51,19845.39
055c56fc-9140-4b97-835b-abc9145f2aa4,42.1602807736564,-71.5029879810207,20,2664.86
402fe3ba-d292-4403-bc24-833e5ba04561,42.2989295303184,-71.3761100993222,30,11301.19
13f5cf06-04ba-4086-a80d-8a89787b833a,42.2819980849027,-71.3759464845626,93,18394.92
94059766-6fcf-458a-bee2-3d8856a98c17,42.2742639347472,-71.4367280266719,49,16382.68
7ae040a5-6c96-48f1-ad52-551743a1a458,42.2928476210146,-71.3574379001521,53,11660.14
837fca5f-265a-4a4c-9c28-0c273254ae78,42.3543707939607,-71.5537514718623,16,4939.46
012d6ffc-b612-493c-a374-88234b7fe5f5,42.3216947806892,-71.5305315870364,10,4044.12
bd433f74-e551-4a3c-91ae-4a735e4e28eb,42.2761012480319,-71.4167965302942,100,17097.55
636e5ba5-1fdd-459c-82bb-59f2aead5ecf,42.325052906576,-71.2606101489431,9,1870.52
d1aedfe4-3b3d-448f-844d-ca7fb9a70ab2,42.3022769273685,-71.386804067302,5,468.85
1c130b25-ee37-4058-b9cb-a955999e4e80,42.2720336778184,-71.3979137777039,106,28480.96
8983ebd0-b08f-4e96-a8ca-18da9a533641,42.1502989322125,-71.4863569430326,1,170.33
b3c7beb5-93f5-4431-bd27-4176d97dd626,42.2979612528063,-71.4138957210717,39,8319.06
4ce23383-aa10-4737-9d8e-d1bb1d06920c,42.3544593068635,-71.5555646452644,14,2848.15
7ae040a5-6c96-48f1-ad52-551743a1a458,42.2904430204894,-71.3549380812012,54,11997.21
ce9a7e51-0841-4de6-8a94-29f3af8be65b,42.2992044567588,-71.3669785181867,23,5346.09
3eae3196-8fdf-4760-8a66-21b48a13f1dc,42.3014669001977,-71.3863507739515,55,10030.37
7ae040a5-6c96-48f1-ad52-551743a1a458,42.2891662889222,-71.3508007735491,56,12395.77
4bd751f8-b639-4098-a1fc-a01bcb0ba4e9,42.2715066237156,-71.427782859074,21,5513.21
bd433f74-e551-4a3c-91ae-4a735e4e28eb,42.2968092439657,-71.4086546843442,75,11114.74
4bd751f8-b639-4098-a1fc-a01bcb0ba4e9,42.2407765532003,-71.4325330515226,46,11628.95
d89454d2-59b8-475d-8724-4381e121ba00,42.3586220955027,-71.5520281524675,28,4218.27
4cebf1c5-54c8-4e64-82fe-a3337ad3146f,42.3024660231153,-71.360720924182,67,15643.31
ce9a7e51-0841-4de6-8a94-29f3af8be65b,42.2986666738192,-71.4466991392791,53,12946.68
747d8707-5db7-4c6b-b0f3-86a0d2509306,42.3004302263516,-71.4841642370322,68,12899.09
23d5cef6-e518-4901-93a5-1d112c5caad9,42.3474801985908,-71.5108093029743,5,740.45
055c56fc-9140-4b97-835b-abc9145f2aa4,42.1595565771792,-71.4999101459926,18,2394.16
fb476a4a-c0d7-413f-9c4a-799a1b2d4dd6,42.2986532627733,-71.2798737752362,30,10443.25
11cdf0ae-c10d-4cc1-a6d6-e1b9900d1c2e,42.2828081120734,-71.5256271675603,19,8127.71
4ce23383-aa10-4737-9d8e-d1bb1d06920c,42.3345157405445,-71.6268832461168,51,13214.95
340851f6-b619-4b18-9fc3-a81e3b6acb63,42.3085331802686,-71.2616240240111,24,4313.39
325a045e-c97d-445a-89dc-9075e4d1d00f,42.2997435808029,-71.3765888736599,7,4526.3
ab5deaba-93a4-4680-9cf5-808df07f2607,42.30447551,-71.51614666,42,16432.81
004980e6-9f4c-4b6d-ba69-2c51b2ea17f2,42.2618801749873,-71.421321417172,13,3128.69
30a9a51f-025f-476a-a501-9cda88fadee8,42.3256993189871,-71.4134826608588,50,9225.45
94059766-6fcf-458a-bee2-3d8856a98c17,42.2313271302776,-71.5168845067551,14,4374.66
2a01e672-f3f1-4e63-b448-bcb1e805c3d3,42.3455154803702,-71.5503276318507,3,477.49
8983ebd0-b08f-4e96-a8ca-18da9a533641,42.2352056047443,-71.4307694989901,28,13041.78
3eae3196-8fdf-4760-8a66-21b48a13f1dc,42.3011289418417,-71.3864862255148,54,9991.2
f52e15dd-a155-445b-a257-949f7b6efeba,42.2978110490925,-71.4487630992391,24,5895.83
2b2c7804-d94b-4a51-8e79-454d4cd759d1,42.2747990354776,-71.4146212586535,13,4337.36
11cdf0ae-c10d-4cc1-a6d6-e1b9900d1c2e,42.2540494653016,-71.5285011546911,49,11793.52
1291f9da-6233-4191-bfff-82c2787d82f2,42.2967931507106,-71.4937598403549,14,9099.83
94059766-6fcf-458a-bee2-3d8856a98c17,42.2598376727007,-71.4633811392415,38,13192.1
4f48eaa9-89c6-49b0-a7ab-ebf904a00c42,42.2984373449348,-71.4405582213734,35,5840.74
13f5cf06-04ba-4086-a80d-8a89787b833a,42.2800910341794,-71.3762670085589,92,18181.38
1c130b25-ee37-4058-b9cb-a955999e4e80,42.2805335986932,-71.3473796157467,42,9431.63
b968a9c3-0fd4-4fc8-9c03-c3ab0fe551a0,42.1570607815421,-71.4861289552527,19,5167.95
13f5cf06-04ba-4086-a80d-8a89787b833a,42.3141926416274,-71.3604312455911,39,8739.38
3eae3196-8fdf-4760-8a66-21b48a13f1dc,42.2824084629064,-71.4148626574792,15,2388.39
474b7e9c-16d3-4964-ba1e-1c40e6d6be04,42.3490613608993,-71.5057278576927,23,4864.09
16c57625-ade0-4ab0-9451-056179830dfc,42.3850727012797,-71.5640350618384,30,5234.41
3eae3196-8fdf-4760-8a66-21b48a13f1dc,42.2770842776945,-71.4175287733989,176,28136.46
f2a9a652-ae50-4c62-935c-bcba2dfc6b9b,42.1618176795135,-71.5254085675126,25,6130.22
402fe3ba-d292-4403-bc24-833e5ba04561,42.3020422340656,-71.3784154581079,15,8755.99
fd4c1dc1-3c32-4573-be8a-3a9651c6107f,42.2917371864162,-71.4874459199575,30,8821.66
340851f6-b619-4b18-9fc3-a81e3b6acb63,42.3015688241463,-71.3777046726766,77,17382.13
1291f9da-6233-4191-bfff-82c2787d82f2,42.3431028332176,-71.5429971541761,5,960.49
11cdf0ae-c10d-4cc1-a6d6-e1b9900d1c2e,42.247908547396,-71.529291065293,54,12494.16
a2fac56d-750e-44a1-835c-e5ece22b4aa8,42.3074374978207,-71.5551220807506,50,8899.3
636e5ba5-1fdd-459c-82bb-59f2aead5ecf,42.3048639181175,-71.2532394381308,37,5458.35
340851f6-b619-4b18-9fc3-a81e3b6acb63,42.3243139579483,-71.2615703798276,10,1984.39
13f5cf06-04ba-4086-a80d-8a89787b833a,42.3091889804118,-71.3799630928018,34,6635.43
3b5f0679-5280-40e8-914b-62acba2092d8,42.3322318394322,-71.5787885534041,2,177.6
f2a9a652-ae50-4c62-935c-bcba2dfc6b9b,42.1550129148372,-71.5230066491966,28,6929.22
ebb5d4b8-b5de-42e7-8df5-be5d2199a7bd,42.2452035394432,-71.5261569038723,38,12336
4f48eaa9-89c6-49b0-a7ab-ebf904a00c42,42.2960287210958,-71.4706646782556,13,2177.08
7177c62b-b7d2-4327-943c-669853b0841a,42.3003162324617,-71.3457246926859,10,3948.57
3b5f0679-5280-40e8-914b-62acba2092d8,42.2670662264267,-71.5222891582423,35,13193.45
1c130b25-ee37-4058-b9cb-a955999e4e80,42.2982120393641,-71.3852121761568,88,22331.58
23be88fa-b8dd-4094-bb1d-0092c0557a1c,42.278457568792,-71.409526402326,4,406.05
02771dac-1a3f-4a82-a387-5d517b4b4a7f,42.3023627580621,-71.3863722316249,45,13761.31
7ae040a5-6c96-48f1-ad52-551743a1a458,42.2904255861298,-71.3524825187017,55,12199.07
1c130b25-ee37-4058-b9cb-a955999e4e80,42.2766041622522,-71.3572930608566,26,7294.05
d89454d2-59b8-475d-8724-4381e121ba00,42.2676965455828,-71.5232198848259,70,16247.46
4bd751f8-b639-4098-a1fc-a01bcb0ba4e9,42.2574572120581,-71.4269433276024,41,9699.79
4cebf1c5-54c8-4e64-82fe-a3337ad3146f,42.301855820528,-71.3596654748717,66,15533.21
bd433f74-e551-4a3c-91ae-4a735e4e28eb,42.3012228191628,-71.3909561271045,53,7027.53
4f48eaa9-89c6-49b0-a7ab-ebf904a00c42,42.2939070936386,-71.4672287683027,22,3207.96
636e5ba5-1fdd-459c-82bb-59f2aead5ecf,42.3061258975343,-71.3133450635281,62,11252
004980e6-9f4c-4b6d-ba69-2c51b2ea17f2,42.150375375174,-71.5041171910833,35,19188.95
7eb551b3-dcec-4a29-a093-cdf9d4830090,42.2930917020495,-71.4091803973425,83,11933.69
31481715-c247-41ac-940e-c0096e0868ba,42.1499958425758,-71.4862147859463,44,17867.79
ce9a7e51-0841-4de6-8a94-29f3af8be65b,42.3021307469684,-71.3802044916275,38,6993.75
522e28ee-243c-4b26-8151-2475fa5a5d2e,42.3474801985908,-71.5108093029743,5,733.38
fb476a4a-c0d7-413f-9c4a-799a1b2d4dd6,42.2963277874188,-71.2993452727404,23,8603.46
402fe3ba-d292-4403-bc24-833e5ba04561,42.3019564033721,-71.3808938193854,17,8996.79
7ae040a5-6c96-48f1-ad52-551743a1a458,42.273838804593,-71.3553591880416,79,15352.42
ce9a7e51-0841-4de6-8a94-29f3af8be65b,42.2936174150477,-71.469366489015,61,15078.88
325a045e-c97d-445a-89dc-9075e4d1d00f,42.3024244488731,-71.3792040276053,10,4904.78
30a9a51f-025f-476a-a501-9cda88fadee8,42.286761688397,-71.4228274776237,9,1498.2
1c130b25-ee37-4058-b9cb-a955999e4e80,42.2729067369048,-71.3567821000089,30,7817.72
4bd751f8-b639-4098-a1fc-a01bcb0ba4e9,42.2758746013567,-71.411843831053,0,0
35347850-d69a-4842-a5f4-bae7275cd779,42.2977560638044,-71.4196597885883,20,8791.69
4ce23383-aa10-4737-9d8e-d1bb1d06920c,42.3455275503115,-71.5486485689073,2,384.92
4cebf1c5-54c8-4e64-82fe-a3337ad3146f,42.2796377408289,-71.3611111856169,117,25374.48
17f0d8d7-d93f-4756-9ea9-9d76fecab7da,42.2977560638044,-71.4196597885883,8,4312.54
b4ccc300-ae7b-45c9-91ad-79e50bd98bd6,42.3006930828508,-71.3773573265885,10,7976.28
f2a9a652-ae50-4c62-935c-bcba2dfc6b9b,42.163880298369,-71.5280666368047,23,5714.31
b44b7738-7ce5-4d95-8081-9b6f1f76665a,42.2938373562001,-71.4586054658059,6,965.09
bd433f74-e551-4a3c-91ae-4a735e4e28eb,42.302967596231,-71.3972029922726,59,7994.41
e1bd887f-92a6-454a-b421-a0377f10ee01,42.3015728474601,-71.3834513058335,11,6399.49
b3c7beb5-93f5-4431-bd27-4176d97dd626,42.2936174150477,-71.469366489015,54,13211.1
02771dac-1a3f-4a82-a387-5d517b4b4a7f,42.2963814316023,-71.470686135929,11,4264.09
31481715-c247-41ac-940e-c0096e0868ba,42.2744972869454,-71.4179203759384,6,1274.19
62d689e9-a952-482a-b6c2-5a5fa078d2af,42.2932875033192,-71.4603073275272,27,3795.23
9f785c31-f3cc-45df-ad8d-08d9418e3073,42.1486802189756,-71.4951438602891,6,996.18
d89454d2-59b8-475d-8724-4381e121ba00,42.3695373457394,-71.5621628798344,22,2668.81
3eae3196-8fdf-4760-8a66-21b48a13f1dc,42.2912570709739,-71.4135443516698,19,3847.61
18ff10fa-80ce-4f49-8d61-3c978965f923,42.2984963535366,-71.3704828244736,18,7010.66
d89454d2-59b8-475d-8724-4381e121ba00,42.2557473037092,-71.5276254133955,85,17776.73
b9968507-53ab-453c-bd4c-59b515649f1d,42.3523121984191,-71.5307019073189,59,17048.36
57c05cab-d8c5-43f8-8d8f-9ecfcba3dbb3,42.2971498845309,-71.4855227759792,35,8836.47
d89454d2-59b8-475d-8724-4381e121ba00,42.3482848613432,-71.5455425706829,32,5494.16
e1bd887f-92a6-454a-b421-a0377f10ee01,42.3011678338747,-71.3490908652002,2,118.7
d89454d2-59b8-475d-8724-4381e121ba00,42.1616098083025,-71.5048065188412,122,29056.61
d89454d2-59b8-475d-8724-4381e121ba00,42.3779299782473,-71.5649832227816,17,1678.23
e1bd887f-92a6-454a-b421-a0377f10ee01,42.300620663203,-71.3502348274132,0,0
94059766-6fcf-458a-bee2-3d8856a98c17,42.2783395515883,-71.4094888513976,57,18832.1
d89454d2-59b8-475d-8724-4381e121ba00,42.3853583565568,-71.5638392605686,9,801.2
94059766-6fcf-458a-bee2-3d8856a98c17,42.2056959394035,-71.5451442626205,0,0
b44b7738-7ce5-4d95-8081-9b6f1f76665a,42.2760972247182,-71.4108205682528,23,7027.86
7eb551b3-dcec-4a29-a093-cdf9d4830090,42.3031687619191,-71.3775826321591,23,5387.02
d21fe9a4-787e-4161-b93d-3ca50d5b7de7,42.2988276063697,-71.3462061492328,2,681.8
18ff10fa-80ce-4f49-8d61-3c978965f923,42.3011356473646,-71.3490895240956,23,8820.83
b3c7beb5-93f5-4431-bd27-4176d97dd626,42.2982361792467,-71.4494282871144,47,11308.25
62d689e9-a952-482a-b6c2-5a5fa078d2af,42.29424371089,-71.4875813715208,4,423.11
1ba4b168-ece7-49bc-9db3-73ad54e3bbf8,42.3404675627033,-71.5606581604873,29,10766.2
94059766-6fcf-458a-bee2-3d8856a98c17,42.2057442191687,-71.5451777902351,1,6.03
f2e38f84-2a97-4d6c-9d9a-182cd2927222,42.2968655703584,-71.443091567939,15,2783.4
004980e6-9f4c-4b6d-ba69-2c51b2ea17f2,42.2185048293176,-71.4262177900206,19,8313.31
6422848d-c373-4a3b-b3be-88feeced52ed,42.2825881709211,-71.3922248120442,8,3986.34
16c57625-ade0-4ab0-9451-056179830dfc,42.3949834641804,-71.5953096208161,79,11011.1
94059766-6fcf-458a-bee2-3d8856a98c17,42.2366043768289,-71.5033406915272,18,5649.43
d89454d2-59b8-475d-8724-4381e121ba00,42.3455557135079,-71.5501573115681,35,6099.28
7eb551b3-dcec-4a29-a093-cdf9d4830090,42.3018906892473,-71.3875416748251,55,7121.21
b968a9c3-0fd4-4fc8-9c03-c3ab0fe551a0,42.1948034879448,-71.4346224924697,30,11471.18
02771dac-1a3f-4a82-a387-5d517b4b4a7f,42.3023573936437,-71.3848152091989,42,13630.42
b4ccc300-ae7b-45c9-91ad-79e50bd98bd6,42.2987417756761,-71.3714524430902,8,7411.85
747d8707-5db7-4c6b-b0f3-86a0d2509306,42.2925686712604,-71.4880507581264,49,10489.3
11cdf0ae-c10d-4cc1-a6d6-e1b9900d1c2e,42.1526002676845,-71.487415074552,94,24752.88
ae46a06e-02d7-4228-8adf-b324f50d6a00,42.2651980677365,-71.4467594889855,19,4205.7
387741ec-af5f-4a7b-9b82-820060cdce6f,42.3020730794712,-71.3863896659845,1,67.43
11cdf0ae-c10d-4cc1-a6d6-e1b9900d1c2e,42.346049239996,-71.55065486137,0,0
dfc8cf0c-de43-47ea-9ed6-b7d8430eab32,42.2787150608727,-71.4179659734944,54,20489.59
b9968507-53ab-453c-bd4c-59b515649f1d,42.3512017638207,-71.5355178138922,54,16134.85
2b823661-7fbc-45bc-aac0-a7fed254ae27,42.2767610714889,-71.416686559718,52,17449.83
13f5cf06-04ba-4086-a80d-8a89787b833a,42.2981905816907,-71.359300694424,52,11047.01
012d6ffc-b612-493c-a374-88234b7fe5f5,42.2935852285376,-71.4625456310836,36,14126.08
ae46a06e-02d7-4228-8adf-b324f50d6a00,42.2778916226561,-71.409419113959,3,324.17
11cdf0ae-c10d-4cc1-a6d6-e1b9900d1c2e,42.1592883562618,-71.496340125581,89,23656.72
ae46a06e-02d7-4228-8adf-b324f50d6a00,42.2721436483946,-71.4296349245092,10,2177.85
e6097e76-5b3e-4d62-a4a9-945e230f237b,42.2954064485673,-71.4554029080512,36,5547.01
d89454d2-59b8-475d-8724-4381e121ba00,42.1499207407189,-71.4883605532861,134,31415.16
0743cc3d-3ccf-45a0-8f97-888a39b21570,42.3019201935482,-71.3781365083537,11,3801.71
9f785c31-f3cc-45df-ad8d-08d9418e3073,42.1267437712397,-71.5177562247369,24,5237.5
bd433f74-e551-4a3c-91ae-4a735e4e28eb,42.3023506881208,-71.386144243845,37,6094.41
f2a9a652-ae50-4c62-935c-bcba2dfc6b9b,42.1518908233577,-71.528192700636,11,3176.05
23d5cef6-e518-4901-93a5-1d112c5caad9,42.3511454374281,-71.5384253286377,16,3657.23
bd433f74-e551-4a3c-91ae-4a735e4e28eb,42.30334444662,-71.3793046104494,22,5190.91
20df4b38-9cbe-4caa-bca0-119944aa8afa,42.2987069069568,-71.3704841655781,11,5454.4
7def5309-57de-4b5b-b6c1-7e3793374494,42.2879753880486,-71.3751297518688,6,3781.89
0743cc3d-3ccf-45a0-8f97-888a39b21570,42.2994834065129,-71.3765687570911,10,3501.84
f52e15dd-a155-445b-a257-949f7b6efeba,42.2935476776092,-71.4593953764078,26,6890.33
ae50df4e-b25b-429a-99d2-e4f28b1a7944,42.2758746013567,-71.411843831053,16,7968.33
20df4b38-9cbe-4caa-bca0-119944aa8afa,42.302639025607,-71.3758499250322,8,4102.97
ce9a7e51-0841-4de6-8a94-29f3af8be65b,42.2903062278215,-71.3524047346356,13,3180.26
d21fe9a4-787e-4161-b93d-3ca50d5b7de7,42.2936174150477,-71.469366489015,40,12255.57
13f5cf06-04ba-4086-a80d-8a89787b833a,42.2884407513404,-71.3836390604758,0,0
004980e6-9f4c-4b6d-ba69-2c51b2ea17f2,42.150950709042,-71.5027345122537,34,19058.33
11cdf0ae-c10d-4cc1-a6d6-e1b9900d1c2e,42.188321929474,-71.5051055851642,75,19572.09
4cebf1c5-54c8-4e64-82fe-a3337ad3146f,42.276923345144,-71.3498432248737,97,22728.94
7ae040a5-6c96-48f1-ad52-551743a1a458,42.2788652645865,-71.3655274430232,89,16961.83
d89454d2-59b8-475d-8724-4381e121ba00,42.2675999860525,-71.5236718370719,66,16077.43
9ae8aeb0-d10f-4fe2-afd8-f2dcfac6ab6c,42.3295321958978,-71.6305538493725,9,3836.11
bd433f74-e551-4a3c-91ae-4a735e4e28eb,42.290337073227,-71.4255673542957,84,14240.69
7ae040a5-6c96-48f1-ad52-551743a1a458,42.2782000767112,-71.3740367516301,92,17669.63
055c56fc-9140-4b97-835b-abc9145f2aa4,42.1496243566051,-71.512370348714,28,4798.7
9f785c31-f3cc-45df-ad8d-08d9418e3073,42.0892250293031,-71.4381294809657,51,15362.45
b44b7738-7ce5-4d95-8081-9b6f1f76665a,42.276685969632,-71.4168206701768,17,6130.76
004980e6-9f4c-4b6d-ba69-2c51b2ea17f2,42.27655464,-71.41777396,7,1106.87
02771dac-1a3f-4a82-a387-5d517b4b4a7f,42.3000252127662,-71.4882774048017,7,2208.52
31481715-c247-41ac-940e-c0096e0868ba,42.1908378416799,-71.4374669752995,28,11225.75
23d5cef6-e518-4901-93a5-1d112c5caad9,42.347161015699,-71.5464598862207,25,5558.63
b3c7beb5-93f5-4431-bd27-4176d97dd626,42.2972397385382,-71.3479804306019,4,925.9
62d689e9-a952-482a-b6c2-5a5fa078d2af,42.3012912154967,-71.3901715809209,52,10527.85
9ffea29d-1305-44de-bab8-8ccc2cbd144b,42.2922441239502,-71.388461672572,10,3194.18
340851f6-b619-4b18-9fc3-a81e3b6acb63,42.3001351833424,-71.2642686822574,43,6587.98
4cebf1c5-54c8-4e64-82fe-a3337ad3146f,42.2975830613126,-71.3778428064491,23,6827.19
ebb5d4b8-b5de-42e7-8df5-be5d2199a7bd,42.3111885673516,-71.5315347332677,83,20311.37
d89454d2-59b8-475d-8724-4381e121ba00,42.3735968693254,-71.5628320910234,20,2206.15
b4ccc300-ae7b-45c9-91ad-79e50bd98bd6,42.3018504561097,-71.3776711450619,11,8107.45
1ba4b168-ece7-49bc-9db3-73ad54e3bbf8,42.3448704090637,-71.6243807449568,6,1901.59
02771dac-1a3f-4a82-a387-5d517b4b4a7f,42.2992674886744,-71.3800073492531,28,12419.99
d89454d2-59b8-475d-8724-4381e121ba00,42.2688793998289,-71.523167581747,61,15886.53
d89454d2-59b8-475d-8724-4381e121ba00,42.3013301075298,-71.5275208072377,54,12248.6
d89454d2-59b8-475d-8724-4381e121ba00,42.2121171481679,-71.5142438718226,105,22918.65
e1bd887f-92a6-454a-b421-a0377f10ee01,42.3019832254638,-71.3781928347464,9,5950.93
b4ccc300-ae7b-45c9-91ad-79e50bd98bd6,42.302639025607,-71.3758499250322,12,8280.89
d89454d2-59b8-475d-8724-4381e121ba00,42.2452035394432,-71.5261569038723,96,19079.16
ae50df4e-b25b-429a-99d2-e4f28b1a7944,42.3009988546967,-71.3489218860222,1,115.8
7ae040a5-6c96-48f1-ad52-551743a1a458,42.2781571613644,-71.3763139472195,93,17856.91
02771dac-1a3f-4a82-a387-5d517b4b4a7f,42.2994243979111,-71.376659952203,32,12737.65
e1bd887f-92a6-454a-b421-a0377f10ee01,42.3031473042457,-71.3319327731092,3,1545.89
b3c7beb5-93f5-4431-bd27-4176d97dd626,42.3020073653464,-71.3782370911978,28,4953.24
b9968507-53ab-453c-bd4c-59b515649f1d,42.3391224348022,-71.5889326685031,24,8243.57
d21fe9a4-787e-4161-b93d-3ca50d5b7de7,42.3002143085131,-71.3606190002334,14,2929.63
387741ec-af5f-4a7b-9b82-820060cdce6f,42.2954118129856,-71.4879796795833,33,9208.63
17f0d8d7-d93f-4756-9ea9-9d76fecab7da,42.2932056959394,-71.4601919925327,2,778.03
f2e38f84-2a97-4d6c-9d9a-182cd2927222,42.2936482604532,-71.4588736867234,10,1151.26
012d6ffc-b612-493c-a374-88234b7fe5f5,42.2968803225088,-71.4831329276045,31,12151.73
7ae040a5-6c96-48f1-ad52-551743a1a458,42.3024660231153,-71.360720924182,49,10509.24
d89454d2-59b8-475d-8724-4381e121ba00,42.2785098718709,-71.5253039613547,57,14791.23
30a9a51f-025f-476a-a501-9cda88fadee8,42.2863298527199,-71.4109265155152,128,21586.96
11cdf0ae-c10d-4cc1-a6d6-e1b9900d1c2e,42.2913361961446,-71.5266893223935,18,7176.06
30a9a51f-025f-476a-a501-9cda88fadee8,42.3085506146282,-71.4353453478423,20,4342.44
18ff10fa-80ce-4f49-8d61-3c978965f923,42.2912020856859,-71.3761637435057,9,4266
747d8707-5db7-4c6b-b0f3-86a0d2509306,42.2936174150477,-71.469366489015,17,6503.17
11cdf0ae-c10d-4cc1-a6d6-e1b9900d1c2e,42.2584509705574,-71.5263996438026,46,11272.78
387741ec-af5f-4a7b-9b82-820060cdce6f,42.2908064598326,-71.4920700485748,41,9963.17
dfc8cf0c-de43-47ea-9ed6-b7d8430eab32,42.2936388727211,-71.4873802058327,20,10095.03
0743cc3d-3ccf-45a0-8f97-888a39b21570,42.2911926979537,-71.3482352404734,22,8714.21
11cdf0ae-c10d-4cc1-a6d6-e1b9900d1c2e,42.1743020221175,-71.5085361306987,80,21172.43
35347850-d69a-4842-a5f4-bae7275cd779,42.2989000260174,-71.393580668782,23,10939.35
340851f6-b619-4b18-9fc3-a81e3b6acb63,42.3014669001977,-71.3863507739515,91,19277.77
afc65aea-c4e8-4c68-ab68-956699da953a,42.2572667752067,-71.4258704439324,17,3528.31
e74dc2aa-7c6c-4fcb-94dc-82ccb257cce8,42.2884407513404,-71.3836390604758,18,5134.07
16c57625-ade0-4ab0-9451-056179830dfc,42.3912377590679,-71.5656752327487,35,6069.56
62d689e9-a952-482a-b6c2-5a5fa078d2af,42.2939647611359,-71.4671965817926,16,2554.31
11cdf0ae-c10d-4cc1-a6d6-e1b9900d1c2e,42.2645060577694,-71.5247688606244,41,10567.32
ae46a06e-02d7-4228-8adf-b324f50d6a00,42.258744672462,-71.453996089339,24,5157.82
012d6ffc-b612-493c-a374-88234b7fe5f5,42.2941753145561,-71.4646337309261,35,13942.35
ae46a06e-02d7-4228-8adf-b324f50d6a00,42.2730193896901,-71.4314708966894,11,2357.46
ac1d4bc6-98b7-4fa7-b20d-2deea94683e3,42.4605326330979,-71.4578262840406,0,0
11cdf0ae-c10d-4cc1-a6d6-e1b9900d1c2e,42.2557473037092,-71.5276254133955,48,11591.57
dfc8cf0c-de43-47ea-9ed6-b7d8430eab32,42.3468726782127,-71.5458376136921,3,463.07
57c05cab-d8c5-43f8-8d8f-9ecfcba3dbb3,42.3345063528124,-71.5415192569208,13,2005.79
320755bd-42ae-4afa-92ee-4790802c99e4,42.3040485265284,-71.3316565055642,7,4256.67
bd433f74-e551-4a3c-91ae-4a735e4e28eb,42.3021964610932,-71.3870132796176,38,6167.86
13f5cf06-04ba-4086-a80d-8a89787b833a,42.2891662889222,-71.3508007735491,56,12395.77
055c56fc-9140-4b97-835b-abc9145f2aa4,42.1565471384851,-71.5081887846106,24,3847.91
13f5cf06-04ba-4086-a80d-8a89787b833a,42.3019389690124,-71.3838911881382,11,2720.63
d89454d2-59b8-475d-8724-4381e121ba00,42.3427072073643,-71.5427034522714,44,7262.53
9ffea29d-1305-44de-bab8-8ccc2cbd144b,42.3015312732179,-71.3776630984344,17,4737.25
4cebf1c5-54c8-4e64-82fe-a3337ad3146f,42.2781665490965,-71.3703084808772,121,26149.86
f52e15dd-a155-445b-a257-949f7b6efeba,42.3455664423446,-71.5458456603197,54,19421.32
ae50df4e-b25b-429a-99d2-e4f28b1a7944,42.2761200234962,-71.4108983523189,15,7885.95
ab5deaba-93a4-4680-9cf5-808df07f2607,42.2950939711984,-71.4880869679503,19,8659.24
20df4b38-9cbe-4caa-bca0-119944aa8afa,42.2854500881106,-71.3477564661358,13,8830.21
ce9a7e51-0841-4de6-8a94-29f3af8be65b,42.2978432356026,-71.4188779246138,47,10596.54
d21fe9a4-787e-4161-b93d-3ca50d5b7de7,42.297435539808,-71.3591893827432,10,2393.59
bd433f74-e551-4a3c-91ae-4a735e4e28eb,42.2987270235257,-71.3771440909591,9,4409.08
11cdf0ae-c10d-4cc1-a6d6-e1b9900d1c2e,42.3213192714047,-71.5300139206656,12,3785.62
3eae3196-8fdf-4760-8a66-21b48a13f1dc,42.3023801924217,-71.3863333395918,57,10134.23
055c56fc-9140-4b97-835b-abc9145f2aa4,42.1408454859761,-71.5154817113567,35,6259.66
35347850-d69a-4842-a5f4-bae7275cd779,42.2953219589783,-71.4919909234041,3,755.79
340851f6-b619-4b18-9fc3-a81e3b6acb63,42.302584040319,-71.2547119709678,40,5746.42
ab5deaba-93a4-4680-9cf5-808df07f2607,42.2939030703248,-71.4878549568567,20,8792.94
004980e6-9f4c-4b6d-ba69-2c51b2ea17f2,42.1744039460662,-71.4682319145341,28,14927.41
11cdf0ae-c10d-4cc1-a6d6-e1b9900d1c2e,42.2488044052604,-71.5297510641665,53,12387.66
16c57625-ade0-4ab0-9451-056179830dfc,42.3571951602218,-71.5512717694802,10,1702.42
018f3677-ec1d-408c-bd2c-782f608a9df4,42.3914912278349,-71.5702001196265,23,2873.21
1c130b25-ee37-4058-b9cb-a955999e4e80,42.2825264801101,-71.3814490366846,18,4384.07
4cebf1c5-54c8-4e64-82fe-a3337ad3146f,42.301094,-71.359134,65,15437.95
a9376080-2b82-4edb-9474-164efab669c5,42.2796270119922,-71.418903405601,9,1439.14
1815f4a1-153a-4a27-99b8-dbb6388b9da5,42.2770842776945,-71.4175287733989,11,1794.45
9ae8aeb0-d10f-4fe2-afd8-f2dcfac6ab6c,42.334569384728,-71.607056355897,17,6152.07
4cebf1c5-54c8-4e64-82fe-a3337ad3146f,42.3175078521674,-71.3639355518779,54,13391.98
2b823661-7fbc-45bc-aac0-a7fed254ae27,42.1499958425758,-71.4862147859463,1,176.97
dc75feae-3e40-4fb9-98b1-32d25959fe8d,42.302246081963,-71.3847454717604,34,5737.13
ac1d4bc6-98b7-4fa7-b20d-2deea94683e3,42.4341075083081,-71.488604634321,47,6315.1
b135140e-109e-4613-95af-0631d00cbd1e,42.3005,-71.43454,10,4451.54
004980e6-9f4c-4b6d-ba69-2c51b2ea17f2,42.2318769831584,-71.4309411603773,17,6707.01
e878f995-434e-4d2c-907f-09935bb474c7,42.2936147328386,-71.4675734321817,8,1866.41
636e5ba5-1fdd-459c-82bb-59f2aead5ecf,42.3024257899777,-71.3600047743323,81,16073.16
b9968507-53ab-453c-bd4c-59b515649f1d,42.3382507168204,-71.6227124108501,7,2649.82
afc65aea-c4e8-4c68-ab68-956699da953a,42.277966724513,-71.4094325250049,2,318.03
35347850-d69a-4842-a5f4-bae7275cd779,42.3012550056729,-71.3903311723668,26,11419.22
16c57625-ade0-4ab0-9451-056179830dfc,42.3950505194098,-71.5952801165152,83,11165.87
16c57625-ade0-4ab0-9451-056179830dfc,42.3679052214566,-71.5611704624397,16,3224.28
30a9a51f-025f-476a-a501-9cda88fadee8,42.2788773345278,-71.4180343698284,144,24166.18
3eae3196-8fdf-4760-8a66-21b48a13f1dc,42.3064772669361,-71.4025191308569,87,12720.68
7ae040a5-6c96-48f1-ad52-551743a1a458,42.3016399026895,-71.3776738272711,7,2181.13
a19fb124-594e-4ddd-b6da-f8ca9171f8db,42.3381380640351,-71.5893551164481,28,7811.8
d1aedfe4-3b3d-448f-844d-ca7fb9a70ab2,42.3000815391589,-71.2764888272577,54,12450.44
ac1d4bc6-98b7-4fa7-b20d-2deea94683e3,42.4325464625684,-71.4838906516964,43,5870.79
1c130b25-ee37-4058-b9cb-a955999e4e80,42.2758746013567,-71.411843831053,0,0
16c57625-ade0-4ab0-9451-056179830dfc,42.3961381552302,-71.5950507876307,85,11294.62
f9a10342-e44e-4a6b-8ec9-2ce051d39cf6,42.2767288849788,-71.4168153057584,4,1033.25
16c57625-ade0-4ab0-9451-056179830dfc,42.3913879627817,-71.5699104410356,57,7649.09
ac1d4bc6-98b7-4fa7-b20d-2deea94683e3,42.432716782851,-71.4847342064818,45,5961.89
afc65aea-c4e8-4c68-ab68-956699da953a,42.2407765532003,-71.4325330515226,24,5592.32
ae46a06e-02d7-4228-8adf-b324f50d6a00,42.2758746013567,-71.411843831053,0,0
d89454d2-59b8-475d-8724-4381e121ba00,42.3232303454417,-71.5312598068273,48,9735.04
fb476a4a-c0d7-413f-9c4a-799a1b2d4dd6,42.2965732095583,-71.2928637142696,26,9331.08
636e5ba5-1fdd-459c-82bb-59f2aead5ecf,42.3016787947225,-71.3877763681278,113,18921.74
54365a02-9e28-4fe0-a588-fe484d81157e,42.3001097023553,-71.437566217039,16,4262.95
1c130b25-ee37-4058-b9cb-a955999e4e80,42.2767101095146,-71.3549166235278,37,8599.02
3eae3196-8fdf-4760-8a66-21b48a13f1dc,42.301917511339,-71.3781002985299,39,8915.95
ab5deaba-93a4-4680-9cf5-808df07f2607,42.3467385677539,-71.5487518339605,65,22901.57
1ba4b168-ece7-49bc-9db3-73ad54e3bbf8,42.3478624133982,-71.5082558398399,72,19299.13
9ae8aeb0-d10f-4fe2-afd8-f2dcfac6ab6c,42.350583514606,-71.4961698052984,78,20641.3
ebb5d4b8-b5de-42e7-8df5-be5d2199a7bd,42.2205781770097,-71.5191710900766,32,9535
d1aedfe4-3b3d-448f-844d-ca7fb9a70ab2,42.3298326033254,-71.2489251046732,83,19243.53
7a6353fd-f5b7-4b08-b02a-4c000e3abf9f,42.2788612412728,-71.4097101336545,4,1124.7
16c57625-ade0-4ab0-9451-056179830dfc,42.3911103541321,-71.5672188441288,42,6664.17
b8c19c65-25bf-4a3b-a108-e0728086b3d2,42.2971217213346,-71.4308928806122,6,3479.59
fb476a4a-c0d7-413f-9c4a-799a1b2d4dd6,42.2975602625346,-71.2867134086319,28,9867.94
18ff10fa-80ce-4f49-8d61-3c978965f923,42.2992916285569,-71.3766881153994,17,6493.05
d89454d2-59b8-475d-8724-4381e121ba00,42.3675940851923,-71.5608472562341,23,2910.25
ab5deaba-93a4-4680-9cf5-808df07f2607,42.3048840346863,-71.5222958637652,45,16958.68
ab5deaba-93a4-4680-9cf5-808df07f2607,42.3042175057064,-71.5206100952989,44,16801.59
f2a9a652-ae50-4c62-935c-bcba2dfc6b9b,42.1498992830455,-71.4867150179574,50,12657.58
fd4c1dc1-3c32-4573-be8a-3a9651c6107f,42.290298181194,-71.4895755940423,32,9058.87
b135140e-109e-4613-95af-0631d00cbd1e,42.2971431790079,-71.4834977080522,22,9240.18
08c7abdf-7fce-4d50-958b-b6ff0aa5098c,42.3324169118653,-71.577352230391,1,57.83
747d8707-5db7-4c6b-b0f3-86a0d2509306,42.2796028721096,-71.4188953589734,4,456.17
e2961827-77cf-4cf6-bafb-7d0da257ec97,42.2934967156349,-71.4672958235321,1,170.73
2b823661-7fbc-45bc-aac0-a7fed254ae27,42.1520893068367,-71.4872340254327,2,424.29
dc75feae-3e40-4fb9-98b1-32d25959fe8d,42.301940310117,-71.3821048368278,30,5508.15
4cebf1c5-54c8-4e64-82fe-a3337ad3146f,42.3019389690124,-71.3838911881382,29,7854.7
50888a2c-e355-4664-b663-e6811b0a7c25,42.3073074106757,-71.5639291145759,11,7318.61
4cebf1c5-54c8-4e64-82fe-a3337ad3146f,42.2744905814225,-71.4029938818809,135,30057.92
b135140e-109e-4613-95af-0631d00cbd1e,42.2938105341083,-71.4672676603358,18,7777.41
08c7abdf-7fce-4d50-958b-b6ff0aa5098c,42.3072001223087,-71.5508640736856,19,6189.86
57c05cab-d8c5-43f8-8d8f-9ecfcba3dbb3,42.3004007220507,-71.4373234771087,42,13109.01
1c130b25-ee37-4058-b9cb-a955999e4e80,42.2890294962543,-71.3848433723952,95,24770.66
3eae3196-8fdf-4760-8a66-21b48a13f1dc,42.3261499301284,-71.4033278169231,128,18064.72
2b823661-7fbc-45bc-aac0-a7fed254ae27,42.2711941463467,-71.419218565179,46,16596.05
08c7abdf-7fce-4d50-958b-b6ff0aa5098c,42.3156960198698,-71.5652205982936,15,4025.39
30a9a51f-025f-476a-a501-9cda88fadee8,42.3288991945326,-71.4344789942788,36,7300.84
5241a39d-5323-49ab-a402-b50a155e8369,42.2787365185461,-71.4097624367334,7,1109.2
b968a9c3-0fd4-4fc8-9c03-c3ab0fe551a0,42.2758142516502,-71.4208882403903,48,21295.84
16c57625-ade0-4ab0-9451-056179830dfc,42.3943732615932,-71.5990432559874,72,10611.15
50888a2c-e355-4664-b663-e6811b0a7c25,42.2670662264267,-71.5222891582423,1,77.19
b135140e-109e-4613-95af-0631d00cbd1e,42.2998057,-71.39492154,6,1031.8
1c130b25-ee37-4058-b9cb-a955999e4e80,42.2744127973564,-71.3560941133555,28,7616.4
636e5ba5-1fdd-459c-82bb-59f2aead5ecf,42.3023091138786,-71.3611554420683,82,16168.61
dc75feae-3e40-4fb9-98b1-32d25959fe8d,42.3020757616804,-71.3806551027688,27,5387.12
1c130b25-ee37-4058-b9cb-a955999e4e80,42.2752375766777,-71.4109385854565,1,102.71
1291f9da-6233-4191-bfff-82c2787d82f2,42.2941753145561,-71.4646337309261,26,11860.55
54365a02-9e28-4fe0-a588-fe484d81157e,42.277989523291,-71.4094834869792,3,325.04
f2e38f84-2a97-4d6c-9d9a-182cd2927222,42.2979867337934,-71.4495865374557,12,2054.46
d1aedfe4-3b3d-448f-844d-ca7fb9a70ab2,42.3007373393021,-71.3525240929439,32,5399.38
16c57625-ade0-4ab0-9451-056179830dfc,42.3921362991414,-71.5709377271496,61,7769.1
055c56fc-9140-4b97-835b-abc9145f2aa4,42.1605235135867,-71.5002869963817,17,2282.32
9f785c31-f3cc-45df-ad8d-08d9418e3073,42.1234352662227,-71.5156869003586,25,5642.77
3eae3196-8fdf-4760-8a66-21b48a13f1dc,42.3162941525158,-71.4376788698244,149,22809.75
a19fb124-594e-4ddd-b6da-f8ca9171f8db,42.3503903955454,-71.5581154261896,15,3651.35
012d6ffc-b612-493c-a374-88234b7fe5f5,42.2803887593978,-71.4193768155204,48,19428.55
4cebf1c5-54c8-4e64-82fe-a3337ad3146f,42.274076180105,-71.3558808777261,109,24089.42
1c130b25-ee37-4058-b9cb-a955999e4e80,42.2987967609642,-71.3595380699359,63,15016.48
4ce23383-aa10-4737-9d8e-d1bb1d06920c,42.3395207428647,-71.5615701116067,24,5886.34
402fe3ba-d292-4403-bc24-833e5ba04561,42.3016586781537,-71.3780694531244,27,10625.76
fb476a4a-c0d7-413f-9c4a-799a1b2d4dd6,42.2995209574414,-71.2684354942104,38,11545.27
d47c2a5a-3fe8-4a30-830f-690bbe96c7b4,42.2942758974001,-71.4644969382582,13,7106.11
f367b809-4934-4ba5-b7ef-2e80c636be42,42.2790503370196,-71.4093158489058,2,435.17
b9968507-53ab-453c-bd4c-59b515649f1d,42.3489996700883,-71.5233553363893,62,17778.44
ac1d4bc6-98b7-4fa7-b20d-2deea94683e3,42.439038749876,-71.4523465306966,21,2852.11
7ae040a5-6c96-48f1-ad52-551743a1a458,42.2854500881106,-71.3477564661358,58,12885.56
636e5ba5-1fdd-459c-82bb-59f2aead5ecf,42.3002558827553,-71.27022452773,46,7077.78
4f48eaa9-89c6-49b0-a7ab-ebf904a00c42,42.2774852679661,-71.4098563140545,56,10116.26
4cebf1c5-54c8-4e64-82fe-a3337ad3146f,42.2780981527625,-71.3721149487564,122,26298.58
1291f9da-6233-4191-bfff-82c2787d82f2,42.2955928621049,-71.4996365606568,13,8598.73
dc75feae-3e40-4fb9-98b1-32d25959fe8d,42.3016895235592,-71.3778776751684,19,5127.77
402fe3ba-d292-4403-bc24-833e5ba04561,42.3010189712655,-71.3457287159996,35,16189.24
1c130b25-ee37-4058-b9cb-a955999e4e80,42.2902284437554,-71.352218321098,59,13760.19
1c130b25-ee37-4058-b9cb-a955999e4e80,42.2771164642046,-71.3521713824374,38,8829.2
1291f9da-6233-4191-bfff-82c2787d82f2,42.2970653949419,-71.4914464349417,15,9292.36
d1aedfe4-3b3d-448f-844d-ca7fb9a70ab2,42.3112234360709,-71.263808683384,70,16065.7
e6eeab87-0cca-49d4-bccc-4c5d879fbcbf,42.2770842776945,-71.4175287733989,14,1775.25
ebb5d4b8-b5de-42e7-8df5-be5d2199a7bd,42.3013301075298,-71.5275208072377,80,19166.56
ac1d4bc6-98b7-4fa7-b20d-2deea94683e3,42.4606935656484,-71.457272407846,1,48.8
1815f4a1-153a-4a27-99b8-dbb6388b9da5,42.277713255746,-71.4093064611737,3,328.4
9f785c31-f3cc-45df-ad8d-08d9418e3073,42.137660362581,-71.5216199470532,19,3975.96
2b823661-7fbc-45bc-aac0-a7fed254ae27,42.2353598317718,-71.4314762611077,31,12196.69
b9968507-53ab-453c-bd4c-59b515649f1d,42.3543707939607,-71.5537514718623,38,12929.52
8983ebd0-b08f-4e96-a8ca-18da9a533641,42.188890557819,-71.4396368825219,17,7429.27
ac1d4bc6-98b7-4fa7-b20d-2deea94683e3,42.426063562993,-71.5345455130664,60,10777.44
23be88fa-b8dd-4094-bb1d-0092c0557a1c,42.3018450916913,-71.5095929211136,41,11904.72
4cebf1c5-54c8-4e64-82fe-a3337ad3146f,42.2836530079635,-71.3474346010348,92,21766.17
31481715-c247-41ac-940e-c0096e0868ba,42.1680725913091,-71.4784632014312,39,15601.5
fb476a4a-c0d7-413f-9c4a-799a1b2d4dd6,42.3053212347818,-71.3128649480858,18,7076.3
055c56fc-9140-4b97-835b-abc9145f2aa4,42.1598945355352,-71.5000040233138,9,1916.43
7ae040a5-6c96-48f1-ad52-551743a1a458,42.3158717045708,-71.363061151687,37,8453.4
18ff10fa-80ce-4f49-8d61-3c978965f923,42.2904658192674,-71.3527064831678,35,13266.8
387741ec-af5f-4a7b-9b82-820060cdce6f,42.2970224795951,-71.4825079728668,28,8647.12
b33a3d09-539e-4afa-a893-a3de7cac00ed,42.2405619764663,-71.4318517703922,23,5949.09
b135140e-109e-4613-95af-0631d00cbd1e,42.294334906002,-71.4681125562258,19,7868.06
dc75feae-3e40-4fb9-98b1-32d25959fe8d,42.3023842157355,-71.3853114178962,38,5799.28
57c05cab-d8c5-43f8-8d8f-9ecfcba3dbb3,42.2883173697184,-71.4275669412355,47,15069.13
d89454d2-59b8-475d-8724-4381e121ba00,42.3898188704144,-71.5640578606163,5,297.45
e2961827-77cf-4cf6-bafb-7d0da257ec97,42.2978097079879,-71.4496884614044,10,1886.38
ab5deaba-93a4-4680-9cf5-808df07f2607,42.3309188980412,-71.5401419425095,59,20778.27
004980e6-9f4c-4b6d-ba69-2c51b2ea17f2,42.1980489610463,-71.431426640238,23,10702.54
636e5ba5-1fdd-459c-82bb-59f2aead5ecf,42.3014829934527,-71.3878233067884,114,18943.84
018f3677-ec1d-408c-bd2c-782f608a9df4,42.3944081303125,-71.5797286677199,17,2009.73
747d8707-5db7-4c6b-b0f3-86a0d2509306,42.2908775383757,-71.4907517427654,47,10195.31
5241a39d-5323-49ab-a402-b50a155e8369,42.2780834006121,-71.4199427616562,2,227.84
9f785c31-f3cc-45df-ad8d-08d9418e3073,42.1343169888447,-71.5209292781907,21,4351.82
13f5cf06-04ba-4086-a80d-8a89787b833a,42.2994431733753,-71.3766331301113,6,1922.48
30a9a51f-025f-476a-a501-9cda88fadee8,42.2770842776945,-71.4175287733989,150,24392.59
dc75feae-3e40-4fb9-98b1-32d25959fe8d,42.2908547395977,-71.3953790900337,8,2587.01
1291f9da-6233-4191-bfff-82c2787d82f2,42.3467975763558,-71.5476655392448,2,312.72
012d6ffc-b612-493c-a374-88234b7fe5f5,42.346049239996,-71.55065486137,0,0
d1aedfe4-3b3d-448f-844d-ca7fb9a70ab2,42.2985432921972,-71.37039699378,10,2269.29
b9968507-53ab-453c-bd4c-59b515649f1d,42.350092670327,-71.5581489538043,34,12291.81
340851f6-b619-4b18-9fc3-a81e3b6acb63,42.3019054413978,-71.3068500940114,62,10914.57
30a9a51f-025f-476a-a501-9cda88fadee8,42.3198749017641,-71.4370686672371,27,5738.76
fb476a4a-c0d7-413f-9c4a-799a1b2d4dd6,42.3018276573317,-71.3066623393692,21,7745.75
d89454d2-59b8-475d-8724-4381e121ba00,42.186173479925,-71.5054743889257,113,25997.91
1815f4a1-153a-4a27-99b8-dbb6388b9da5,42.2788075970893,-71.4096216207517,4,452.73
16c57625-ade0-4ab0-9451-056179830dfc,42.3877106540031,-71.5637775697576,32,5537.66
5bbefffd-60cf-4aab-a384-eb8026cde85f,42.3279832200994,-71.5850568762456,54,12803.38
b135140e-109e-4613-95af-0631d00cbd1e,42.2996953010378,-71.3968838093808,7,1193.54
a19fb124-594e-4ddd-b6da-f8ca9171f8db,42.3487260847525,-71.5615258551554,16,3986.97
fe1b79da-593f-487c-844c-daf273066f25,42.3531530709954,-71.5353327414592,13,4541.05
055c56fc-9140-4b97-835b-abc9145f2aa4,42.1324877221875,-71.5205269468145,42,7681.75
54365a02-9e28-4fe0-a588-fe484d81157e,42.2999527931185,-71.4347834250202,15,4033.57
16c57625-ade0-4ab0-9451-056179830dfc,42.3466795591521,-71.5493928819533,2,175.75
8983ebd0-b08f-4e96-a8ca-18da9a533641,42.1827536632272,-71.4452494052201,12,5775.09
16c57625-ade0-4ab0-9451-056179830dfc,42.3974028168561,-71.5999297261196,69,10250.38
5bbefffd-60cf-4aab-a384-eb8026cde85f,42.3074066524152,-71.5554895434075,21,6633.24
387741ec-af5f-4a7b-9b82-820060cdce6f,42.2895002239645,-71.4908228213086,43,10155.44
636e5ba5-1fdd-459c-82bb-59f2aead5ecf,42.301878619306,-71.3611554420683,83,16216.45
b968a9c3-0fd4-4fc8-9c03-c3ab0fe551a0,42.2758746013567,-71.411843831053,55,22715.69
ab5deaba-93a4-4680-9cf5-808df07f2607,42.2781169282268,-71.4199990880489,2,239.22
13f5cf06-04ba-4086-a80d-8a89787b833a,42.3024794341611,-71.3848353257677,21,3575.97
dfc8cf0c-de43-47ea-9ed6-b7d8430eab32,42.3104174322139,-71.53146231362,8,4896.24
636e5ba5-1fdd-459c-82bb-59f2aead5ecf,42.3002532005461,-71.2681914131756,45,6910.68
747d8707-5db7-4c6b-b0f3-86a0d2509306,42.293720680101,-71.4672824124862,22,7129.83
57c05cab-d8c5-43f8-8d8f-9ecfcba3dbb3,42.3326864738874,-71.5411839807739,14,2209.88
13f5cf06-04ba-4086-a80d-8a89787b833a,42.2995893537753,-71.3879694871884,24,4087.89
e6097e76-5b3e-4d62-a4a9-945e230f237b,42.2863499692887,-71.4250523701341,7,1368.93
e2961827-77cf-4cf6-bafb-7d0da257ec97,42.2967328010042,-71.3982088207131,16,6389.03
ac1d4bc6-98b7-4fa7-b20d-2deea94683e3,42.3985481201737,-71.5650100448734,81,15287.4
13f5cf06-04ba-4086-a80d-8a89787b833a,42.2758746013567,-71.411843831053,107,22354.01
d47c2a5a-3fe8-4a30-830f-690bbe96c7b4,42.2931319351871,-71.4604977643786,12,6753.67
e2961827-77cf-4cf6-bafb-7d0da257ec97,42.3001633465387,-71.3585617457963,25,9882.76
dc75feae-3e40-4fb9-98b1-32d25959fe8d,42.3014669001977,-71.3863507739515,45,6244.52
fd4c1dc1-3c32-4573-be8a-3a9651c6107f,42.2940640028753,-71.4320153851518,11,2446.75
e6097e76-5b3e-4d62-a4a9-945e230f237b,42.3292827504446,-71.5386586808359,98,17479.33
afc65aea-c4e8-4c68-ab68-956699da953a,42.2567209456397,-71.426362629316,19,3713.78
ac1d4bc6-98b7-4fa7-b20d-2deea94683e3,42.4328026135446,-71.480355500004,40,5571.14
e6097e76-5b3e-4d62-a4a9-945e230f237b,42.2928047056678,-71.4362452290204,18,2762.15
3095b873-eb06-438b-a330-1338c12a12ae,42.2764083609824,-71.4102237767114,1,145.81
a19fb124-594e-4ddd-b6da-f8ca9171f8db,42.337868502013,-71.59206280661,36,8472.03
13f5cf06-04ba-4086-a80d-8a89787b833a,42.2766363487623,-71.3564991269409,68,14609.14
d47c2a5a-3fe8-4a30-830f-690bbe96c7b4,42.2996953010378,-71.3968838093808,7,1192.92
e6097e76-5b3e-4d62-a4a9-945e230f237b,42.2936321671982,-71.4682171623836,48,7093.09
ab5deaba-93a4-4680-9cf5-808df07f2607,42.3464730290457,-71.5533370705448,69,23515.57
2a01e672-f3f1-4e63-b448-bcb1e805c3d3,42.3457448092547,-71.5595732068761,8,1469.84
5bbefffd-60cf-4aab-a384-eb8026cde85f,42.3150348553082,-71.5638392605686,27,8128.27
2b823661-7fbc-45bc-aac0-a7fed254ae27,42.1832096387869,-71.4446150627503,15,5784.94
e6097e76-5b3e-4d62-a4a9-945e230f237b,42.298179852854,-71.4963763354049,76,11530.44
012d6ffc-b612-493c-a374-88234b7fe5f5,42.2946782287764,-71.4690084140902,33,13426.93
ac1d4bc6-98b7-4fa7-b20d-2deea94683e3,42.4365214965654,-71.5049674513917,50,7685.67
e6097e76-5b3e-4d62-a4a9-945e230f237b,42.3057678226094,-71.5246387734794,87,14163.9
ac1d4bc6-98b7-4fa7-b20d-2deea94683e3,42.435700740558,-71.5196874153428,53,8912.76
d8ddafe1-b85e-493c-a030-1401b0ea9545,42.3380696677011,-71.5919139440008,10,572.18
0eda0ce6-27a8-41c6-af53-39f9365143cb,42.2976568220649,-71.4187022399129,13,4495.89
e6097e76-5b3e-4d62-a4a9-945e230f237b,42.2978110490925,-71.4487630992391,31,4631.11
d47c2a5a-3fe8-4a30-830f-690bbe96c7b4,42.3011396706784,-71.3925654526094,4,696.64
ac1d4bc6-98b7-4fa7-b20d-2deea94683e3,42.4373918734426,-71.4524618656911,24,3037
2b823661-7fbc-45bc-aac0-a7fed254ae27,42.1713650030711,-71.4728694541972,7,3031.55
3eae3196-8fdf-4760-8a66-21b48a13f1dc,42.3251789704072,-71.4366462192921,146,21815.29
5bbefffd-60cf-4aab-a384-eb8026cde85f,42.331699420911,-71.5853599658823,62,13258.46
b968a9c3-0fd4-4fc8-9c03-c3ab0fe551a0,42.1422067071323,-71.5193333637317,0,0
4ce23383-aa10-4737-9d8e-d1bb1d06920c,42.3403669798593,-71.5905366295896,35,8665.78
747d8707-5db7-4c6b-b0f3-86a0d2509306,42.2776783870267,-71.4195216548158,1,176.65
d8ddafe1-b85e-493c-a030-1401b0ea9545,42.3238767578528,-71.578379516505,33,3663.46
94059766-6fcf-458a-bee2-3d8856a98c17,42.259004846752,-71.4798150348553,27,10292.39
e878f995-434e-4d2c-907f-09935bb474c7,42.2939620789267,-71.4672515670807,5,1525.07
420ecf08-6cea-4604-b918-890ae8b88a60,42.2788585590636,-71.4094714170379,16,4894.19
ebb5d4b8-b5de-42e7-8df5-be5d2199a7bd,42.2524159999142,-71.5290885585003,46,13247.46
57c05cab-d8c5-43f8-8d8f-9ecfcba3dbb3,42.3023117960877,-71.505609840489,29,7027.57
e6097e76-5b3e-4d62-a4a9-945e230f237b,42.296866911463,-71.4727125449605,55,7778.67
ac1d4bc6-98b7-4fa7-b20d-2deea94683e3,42.411275202708,-71.5414977992474,65,12579.16
94059766-6fcf-458a-bee2-3d8856a98c17,42.274927781518,-71.4226786150145,54,17680.71
7ae040a5-6c96-48f1-ad52-551743a1a458,42.2796377408289,-71.3611111856169,86,16587.12
012d6ffc-b612-493c-a374-88234b7fe5f5,42.2824245561614,-71.4213120294399,47,19151.99
4ce23383-aa10-4737-9d8e-d1bb1d06920c,42.3390446507361,-71.5886362843893,31,8282.98
e2961827-77cf-4cf6-bafb-7d0da257ec97,42.298218744887,-71.4231882347577,12,4121.93
ae46a06e-02d7-4228-8adf-b324f50d6a00,42.27655464,-71.41777396,6,1079.96
ebb5d4b8-b5de-42e7-8df5-be5d2199a7bd,42.269948260185,-71.5229516639084,75,15648.81
5bbefffd-60cf-4aab-a384-eb8026cde85f,42.3156222591175,-71.5658039787891,28,8302.4
23be88fa-b8dd-4094-bb1d-0092c0557a1c,42.3323511977405,-71.5410659635702,55,16377.95
9ffea29d-1305-44de-bab8-8ccc2cbd144b,42.2871050111714,-71.4039648416021,5,1458.26
747d8707-5db7-4c6b-b0f3-86a0d2509306,42.2937287267285,-71.4712695164245,19,6660.23
9ffea29d-1305-44de-bab8-8ccc2cbd144b,42.3016895235592,-71.3778776751684,18,4762.15
d8ddafe1-b85e-493c-a030-1401b0ea9545,42.3375600479579,-71.5925469453661,11,649.06
30a9a51f-025f-476a-a501-9cda88fadee8,42.3034986736476,-71.3936705227894,80,15177.4
5bbefffd-60cf-4aab-a384-eb8026cde85f,42.3317128319569,-71.5843675484876,63,13340
e6097e76-5b3e-4d62-a4a9-945e230f237b,42.2873423866834,-71.4258275285856,8,1496.29
4ce23383-aa10-4737-9d8e-d1bb1d06920c,42.3501302212554,-71.5581006740392,10,2232.44
bd433f74-e551-4a3c-91ae-4a735e4e28eb,42.2864505521328,-71.4108983523189,79,12293.03
837fca5f-265a-4a4c-9c28-0c273254ae78,42.34129100092,-71.5644642153063,5,2352.49
d8ddafe1-b85e-493c-a030-1401b0ea9545,42.3171149085232,-71.5805708814008,35,4436.87
5bbefffd-60cf-4aab-a384-eb8026cde85f,42.331852306834,-71.5831390966856,65,13443.53
1ba4b168-ece7-49bc-9db3-73ad54e3bbf8,42.350583514606,-71.4961698052984,79,20641.85
d8ddafe1-b85e-493c-a030-1401b0ea9545,42.270692573231,-71.5227867080442,62,13675.54
ebb5d4b8-b5de-42e7-8df5-be5d2199a7bd,42.1805274296121,-71.5066250566617,19,4772.57
13f5cf06-04ba-4086-a80d-8a89787b833a,42.2993157684395,-71.3875684969168,25,4132.73
018f3677-ec1d-408c-bd2c-782f608a9df4,42.3904679650347,-71.5649134853431,30,3459.93
16c57625-ade0-4ab0-9451-056179830dfc,42.3512446791675,-71.5466369120262,7,938.3
94059766-6fcf-458a-bee2-3d8856a98c17,42.2743779286371,-71.4247103884644,53,17502.83
16c57625-ade0-4ab0-9451-056179830dfc,42.3932386871122,-71.5667749385104,45,6905.31
4f48eaa9-89c6-49b0-a7ab-ebf904a00c42,42.2935074444716,-71.432677890818,41,6999.24
1ba4b168-ece7-49bc-9db3-73ad54e3bbf8,42.3543278786139,-71.5555740329965,40,13131.37
4bd751f8-b639-4098-a1fc-a01bcb0ba4e9,42.2688954930839,-71.4254023984314,33,7557.99
ebb5d4b8-b5de-42e7-8df5-be5d2199a7bd,42.269103364295,-71.523144782969,74,15553.59
d1aedfe4-3b3d-448f-844d-ca7fb9a70ab2,42.3021186770272,-71.3847334018191,2,242.28
b33a3d09-539e-4afa-a893-a3de7cac00ed,42.1909853631845,-71.4379122220226,35,11875.97
1c130b25-ee37-4058-b9cb-a955999e4e80,42.2829878200881,-71.3807959187505,98,25551.09
16c57625-ade0-4ab0-9451-056179830dfc,42.394799732852,-71.5672885815673,49,7121.25
e878f995-434e-4d2c-907f-09935bb474c7,42.2939151402661,-71.4672716836495,9,1908
695762db-d0d4-4ddc-a7ae-10275473090c,42.4005705058915,-71.5625249780729,50,7547.54
94059766-6fcf-458a-bee2-3d8856a98c17,42.2612793601322,-71.4821029592814,31,10784.25
18ff10fa-80ce-4f49-8d61-3c978965f923,42.2824004162789,-71.3753590807533,7,3268.04
a19fb124-594e-4ddd-b6da-f8ca9171f8db,42.3502992004335,-71.6238201632392,52,14544.2
7def5309-57de-4b5b-b6c1-7e3793374494,42.2827182580661,-71.3758190796267,5,3194.98
d89454d2-59b8-475d-8724-4381e121ba00,42.3094183092963,-71.530610712207,52,11314.65
0743cc3d-3ccf-45a0-8f97-888a39b21570,42.282708870334,-71.3760081753736,26,11780.65
4ce23383-aa10-4737-9d8e-d1bb1d06920c,42.3397460484353,-71.5916001255274,36,8777.09
dfc8cf0c-de43-47ea-9ed6-b7d8430eab32,42.2977694748503,-71.4923127885051,23,10851.9
695762db-d0d4-4ddc-a7ae-10275473090c,42.3724287672298,-71.5620703436178,20,3743.44
7eb551b3-dcec-4a29-a093-cdf9d4830090,42.3024284721868,-71.3848581245457,41,6386.32
fd4c1dc1-3c32-4573-be8a-3a9651c6107f,42.346049239996,-71.55065486137,71,23153.22
018f3677-ec1d-408c-bd2c-782f608a9df4,42.3690760057614,-71.5619952417609,42,6020.36
4bd751f8-b639-4098-a1fc-a01bcb0ba4e9,42.2654917696412,-71.4310189444434,28,6538.81
e6097e76-5b3e-4d62-a4a9-945e230f237b,42.3455905822271,-71.552380862974,119,22602.47
695762db-d0d4-4ddc-a7ae-10275473090c,42.3783282863097,-71.5650033393504,24,4456.46
1ba4b168-ece7-49bc-9db3-73ad54e3bbf8,42.330870618276,-71.6127868957989,16,5527.15
004980e6-9f4c-4b6d-ba69-2c51b2ea17f2,42.2731119259066,-71.4216084135537,10,1668.63
d828c9b3-ae08-49b6-a382-d9587ab3b310,42.2758746013567,-71.411843831053,10,5333.59
018f3677-ec1d-408c-bd2c-782f608a9df4,42.3957626459457,-71.5953485128491,3,437.87
e878f995-434e-4d2c-907f-09935bb474c7,42.2933880861633,-71.4599760746942,15,2638.33
695762db-d0d4-4ddc-a7ae-10275473090c,42.4371759556041,-71.5127740211948,91,14113.78
4cebf1c5-54c8-4e64-82fe-a3337ad3146f,42.2736644609967,-71.4106623179115,2,289.94
d1aedfe4-3b3d-448f-844d-ca7fb9a70ab2,42.3053212347818,-71.3128649480858,38,8706.95
0743cc3d-3ccf-45a0-8f97-888a39b21570,42.2777213023735,-71.4095451777902,30,14663.35
d1aedfe4-3b3d-448f-844d-ca7fb9a70ab2,42.2986532627733,-71.2798737752362,50,12073.9
695762db-d0d4-4ddc-a7ae-10275473090c,42.4324029643776,-71.4843466272561,94,16519.48
d1aedfe4-3b3d-448f-844d-ca7fb9a70ab2,42.3014669001977,-71.3863507739515,0,0
7ae040a5-6c96-48f1-ad52-551743a1a458,42.2771915660615,-71.3517650277474,68,14104.92
35347850-d69a-4842-a5f4-bae7275cd779,42.3008862019113,-71.492394595885,6,1856.87
747d8707-5db7-4c6b-b0f3-86a0d2509306,42.29409753049,-71.4672529081853,23,7171.78
17f0d8d7-d93f-4756-9ea9-9d76fecab7da,42.2985499977201,-71.4255029812755,7,3824.25
004980e6-9f4c-4b6d-ba69-2c51b2ea17f2,42.2759175167035,-71.4108219093574,1,84.16
018f3677-ec1d-408c-bd2c-782f608a9df4,42.3737819417585,-71.5630104579336,38,5478.75
bd433f74-e551-4a3c-91ae-4a735e4e28eb,42.2873437277879,-71.4256612316168,88,15052.94
4ce23383-aa10-4737-9d8e-d1bb1d06920c,42.3519554645989,-71.6172769139574,58,15775.74
54365a02-9e28-4fe0-a588-fe484d81157e,42.2862896195823,-71.4225431634511,10,2188.54
13f5cf06-04ba-4086-a80d-8a89787b833a,42.3015956462381,-71.3777382002913,31,5358.94
16c57625-ade0-4ab0-9451-056179830dfc,42.351987651109,-71.547024491252,8,1026.78
30a9a51f-025f-476a-a501-9cda88fadee8,42.3307727176412,-71.4271310822446,43,7950.46
7eb551b3-dcec-4a29-a093-cdf9d4830090,42.3022125543483,-71.3870213262451,44,6566.85
bd433f74-e551-4a3c-91ae-4a735e4e28eb,42.3031124355264,-71.4016903282219,69,9740.39
fb476a4a-c0d7-413f-9c4a-799a1b2d4dd6,42.3001687109571,-71.2697430711831,41,11701.8
fd4c1dc1-3c32-4573-be8a-3a9651c6107f,42.3440724518342,-71.5632974543153,66,21810.65
0743cc3d-3ccf-45a0-8f97-888a39b21570,42.302639025607,-71.3758499250322,12,4005.9
0743cc3d-3ccf-45a0-8f97-888a39b21570,42.2759295866447,-71.4107561952326,31,14885.95
7eb551b3-dcec-4a29-a093-cdf9d4830090,42.2999125599809,-71.3926848109176,61,7682.38
f9a10342-e44e-4a6b-8ec9-2ce051d39cf6,42.3001003146231,-71.4341410359228,14,4478.86
1c130b25-ee37-4058-b9cb-a955999e4e80,42.286106,-71.337616,55,12200.22
5241a39d-5323-49ab-a402-b50a155e8369,42.278688238781,-71.4094660526196,8,1134.15
bd433f74-e551-4a3c-91ae-4a735e4e28eb,42.3020301641244,-71.3815536428424,30,5692.13
1ba4b168-ece7-49bc-9db3-73ad54e3bbf8,42.3536103876597,-71.6152290472525,3,393.08
3eae3196-8fdf-4760-8a66-21b48a13f1dc,42.3277431623783,-71.4009030998291,119,16762.09
13f5cf06-04ba-4086-a80d-8a89787b833a,42.301094,-71.359134,47,10303.88
d1aedfe4-3b3d-448f-844d-ca7fb9a70ab2,42.301094,-71.359134,21,3963.92
e6097e76-5b3e-4d62-a4a9-945e230f237b,42.2964055714849,-71.4836331596156,69,10383.27
ebb5d4b8-b5de-42e7-8df5-be5d2199a7bd,42.1773047552886,-71.5081673269372,18,4392.61
13f5cf06-04ba-4086-a80d-8a89787b833a,42.3020462573794,-71.3807758021817,10,2464.31
b4ccc300-ae7b-45c9-91ad-79e50bd98bd6,42.2854500881106,-71.3477564661358,20,13594.41
16c57625-ade0-4ab0-9451-056179830dfc,42.3788271772162,-71.564881298833,25,4536.04
ab5deaba-93a4-4680-9cf5-808df07f2607,42.2818693388623,-71.4206012440086,5,758.84
a19fb124-594e-4ddd-b6da-f8ca9171f8db,42.3291204767895,-71.6233239545419,43,11332.81
9f785c31-f3cc-45df-ad8d-08d9418e3073,42.1490892558747,-71.4985717236144,7,1282.22
4f48eaa9-89c6-49b0-a7ab-ebf904a00c42,42.2777427600469,-71.4152113446719,51,9490.01
ab5deaba-93a4-4680-9cf5-808df07f2607,42.296054202083,-71.4922081823473,28,10656.77
ebb5d4b8-b5de-42e7-8df5-be5d2199a7bd,42.2688793998289,-71.523167581747,73,15528.63
d1aedfe4-3b3d-448f-844d-ca7fb9a70ab2,42.3042255523339,-71.3265723780735,37,7573.89
747d8707-5db7-4c6b-b0f3-86a0d2509306,42.2958087799435,-71.4874123923428,35,9031.76
16c57625-ade0-4ab0-9451-056179830dfc,42.375031851234,-71.5642630496182,21,4085.86
695762db-d0d4-4ddc-a7ae-10275473090c,42.4011149943539,-71.5618906356031,51,7627.35
e878f995-434e-4d2c-907f-09935bb474c7,42.2943000372827,-71.4685524385305,4,1411.74
17f0d8d7-d93f-4756-9ea9-9d76fecab7da,42.2986277817862,-71.3968435762431,10,6190.32
d89454d2-59b8-475d-8724-4381e121ba00,42.2674792866397,-71.5236114873654,67,16091.73
4cebf1c5-54c8-4e64-82fe-a3337ad3146f,42.3016399026895,-71.3776738272711,25,7315.2
30a9a51f-025f-476a-a501-9cda88fadee8,42.3306667703787,-71.4264216379179,44,8009.92
13f5cf06-04ba-4086-a80d-8a89787b833a,42.3024392010235,-71.3609475708573,45,10067.35
b3c7beb5-93f5-4431-bd27-4176d97dd626,42.2942758974001,-71.4642944314655,50,12699.77
fb476a4a-c0d7-413f-9c4a-799a1b2d4dd6,42.3002572238599,-71.2698624294914,36,11365.22
e6097e76-5b3e-4d62-a4a9-945e230f237b,42.2930005069375,-71.4353292545872,17,2683.78
3eae3196-8fdf-4760-8a66-21b48a13f1dc,42.3020811260987,-71.3845979502558,45,9471.4
94059766-6fcf-458a-bee2-3d8856a98c17,42.2111917860026,-71.5504550367865,7,775.19
11cdf0ae-c10d-4cc1-a6d6-e1b9900d1c2e,42.2184458207158,-71.5171218822671,67,15991.43
8983ebd0-b08f-4e96-a8ca-18da9a533641,42.2756895289236,-71.4206736636563,45,18528.1
3eae3196-8fdf-4760-8a66-21b48a13f1dc,42.3219375206195,-71.3977300463754,104,14664.1
1291f9da-6233-4191-bfff-82c2787d82f2,42.3468726782127,-71.5458376136921,3,463.07
94059766-6fcf-458a-bee2-3d8856a98c17,42.2058005455613,-71.5450544086131,2,17.96
4f48eaa9-89c6-49b0-a7ab-ebf904a00c42,42.2786976265131,-71.4096350317976,54,9968.53
3eae3196-8fdf-4760-8a66-21b48a13f1dc,42.3068795983124,-71.4015709699136,85,12590.27
837fca5f-265a-4a4c-9c28-0c273254ae78,42.3481158821652,-71.5046254697219,53,11711.08
23d5cef6-e518-4901-93a5-1d112c5caad9,42.3478972821174,-71.5079433624711,4,500.56
402fe3ba-d292-4403-bc24-833e5ba04561,42.3024257899777,-71.3872359029791,19,9521.51
161f0f86-97f5-4dfd-a54b-3ec09e77872a,42.3004007220507,-71.4373234771087,36,14512.23
dfc8cf0c-de43-47ea-9ed6-b7d8430eab32,42.2941753145561,-71.4646337309261,38,14798.88
f52e15dd-a155-445b-a257-949f7b6efeba,42.3115761465774,-71.5317050535503,49,15198.54
2b2c7804-d94b-4a51-8e79-454d4cd759d1,42.2549104544467,-71.4279719548209,4,1643.36
7eb551b3-dcec-4a29-a093-cdf9d4830090,42.2905731076344,-71.3932936724003,9,2783.3
4f48eaa9-89c6-49b0-a7ab-ebf904a00c42,42.2759456798998,-71.4108487314492,57,10305.8
e74dc2aa-7c6c-4fcb-94dc-82ccb257cce8,42.2722925110038,-71.4095639532545,3,467.13
94059766-6fcf-458a-bee2-3d8856a98c17,42.2593964492915,-71.4582138632664,39,13619.88
402fe3ba-d292-4403-bc24-833e5ba04561,42.2993345439037,-71.3655556062195,10,7143.29
1c130b25-ee37-4058-b9cb-a955999e4e80,42.273838804593,-71.3553591880416,35,8216.62
d89454d2-59b8-475d-8724-4381e121ba00,42.3905444079962,-71.564819608022,2,130.78
9ffea29d-1305-44de-bab8-8ccc2cbd144b,42.2758746013567,-71.411843831053,0,0
b9968507-53ab-453c-bd4c-59b515649f1d,42.3397460484353,-71.5916001255274,21,7778.2
018f3677-ec1d-408c-bd2c-782f608a9df4,42.3665185193132,-71.5598065590743,43,6356.59
dfc8cf0c-de43-47ea-9ed6-b7d8430eab32,42.2964055714849,-71.4836331596156,33,12934.09
11cdf0ae-c10d-4cc1-a6d6-e1b9900d1c2e,42.2676965455828,-71.5232198848259,33,10062.3
3eae3196-8fdf-4760-8a66-21b48a13f1dc,42.3078223948373,-71.398768061326,76,11950.84
402fe3ba-d292-4403-bc24-833e5ba04561,42.3036113264329,-71.3319703240377,6,4332.39
bd433f74-e551-4a3c-91ae-4a735e4e28eb,42.3014669001977,-71.3863507739515,47,6520.04
13f5cf06-04ba-4086-a80d-8a89787b833a,42.2766725585861,-71.4000836849263,100,20984.31
837fca5f-265a-4a4c-9c28-0c273254ae78,42.3464408425355,-71.5533115895576,25,6337.2
f2a9a652-ae50-4c62-935c-bcba2dfc6b9b,42.1462970761238,-71.511886209958,43,10166.97
20df4b38-9cbe-4caa-bca0-119944aa8afa,42.300620663203,-71.3502348274132,12,7132.19
e878f995-434e-4d2c-907f-09935bb474c7,42.2935731585964,-71.4614204443348,14,2517.84
7ae040a5-6c96-48f1-ad52-551743a1a458,42.299115943856,-71.3832072247986,28,4568.13
13f5cf06-04ba-4086-a80d-8a89787b833a,42.2806690502566,-71.3994533657702,98,20481.83
ab5deaba-93a4-4680-9cf5-808df07f2607,42.3255678907375,-71.5340251644865,57,19997.9
02771dac-1a3f-4a82-a387-5d517b4b4a7f,42.3019778610455,-71.3839448323217,40,13541.64
7ae040a5-6c96-48f1-ad52-551743a1a458,42.2995893537753,-71.3879694871884,24,4087.89
636e5ba5-1fdd-459c-82bb-59f2aead5ecf,42.3088630919971,-71.2550365182779,29,4897.21
9ae8aeb0-d10f-4fe2-afd8-f2dcfac6ab6c,42.3394925796683,-71.5619791485059,28,10612.87
7eb551b3-dcec-4a29-a093-cdf9d4830090,42.3017364622197,-71.3885515265794,56,7205.96
8983ebd0-b08f-4e96-a8ca-18da9a533641,42.2746769949601,-71.4206736636563,44,18415.59
f2e38f84-2a97-4d6c-9d9a-182cd2927222,42.2986277817862,-71.3968435762431,30,6996.27
4cebf1c5-54c8-4e64-82fe-a3337ad3146f,42.2766363487623,-71.3564991269409,101,23286.96
30a9a51f-025f-476a-a501-9cda88fadee8,42.2908533984931,-71.4135510571928,115,20277.26
13f5cf06-04ba-4086-a80d-8a89787b833a,42.2728906436497,-71.3567941699501,72,15065.93
11cdf0ae-c10d-4cc1-a6d6-e1b9900d1c2e,42.2665914754028,-71.5223079337065,38,10253.76
402fe3ba-d292-4403-bc24-833e5ba04561,42.3019081236069,-71.3396575355326,7,4991.9
e1bd887f-92a6-454a-b421-a0377f10ee01,42.3017109812326,-71.3779165672014,7,5546.35
13f5cf06-04ba-4086-a80d-8a89787b833a,42.2776086495882,-71.4092072194342,105,22000.43
7eb551b3-dcec-4a29-a093-cdf9d4830090,42.3033511521429,-71.3793113159723,26,5594.95
b9968507-53ab-453c-bd4c-59b515649f1d,42.3468270806567,-71.5477272300558,48,14786.63
16c57625-ade0-4ab0-9451-056179830dfc,42.346049239996,-71.55065486137,0,0
94059766-6fcf-458a-bee2-3d8856a98c17,42.2249179914545,-71.5299616175867,8,3049.1
ae46a06e-02d7-4228-8adf-b324f50d6a00,42.2742357715509,-71.4366569481288,13,2806.51
636e5ba5-1fdd-459c-82bb-59f2aead5ecf,42.3002411306048,-71.2617648399928,42,6381.86
325a045e-c97d-445a-89dc-9075e4d1d00f,42.3018652082601,-71.387587272381,13,5626.27
7ae040a5-6c96-48f1-ad52-551743a1a458,42.274076180105,-71.3558808777261,78,15302.06
b3c7beb5-93f5-4431-bd27-4176d97dd626,42.2993627071001,-71.3745973333476,20,4128.05
e1bd887f-92a6-454a-b421-a0377f10ee01,42.3022903384143,-71.3790699171466,10,6030.68
b33a3d09-539e-4afa-a893-a3de7cac00ed,42.175314556081,-71.4658541361006,43,14979.91
23be88fa-b8dd-4094-bb1d-0092c0557a1c,42.2790114449865,-71.4200393211865,11,1583.35
30a9a51f-025f-476a-a501-9cda88fadee8,42.3285210030389,-71.4229052616897,47,8385.67
387741ec-af5f-4a7b-9b82-820060cdce6f,42.2925431902732,-71.4879381053411,37,9552.82
ce9a7e51-0841-4de6-8a94-29f3af8be65b,42.2989992677569,-71.3919270868258,44,8377.18
4cebf1c5-54c8-4e64-82fe-a3337ad3146f,42.2775120900579,-71.346709063453,96,22463.08
1291f9da-6233-4191-bfff-82c2787d82f2,42.2978110490925,-71.4487630992391,29,13343.85
9ae8aeb0-d10f-4fe2-afd8-f2dcfac6ab6c,42.3468270806567,-71.5477272300558,52,15002.96
6422848d-c373-4a3b-b3be-88feeced52ed,42.2760650382081,-71.410777652906,13,5817.08
1c130b25-ee37-4058-b9cb-a955999e4e80,42.301094,-71.359134,64,15273.9
931ec04b-5aa1-4946-a947-7077ed74e335,42.2781397270047,-71.4198180389296,2,235.14
30a9a51f-025f-476a-a501-9cda88fadee8,42.2970305262226,-71.4306715983553,12,2810.59
7ae040a5-6c96-48f1-ad52-551743a1a458,42.2821147610018,-71.3776563929115,97,18481.4
012d6ffc-b612-493c-a374-88234b7fe5f5,42.3457018939079,-71.5521716506584,1,130.41
4ce23383-aa10-4737-9d8e-d1bb1d06920c,42.34858795098,-71.5618302858967,9,1881.47
055c56fc-9140-4b97-835b-abc9145f2aa4,42.1436403479362,-71.5133493550628,32,5530.15
e878f995-434e-4d2c-907f-09935bb474c7,42.2882395856523,-71.4275240258887,23,6560.5
ab5deaba-93a4-4680-9cf5-808df07f2607,42.2919987018108,-71.4877865605227,25,9881.03
94059766-6fcf-458a-bee2-3d8856a98c17,42.2362865350417,-71.500637024679,19,5874.65
6422848d-c373-4a3b-b3be-88feeced52ed,42.2824393083119,-71.3765245006397,6,2643.14
3eae3196-8fdf-4760-8a66-21b48a13f1dc,42.2838944067892,-71.4231949402806,7,1085.38
57c05cab-d8c5-43f8-8d8f-9ecfcba3dbb3,42.3018531383188,-71.509477586119,28,6705.64
16c57625-ade0-4ab0-9451-056179830dfc,42.3732428177144,-71.5624860860399,20,3839.28
b3c7beb5-93f5-4431-bd27-4176d97dd626,42.3021307469684,-71.3802044916275,31,5125.97
ab5deaba-93a4-4680-9cf5-808df07f2607,42.3427782859074,-71.5617605484581,71,24423.84
11cdf0ae-c10d-4cc1-a6d6-e1b9900d1c2e,42.3456750718161,-71.5459113744444,4,650.62
e878f995-434e-4d2c-907f-09935bb474c7,42.2874027363898,-71.4257229224278,24,6735.34
837fca5f-265a-4a4c-9c28-0c273254ae78,42.3412239456906,-71.5713615161992,3,1730.82
1291f9da-6233-4191-bfff-82c2787d82f2,42.3319046099129,-71.5410391414785,6,2215.19
b4ccc300-ae7b-45c9-91ad-79e50bd98bd6,42.2994029402377,-71.3760604784525,9,7797.64
5241a39d-5323-49ab-a402-b50a155e8369,42.276455299643,-71.4106609768069,11,1423.74
13f5cf06-04ba-4086-a80d-8a89787b833a,42.2945293661672,-71.3823851276866,4,1188.61
f52e15dd-a155-445b-a257-949f7b6efeba,42.2936174150477,-71.469366489015,31,7824.59
23d5cef6-e518-4901-93a5-1d112c5caad9,42.348942002591,-71.5245153918574,8,1920.43
4ce23383-aa10-4737-9d8e-d1bb1d06920c,42.346585681831,-71.5507259399132,5,647.84
4bd751f8-b639-4098-a1fc-a01bcb0ba4e9,42.2724078459983,-71.3981122611828,11,1694.63
bd433f74-e551-4a3c-91ae-4a735e4e28eb,42.2821026910605,-71.4210625839867,90,15753.64
ebb5d4b8-b5de-42e7-8df5-be5d2199a7bd,42.2675476829736,-71.5231300308186,65,15185.82
9ffea29d-1305-44de-bab8-8ccc2cbd144b,42.3020006598234,-71.3818553913746,28,5120.96
02771dac-1a3f-4a82-a387-5d517b4b4a7f,42.3022273064987,-71.3869542710158,46,13811.46
ebb5d4b8-b5de-42e7-8df5-be5d2199a7bd,42.3232303454417,-71.5312598068273,86,21680.12
bd433f74-e551-4a3c-91ae-4a735e4e28eb,42.2984038173201,-71.4064512495071,73,10808.66
11cdf0ae-c10d-4cc1-a6d6-e1b9900d1c2e,42.3013301075298,-71.5275208072377,17,6063.44
3eae3196-8fdf-4760-8a66-21b48a13f1dc,42.2949410852755,-71.4088652377644,27,4995.66
ab5deaba-93a4-4680-9cf5-808df07f2607,42.305753070459,-71.5260227934136,48,17357.73
004980e6-9f4c-4b6d-ba69-2c51b2ea17f2,42.2572533641608,-71.4267287508684,14,3808.46
13f5cf06-04ba-4086-a80d-8a89787b833a,42.2863754502759,-71.349049290958,57,12737.68
b968a9c3-0fd4-4fc8-9c03-c3ab0fe551a0,42.1788202034724,-71.4568553243193,23,8700.27
f2a9a652-ae50-4c62-935c-bcba2dfc6b9b,42.1357452652302,-71.5321355481229,1,433.87
695762db-d0d4-4ddc-a7ae-10275473090c,42.4268963889418,-71.534056009892,84,11774.15
0eda0ce6-27a8-41c6-af53-39f9365143cb,42.298478919177,-71.3707094711488,48,10402.74
695762db-d0d4-4ddc-a7ae-10275473090c,42.4256679371397,-71.5348405560756,83,11623.24
13f5cf06-04ba-4086-a80d-8a89787b833a,42.3023761691079,-71.3864969543515,19,3396.42
837fca5f-265a-4a4c-9c28-0c273254ae78,42.3486979215561,-71.5067725781663,51,11477.56
ebb5d4b8-b5de-42e7-8df5-be5d2199a7bd,42.1598006582141,-71.497812658418,9,1707.27
402fe3ba-d292-4403-bc24-833e5ba04561,42.302639025607,-71.3758499250322,28,10838.22
ebb5d4b8-b5de-42e7-8df5-be5d2199a7bd,42.1595968103169,-71.5004358589909,10,1924.53
4bd751f8-b639-4098-a1fc-a01bcb0ba4e9,42.2666397551679,-71.4320703704399,27,6384.71
420ecf08-6cea-4604-b918-890ae8b88a60,42.3019657911042,-71.3817923594589,4,528.38
695762db-d0d4-4ddc-a7ae-10275473090c,42.3944067892079,-71.5643663146714,40,6707.14
695762db-d0d4-4ddc-a7ae-10275473090c,42.3928497667819,-71.5643381514751,39,6534.11
d47c2a5a-3fe8-4a30-830f-690bbe96c7b4,42.2910773629592,-71.4883565299724,22,9759.75
636e5ba5-1fdd-459c-82bb-59f2aead5ecf,42.3020408929611,-71.3782317267794,95,18051.67
f2a9a652-ae50-4c62-935c-bcba2dfc6b9b,42.1568931434687,-71.5370667896906,15,4222.46
695762db-d0d4-4ddc-a7ae-10275473090c,42.4029147567102,-71.5598347222706,56,7901.94
325a045e-c97d-445a-89dc-9075e4d1d00f,42.2760180995475,-71.4107897228473,1,88.12
695762db-d0d4-4ddc-a7ae-10275473090c,42.4027484597414,-71.5604985690414,55,7844.42
11cdf0ae-c10d-4cc1-a6d6-e1b9900d1c2e,42.269948260185,-71.5229516639084,22,9581.19
b968a9c3-0fd4-4fc8-9c03-c3ab0fe551a0,42.2778299318451,-71.4117740936145,50,22078.04
13f5cf06-04ba-4086-a80d-8a89787b833a,42.3074696843308,-71.3617830790152,43,9499.59
695762db-d0d4-4ddc-a7ae-10275473090c,42.396411740566,-71.5644937196072,41,6930.18
30a9a51f-025f-476a-a501-9cda88fadee8,42.3270659045616,-71.4189074289148,48,8751.74
ebb5d4b8-b5de-42e7-8df5-be5d2199a7bd,42.2669334570726,-71.5232104970938,66,15254.39
13f5cf06-04ba-4086-a80d-8a89787b833a,42.2775120900579,-71.346709063453,63,13785.26
837fca5f-265a-4a4c-9c28-0c273254ae78,42.3527829261293,-71.5562016699434,20,5385.8
4cebf1c5-54c8-4e64-82fe-a3337ad3146f,42.2854500881106,-71.3477564661358,76,18019.63
ab5deaba-93a4-4680-9cf5-808df07f2607,42.2970653949419,-71.4836277951972,36,13085.99
23be88fa-b8dd-4094-bb1d-0092c0557a1c,42.3027449728694,-71.4913297588426,35,9995.49
012d6ffc-b612-493c-a374-88234b7fe5f5,42.2978110490925,-71.4487630992391,40,15452.88
695762db-d0d4-4ddc-a7ae-10275473090c,42.3912404412771,-71.5657208303047,31,6055.43
ae46a06e-02d7-4228-8adf-b324f50d6a00,42.2084881191544,-71.5470674065988,41,16679.63
695762db-d0d4-4ddc-a7ae-10275473090c,42.3914107615597,-71.5641959943888,30,5928.87
7ae040a5-6c96-48f1-ad52-551743a1a458,42.2744007274151,-71.3542688700121,80,15461.67
636e5ba5-1fdd-459c-82bb-59f2aead5ecf,42.3079216365767,-71.2581599508619,27,4614.81
b3c7beb5-93f5-4431-bd27-4176d97dd626,42.3014937222894,-71.3457273748951,1,382.94
402fe3ba-d292-4403-bc24-833e5ba04561,42.3006354153535,-71.3772621081628,29,11089.3
8983ebd0-b08f-4e96-a8ca-18da9a533641,42.1792252170578,-71.4440450933006,13,6179.52
31481715-c247-41ac-940e-c0096e0868ba,42.1811067867939,-71.4482668905417,33,12667.01
b3c7beb5-93f5-4431-bd27-4176d97dd626,42.300919729526,-71.377235286071,23,4432.12
ebb5d4b8-b5de-42e7-8df5-be5d2199a7bd,42.3453773465978,-71.5502350956342,95,24936.5
1c130b25-ee37-4058-b9cb-a955999e4e80,42.2814468909172,-71.376874528937,21,4841.41
ebb5d4b8-b5de-42e7-8df5-be5d2199a7bd,42.346049239996,-71.55065486137,96,25018.74
004980e6-9f4c-4b6d-ba69-2c51b2ea17f2,42.1508541495117,-71.4972185490858,33,18603.79
7eb551b3-dcec-4a29-a093-cdf9d4830090,42.2758746013567,-71.411843831053,113,18372.9
7ae040a5-6c96-48f1-ad52-551743a1a458,42.2825734187706,-71.3804485726624,99,18769.79
3eae3196-8fdf-4760-8a66-21b48a13f1dc,42.3190970611034,-71.3977971016048,110,15693.74
e6097e76-5b3e-4d62-a4a9-945e230f237b,42.2941779967653,-71.4637982227682,41,6311.84
1fb235dd-c407-4f25-b6f2-a11c46c7349b,42.0892585569178,-71.4408532643827,2,120.67
1291f9da-6233-4191-bfff-82c2787d82f2,42.29773,-71.43723,32,14545.47
4ce23383-aa10-4737-9d8e-d1bb1d06920c,42.342434963133,-71.5678679387491,26,6504.39
94059766-6fcf-458a-bee2-3d8856a98c17,42.276907251889,-71.4103954380986,60,19016.11
1fb235dd-c407-4f25-b6f2-a11c46c7349b,42.1483221440507,-71.4919922645087,65,15679.9
57c05cab-d8c5-43f8-8d8f-9ecfcba3dbb3,42.2981087743109,-71.496554702315,31,7909.16
b9968507-53ab-453c-bd4c-59b515649f1d,42.3509992570281,-71.540816518117,51,15629.5
bd433f74-e551-4a3c-91ae-4a735e4e28eb,42.2769608960724,-71.4179096471017,95,16431.22
b3c7beb5-93f5-4431-bd27-4176d97dd626,42.3009975135921,-71.3608577168499,13,2840.42
4ce23383-aa10-4737-9d8e-d1bb1d06920c,42.353677442889,-71.6149044999423,59,16048.81
ab5deaba-93a4-4680-9cf5-808df07f2607,42.3447604384876,-71.5618799067664,73,24710.65
bd433f74-e551-4a3c-91ae-4a735e4e28eb,42.30209319604,-71.3806001174808,29,5613.45
402fe3ba-d292-4403-bc24-833e5ba04561,42.3015715063555,-71.3776483462839,13,8345.44
ebb5d4b8-b5de-42e7-8df5-be5d2199a7bd,42.2676965455828,-71.5232198848259,64,15167.7
11cdf0ae-c10d-4cc1-a6d6-e1b9900d1c2e,42.1622575618182,-71.5067390505516,84,22696.75
1fb235dd-c407-4f25-b6f2-a11c46c7349b,42.0892826968004,-71.437520619483,13,1122.88
02771dac-1a3f-4a82-a387-5d517b4b4a7f,42.298816877533,-71.3773680554252,30,12643.94
ebb5d4b8-b5de-42e7-8df5-be5d2199a7bd,42.3213192714047,-71.5300139206656,85,21444.38
1fb235dd-c407-4f25-b6f2-a11c46c7349b,42.0871369294606,-71.493392377698,36,6162.45
012d6ffc-b612-493c-a374-88234b7fe5f5,42.2904229039206,-71.4898076051359,24,10847.01
747d8707-5db7-4c6b-b0f3-86a0d2509306,42.2907917076821,-71.4927660818556,44,10011.68
fd4c1dc1-3c32-4573-be8a-3a9651c6107f,42.3292827504446,-71.5386586808359,52,17705.01
1fb235dd-c407-4f25-b6f2-a11c46c7349b,42.1267437712397,-71.5177562247369,46,11175.9
f52e15dd-a155-445b-a257-949f7b6efeba,42.3468726782127,-71.5458376136921,57,19566.94
4bd751f8-b639-4098-a1fc-a01bcb0ba4e9,42.2740359469674,-71.4021382571541,12,2071.87
1fb235dd-c407-4f25-b6f2-a11c46c7349b,42.0832316329021,-71.4694429319765,26,3995.93
9ae8aeb0-d10f-4fe2-afd8-f2dcfac6ab6c,42.3481158821652,-71.5046254697219,74,19685.26
0eda0ce6-27a8-41c6-af53-39f9365143cb,42.2936174150477,-71.469366489015,0,0
402fe3ba-d292-4403-bc24-833e5ba04561,42.301225501372,-71.3502643317142,8,5866.92
402fe3ba-d292-4403-bc24-833e5ba04561,42.3010618866123,-71.3867745630011,21,9797.9
695762db-d0d4-4ddc-a7ae-10275473090c,42.4297958570597,-71.531930359121,85,12140.49
11cdf0ae-c10d-4cc1-a6d6-e1b9900d1c2e,42.2205781770097,-71.5191710900766,65,15695
9ffea29d-1305-44de-bab8-8ccc2cbd144b,42.3024499298602,-71.3849761417494,35,5405.06
d89454d2-59b8-475d-8724-4381e121ba00,42.1805274296121,-71.5066250566617,115,26642.59
018f3677-ec1d-408c-bd2c-782f608a9df4,42.3648273864285,-71.5562633607544,44,6702.91
e6097e76-5b3e-4d62-a4a9-945e230f237b,42.3453988042712,-71.5510410994912,121,22715.85
695762db-d0d4-4ddc-a7ae-10275473090c,42.4029402376974,-71.5586679612796,57,7997.72
13f5cf06-04ba-4086-a80d-8a89787b833a,42.3119905478949,-71.3604647732058,41,8985.24
e6eeab87-0cca-49d4-bccc-4c5d879fbcbf,42.278564857159,-71.4178104053623,13,1609.11
055c56fc-9140-4b97-835b-abc9145f2aa4,42.1387667738656,-71.5165961692688,37,6513.88
4bd751f8-b639-4098-a1fc-a01bcb0ba4e9,42.2730126841672,-71.4275535301896,20,5344.8
325a045e-c97d-445a-89dc-9075e4d1d00f,42.2905355567059,-71.3933607276297,4,2743.7
695762db-d0d4-4ddc-a7ae-10275473090c,42.3970246253624,-71.564666722099,42,6999.75
13f5cf06-04ba-4086-a80d-8a89787b833a,42.2854500881106,-71.3477564661358,58,12885.56
2a01e672-f3f1-4e63-b448-bcb1e805c3d3,42.3403669798593,-71.5905366295896,35,8620.44
4f48eaa9-89c6-49b0-a7ab-ebf904a00c42,42.2954091307765,-71.4473951725599,31,5161.25
d828c9b3-ae08-49b6-a382-d9587ab3b310,42.3024459065465,-71.3864835433056,1,109.33
30a9a51f-025f-476a-a501-9cda88fadee8,42.3291392522537,-71.4060891512686,58,10503.03
7def5309-57de-4b5b-b6c1-7e3793374494,42.2760248050704,-71.4108648247042,1,82.21
4bd751f8-b639-4098-a1fc-a01bcb0ba4e9,42.2708628935136,-71.4287310200173,31,7206.97
340851f6-b619-4b18-9fc3-a81e3b6acb63,42.2997610151625,-71.3881062798564,89,18994.7
3eae3196-8fdf-4760-8a66-21b48a13f1dc,42.3022058488253,-71.3850887945347,61,10244.94
1291f9da-6233-4191-bfff-82c2787d82f2,42.3453371134601,-71.5455546406242,4,635.28
3eae3196-8fdf-4760-8a66-21b48a13f1dc,42.3045447352257,-71.3948627647676,73,11416.41
ebb5d4b8-b5de-42e7-8df5-be5d2199a7bd,42.2675503651828,-71.5224809361983,62,15084.32
09aed2cc-296b-477d-bca2-e055ce0c98b0,42.2977413116539,-71.4194492351681,10,3173.54
636e5ba5-1fdd-459c-82bb-59f2aead5ecf,42.3253385618531,-71.2579172109316,8,1647.02
340851f6-b619-4b18-9fc3-a81e3b6acb63,42.2991977512358,-71.3874679140728,88,18913.03
94059766-6fcf-458a-bee2-3d8856a98c17,42.2544383856319,-71.4755865320913,25,9658.78
30a9a51f-025f-476a-a501-9cda88fadee8,42.3261499301284,-71.4033278169231,54,10074.65
11cdf0ae-c10d-4cc1-a6d6-e1b9900d1c2e,42.1997494816631,-71.5074055795315,70,18220.8
ae46a06e-02d7-4228-8adf-b324f50d6a00,42.2085203056646,-71.5476454226759,39,15939.83
13f5cf06-04ba-4086-a80d-8a89787b833a,42.3024660231153,-71.360720924182,49,10509.24
ebb5d4b8-b5de-42e7-8df5-be5d2199a7bd,42.2602252519265,-71.5266987101256,53,14155.94
13f5cf06-04ba-4086-a80d-8a89787b833a,42.279562638972,-71.3620606876648,85,16775.17
837fca5f-265a-4a4c-9c28-0c273254ae78,42.3465146032879,-71.5539901884788,24,6280.87
3eae3196-8fdf-4760-8a66-21b48a13f1dc,42.3237909271592,-71.3992213546766,116,16299.64
fb476a4a-c0d7-413f-9c4a-799a1b2d4dd6,42.3002397895002,-71.2660000482798,42,12009.53
ab5deaba-93a4-4680-9cf5-808df07f2607,42.2950550791654,-71.4474126069196,11,4345.3
ebb5d4b8-b5de-42e7-8df5-be5d2199a7bd,42.2575376783334,-71.5266061739091,50,13854.32
30a9a51f-025f-476a-a501-9cda88fadee8,42.2894573086177,-71.4135255762056,120,20459.19
1fb235dd-c407-4f25-b6f2-a11c46c7349b,42.1187266480164,-71.5126050420168,42,10178.94
7ae040a5-6c96-48f1-ad52-551743a1a458,42.2814468909172,-71.376874528937,96,18383.22
636e5ba5-1fdd-459c-82bb-59f2aead5ecf,42.3197622489788,-71.2643397608006,13,2543.59
ce9a7e51-0841-4de6-8a94-29f3af8be65b,42.3002143085131,-71.3606190002334,21,4797.41
012d6ffc-b612-493c-a374-88234b7fe5f5,42.2954346117636,-71.4475359885416,41,15735.56
9ae8aeb0-d10f-4fe2-afd8-f2dcfac6ab6c,42.3382775389121,-71.5905701572043,20,7594.39
dfc8cf0c-de43-47ea-9ed6-b7d8430eab32,42.2968870280318,-71.4833072712009,34,12993.92
1fb235dd-c407-4f25-b6f2-a11c46c7349b,42.1028989316761,-71.5042392316007,39,8284.43
9ae8aeb0-d10f-4fe2-afd8-f2dcfac6ab6c,42.3516577393805,-71.533165516446,63,17054.4
b33a3d09-539e-4afa-a893-a3de7cac00ed,42.161156514952,-71.4830779423164,46,17150.81
b3c7beb5-93f5-4431-bd27-4176d97dd626,42.3000386238121,-71.4323895533317,42,9867.51
3eae3196-8fdf-4760-8a66-21b48a13f1dc,42.3022554696951,-71.3847293785053,63,10280.52
ebb5d4b8-b5de-42e7-8df5-be5d2199a7bd,42.2678199272048,-71.5226177288662,63,15116.32
30a9a51f-025f-476a-a501-9cda88fadee8,42.2986036419036,-71.4334624370016,13,3098.99
35347850-d69a-4842-a5f4-bae7275cd779,42.2964069125895,-71.4835151424119,9,3196.07
018f3677-ec1d-408c-bd2c-782f608a9df4,42.391117059655,-71.5699828606834,24,2918.45
1fb235dd-c407-4f25-b6f2-a11c46c7349b,42.1343169888447,-71.5209292781907,49,12061.58
e6097e76-5b3e-4d62-a4a9-945e230f237b,42.2951355454406,-71.4916395540023,63,9476.73
e74dc2aa-7c6c-4fcb-94dc-82ccb257cce8,42.2826190163266,-71.3805437910881,16,4432.63
4f48eaa9-89c6-49b0-a7ab-ebf904a00c42,42.2758746013567,-71.411843831053,58,10388
018f3677-ec1d-408c-bd2c-782f608a9df4,42.3960925576742,-71.5904709154648,12,1103.02
02771dac-1a3f-4a82-a387-5d517b4b4a7f,42.3023104549831,-71.3800650167504,37,13216.01
4cebf1c5-54c8-4e64-82fe-a3337ad3146f,42.2995893537753,-71.3879694871884,42,9221.96
1fb235dd-c407-4f25-b6f2-a11c46c7349b,42.1435960914848,-71.5128330297967,55,13524.99
ebb5d4b8-b5de-42e7-8df5-be5d2199a7bd,42.2557473037092,-71.5276254133955,49,13638.43
325a045e-c97d-445a-89dc-9075e4d1d00f,42.3016895235592,-71.3778776751684,9,4768.58
11cdf0ae-c10d-4cc1-a6d6-e1b9900d1c2e,42.3448060360435,-71.5448036220553,5,783.29
02771dac-1a3f-4a82-a387-5d517b4b4a7f,42.3021025837721,-71.3806604671872,38,13270.12
1fb235dd-c407-4f25-b6f2-a11c46c7349b,42.0829486598342,-71.4569626126863,20,2900.1
1fb235dd-c407-4f25-b6f2-a11c46c7349b,42.1493293135958,-71.486609070695,68,16228.59
b9968507-53ab-453c-bd4c-59b515649f1d,42.3512299270171,-71.5365464411108,52,15981.1
e1bd887f-92a6-454a-b421-a0377f10ee01,42.2987417756761,-71.3975543616744,15,8779.48
837fca5f-265a-4a4c-9c28-0c273254ae78,42.3509992570281,-71.540816518117,35,7876.35
055c56fc-9140-4b97-835b-abc9145f2aa4,42.1326982756077,-71.5288431363608,47,9301.24
747d8707-5db7-4c6b-b0f3-86a0d2509306,42.2971284268575,-71.4865339688381,32,8867.61
1fb235dd-c407-4f25-b6f2-a11c46c7349b,42.0900632196702,-71.4366931579526,10,1008.68
1fb235dd-c407-4f25-b6f2-a11c46c7349b,42.1384797774839,-71.5216655446092,52,12528.57
695762db-d0d4-4ddc-a7ae-10275473090c,42.4067288581567,-71.5453253117398,71,9229.02
23be88fa-b8dd-4094-bb1d-0092c0557a1c,42.3157067487065,-71.5203499210089,48,13812.54
1fb235dd-c407-4f25-b6f2-a11c46c7349b,42.1487298398453,-71.508418113495,58,14237.08
1fb235dd-c407-4f25-b6f2-a11c46c7349b,42.0885276549177,-71.4406628275313,16,1398.32
16c57625-ade0-4ab0-9451-056179830dfc,42.3966893492156,-71.5994321763177,70,10339.56
b33a3d09-539e-4afa-a893-a3de7cac00ed,42.1805810737956,-71.447381761514,40,13337.26
1ba4b168-ece7-49bc-9db3-73ad54e3bbf8,42.3279872434132,-71.6198639047065,14,4862.48
23be88fa-b8dd-4094-bb1d-0092c0557a1c,42.2779975699185,-71.4167884836667,7,1052.33
7def5309-57de-4b5b-b6c1-7e3793374494,42.2985419510926,-71.3702293557065,17,7018.25
1fb235dd-c407-4f25-b6f2-a11c46c7349b,42.0844158282528,-71.4491895704978,18,2238.48
161f0f86-97f5-4dfd-a54b-3ec09e77872a,42.3465736118897,-71.5508023828746,4,503.2
11cdf0ae-c10d-4cc1-a6d6-e1b9900d1c2e,42.340507795841,-71.5425653184989,8,1322.03
9ffea29d-1305-44de-bab8-8ccc2cbd144b,42.2760180995475,-71.4107897228473,1,88.12
9f785c31-f3cc-45df-ad8d-08d9418e3073,42.1502654045978,-71.5044618549622,11,1808.42
1fb235dd-c407-4f25-b6f2-a11c46c7349b,42.0902161055932,-71.4402095341807,3,239.58
6422848d-c373-4a3b-b3be-88feeced52ed,42.2854500881106,-71.3477564661358,0,0
4cebf1c5-54c8-4e64-82fe-a3337ad3146f,42.2729322178919,-71.3566909048969,107,23915.98
02771dac-1a3f-4a82-a387-5d517b4b4a7f,42.2991025328101,-71.3768074737076,31,12699.89
b3c7beb5-93f5-4431-bd27-4176d97dd626,42.2984319805164,-71.4072170202266,38,7767.65
ebb5d4b8-b5de-42e7-8df5-be5d2199a7bd,42.1567630563237,-71.4933950599071,6,1194.76
695762db-d0d4-4ddc-a7ae-10275473090c,42.400071614985,-71.5639747121319,47,7415.56
13f5cf06-04ba-4086-a80d-8a89787b833a,42.3010820031811,-71.3869086734598,17,3231.97
4bd751f8-b639-4098-a1fc-a01bcb0ba4e9,42.2744154795656,-71.4107803351152,2,245.27
4cebf1c5-54c8-4e64-82fe-a3337ad3146f,42.2750404343033,-71.3564763281629,102,23464.31
ab5deaba-93a4-4680-9cf5-808df07f2607,42.2795867788545,-71.4187706362468,4,463.91
695762db-d0d4-4ddc-a7ae-10275473090c,42.4373087249582,-71.4524524779589,101,19377.03
13f5cf06-04ba-4086-a80d-8a89787b833a,42.2814468909172,-71.376874528937,94,18492.76
636e5ba5-1fdd-459c-82bb-59f2aead5ecf,42.2976206122411,-71.2881162040303,53,8625.98
dfc8cf0c-de43-47ea-9ed6-b7d8430eab32,42.2986639916101,-71.4982780217098,13,8231.46
055c56fc-9140-4b97-835b-abc9145f2aa4,42.1438146915325,-71.5126144297489,31,5466.57
ebb5d4b8-b5de-42e7-8df5-be5d2199a7bd,42.2665914754028,-71.5223079337065,59,14976.24
ebb5d4b8-b5de-42e7-8df5-be5d2199a7bd,42.1536932679232,-71.4905894691103,4,765.45
ce9a7e51-0841-4de6-8a94-29f3af8be65b,42.285494344562,-71.3479388563596,9,2520.19
9ffea29d-1305-44de-bab8-8ccc2cbd144b,42.301940310117,-71.3821048368278,29,5142.53
94059766-6fcf-458a-bee2-3d8856a98c17,42.2758746013567,-71.411843831053,62,19204.46
1fb235dd-c407-4f25-b6f2-a11c46c7349b,42.0867949477908,-71.4872326843281,35,5653.07
1fb235dd-c407-4f25-b6f2-a11c46c7349b,42.0825181652616,-71.4681071918075,25,3860.21
17f0d8d7-d93f-4756-9ea9-9d76fecab7da,42.2982442258742,-71.407660925845,9,5300.22
320755bd-42ae-4afa-92ee-4790802c99e4,42.2971673188905,-71.3292049663785,10,5082.09
9f785c31-f3cc-45df-ad8d-08d9418e3073,42.1028989316761,-71.5042392316007,31,8128.97
1fb235dd-c407-4f25-b6f2-a11c46c7349b,42.1234352662227,-71.5156869003586,45,10770.63
1fb235dd-c407-4f25-b6f2-a11c46c7349b,42.0918294544118,-71.4354526362093,7,685.48
0eda0ce6-27a8-41c6-af53-39f9365143cb,42.3026095213061,-71.3761154637406,33,8935.24
13f5cf06-04ba-4086-a80d-8a89787b833a,42.2771821783294,-71.4087418561424,104,21939.52
837fca5f-265a-4a4c-9c28-0c273254ae78,42.3478624133982,-71.5082558398399,50,11324.4
e6097e76-5b3e-4d62-a4a9-945e230f237b,42.2947157797048,-71.4892590933596,62,9275.59
4cebf1c5-54c8-4e64-82fe-a3337ad3146f,42.2771406040872,-71.3504950017032,98,22787.71
7def5309-57de-4b5b-b6c1-7e3793374494,42.3023037494602,-71.3798316645522,14,5909.66
1fb235dd-c407-4f25-b6f2-a11c46c7349b,42.1503002733171,-71.5025977195858,61,14773.2
b9968507-53ab-453c-bd4c-59b515649f1d,42.3382775389121,-71.5905701572043,20,7594.39
11cdf0ae-c10d-4cc1-a6d6-e1b9900d1c2e,42.269103364295,-71.523144782969,23,9676.41
3eae3196-8fdf-4760-8a66-21b48a13f1dc,42.300242,-71.400487,31,6525.52
1fb235dd-c407-4f25-b6f2-a11c46c7349b,42.0844775190638,-71.4714358133934,28,4210.91
1fb235dd-c407-4f25-b6f2-a11c46c7349b,42.0871329061468,-71.4749132975884,31,4623.95
4ce23383-aa10-4737-9d8e-d1bb1d06920c,42.3381380640351,-71.5893551164481,32,8399.75
8983ebd0-b08f-4e96-a8ca-18da9a533641,42.179988305568,-71.4489803581822,11,5340.57
636e5ba5-1fdd-459c-82bb-59f2aead5ecf,42.2961400327766,-71.296291577595,56,9337.62
b3c7beb5-93f5-4431-bd27-4176d97dd626,42.2988276063697,-71.3462061492328,2,681.8
7def5309-57de-4b5b-b6c1-7e3793374494,42.302639025607,-71.3758499250322,12,5555.05
340851f6-b619-4b18-9fc3-a81e3b6acb63,42.3052823427488,-71.2531857939473,36,5411.65
e74dc2aa-7c6c-4fcb-94dc-82ccb257cce8,42.2804745900914,-71.39953517315,11,2846.45
0eda0ce6-27a8-41c6-af53-39f9365143cb,42.3002907514745,-71.3524543555054,51,11959.59
b3c7beb5-93f5-4431-bd27-4176d97dd626,42.3016948879775,-71.377817325462,24,4530.65
1fb235dd-c407-4f25-b6f2-a11c46c7349b,42.0840671410601,-71.4707236868574,27,4136.56
3eae3196-8fdf-4760-8a66-21b48a13f1dc,42.2853039077106,-71.4217814160455,10,1638.04
4cebf1c5-54c8-4e64-82fe-a3337ad3146f,42.3029689373356,-71.3613150335142,62,15135.26
9ae8aeb0-d10f-4fe2-afd8-f2dcfac6ab6c,42.3382507168204,-71.6227124108501,7,2649.82
ebb5d4b8-b5de-42e7-8df5-be5d2199a7bd,42.1544778141068,-71.4921531970592,5,920.99
7ae040a5-6c96-48f1-ad52-551743a1a458,42.275418625797,-71.3545665952305,81,15577.4
ebb5d4b8-b5de-42e7-8df5-be5d2199a7bd,42.1502466291336,-71.4864964179096,2,204.85
e74dc2aa-7c6c-4fcb-94dc-82ccb257cce8,42.2869454197255,-71.38229259147,17,4934.42
13f5cf06-04ba-4086-a80d-8a89787b833a,42.2782000767112,-71.3740367516301,90,17779.17
bd433f74-e551-4a3c-91ae-4a735e4e28eb,42.3019899309868,-71.3782464789299,13,4802.43
1fb235dd-c407-4f25-b6f2-a11c46c7349b,42.148425409104,-71.4872528008969,67,16115.01
94059766-6fcf-458a-bee2-3d8856a98c17,42.2628256537214,-71.4492365091584,44,14661.69
522e28ee-243c-4b26-8151-2475fa5a5d2e,42.3502710372371,-71.5278306023974,9,2223.09
94059766-6fcf-458a-bee2-3d8856a98c17,42.2530530245932,-71.4695327859838,24,9137.62
ae50df4e-b25b-429a-99d2-e4f28b1a7944,42.2989590346193,-71.3460613099373,3,623.72
ebb5d4b8-b5de-42e7-8df5-be5d2199a7bd,42.2659987071752,-71.5227518393249,58,14900.93
1fb235dd-c407-4f25-b6f2-a11c46c7349b,42.0892183237802,-71.4990920721944,38,6706.11
695762db-d0d4-4ddc-a7ae-10275473090c,42.4070949797091,-71.5444294538754,72,9313.03
b3c7beb5-93f5-4431-bd27-4176d97dd626,42.3019000769794,-71.3803707885963,32,5155.02
16c57625-ade0-4ab0-9451-056179830dfc,42.3944912787969,-71.5798855769566,65,8550.53
695762db-d0d4-4ddc-a7ae-10275473090c,42.402658605734,-71.5573523376794,58,8110.12
1fb235dd-c407-4f25-b6f2-a11c46c7349b,42.1324756522462,-71.5206074130897,48,11855.26
57c05cab-d8c5-43f8-8d8f-9ecfcba3dbb3,42.281896160954,-71.4206092906361,50,15999.26
11cdf0ae-c10d-4cc1-a6d6-e1b9900d1c2e,42.1616098083025,-71.5048065188412,85,22871.45
62d689e9-a952-482a-b6c2-5a5fa078d2af,42.3011356473646,-71.3926687176626,51,10321.89
ebb5d4b8-b5de-42e7-8df5-be5d2199a7bd,42.1526002676845,-71.487415074552,3,477.12
747d8707-5db7-4c6b-b0f3-86a0d2509306,42.2998401403332,-71.488204985154,66,12560.11
1fb235dd-c407-4f25-b6f2-a11c46c7349b,42.091747647032,-71.436883594804,5,563.41
161f0f86-97f5-4dfd-a54b-3ec09e77872a,42.3469155935595,-71.547147872874,6,805.9
ab5deaba-93a4-4680-9cf5-808df07f2607,42.2979156552503,-71.4922229344978,29,10863.62
4cebf1c5-54c8-4e64-82fe-a3337ad3146f,42.2826190163266,-71.3805437910881,16,4432.63
1fb235dd-c407-4f25-b6f2-a11c46c7349b,42.0891231053545,-71.4401974642394,1,64.54
4bd751f8-b639-4098-a1fc-a01bcb0ba4e9,42.2766725585861,-71.4000836849263,13,2410.06
1fb235dd-c407-4f25-b6f2-a11c46c7349b,42.0856281867998,-71.4727849646082,29,4380.4
e74dc2aa-7c6c-4fcb-94dc-82ccb257cce8,42.2766725585861,-71.4000836849263,9,2368.85
1ba4b168-ece7-49bc-9db3-73ad54e3bbf8,42.3537941189882,-71.5549638304093,41,13209.01
afc65aea-c4e8-4c68-ab68-956699da953a,42.2700689595979,-71.4199789714801,13,1977.91
1fb235dd-c407-4f25-b6f2-a11c46c7349b,42.1486802189756,-71.4951438602891,64,15417.22
23be88fa-b8dd-4094-bb1d-0092c0557a1c,42.2780351208469,-71.4177902887934,8,1134.8
018f3677-ec1d-408c-bd2c-782f608a9df4,42.3950330850502,-71.584626381673,15,1601.81
b44b7738-7ce5-4d95-8081-9b6f1f76665a,42.2791844474783,-71.416754956052,16,5853.08
1fb235dd-c407-4f25-b6f2-a11c46c7349b,42.1131329007824,-71.5093877321117,41,9503.15
11cdf0ae-c10d-4cc1-a6d6-e1b9900d1c2e,42.2464668599645,-71.5272056476596,56,12728.88
02771dac-1a3f-4a82-a387-5d517b4b4a7f,42.3014669001977,-71.3863507739515,55,14164.71
387741ec-af5f-4a7b-9b82-820060cdce6f,42.2905610376931,-71.4921947713014,42,9992.3
ce9a7e51-0841-4de6-8a94-29f3af8be65b,42.3022970439373,-71.3796680497925,37,6945.95
695762db-d0d4-4ddc-a7ae-10275473090c,42.4429373409115,-71.4531431468214,103,20012.79
1fb235dd-c407-4f25-b6f2-a11c46c7349b,42.137660362581,-71.5216199470532,51,12437.44
23be88fa-b8dd-4094-bb1d-0092c0557a1c,42.2769568727587,-71.4104732221647,2,195.6
f9a10342-e44e-4a6b-8ec9-2ce051d39cf6,42.3003993809461,-71.4380557202134,15,4802.31
d89454d2-59b8-475d-8724-4381e121ba00,42.2681377689921,-71.5228390111231,62,15973.26
1fb235dd-c407-4f25-b6f2-a11c46c7349b,42.0914070064668,-71.4345447084036,8,773.85
1fb235dd-c407-4f25-b6f2-a11c46c7349b,42.089192842793,-71.4381522797437,15,1178.49
d89454d2-59b8-475d-8724-4381e121ba00,42.2675503651828,-71.5224809361983,72,16330.84
d89454d2-59b8-475d-8724-4381e121ba00,42.2602252519265,-71.5266987101256,81,17259.22
f2a9a652-ae50-4c62-935c-bcba2dfc6b9b,42.1503311187226,-71.5364471993713,7,2464.5
1fb235dd-c407-4f25-b6f2-a11c46c7349b,42.150589951908,-71.5035874547712,60,14685.54
1fb235dd-c407-4f25-b6f2-a11c46c7349b,42.1499207407189,-71.4883605532861,70,16413.4
0eda0ce6-27a8-41c6-af53-39f9365143cb,42.2986465572504,-71.3981390832746,17,6601.76
13f5cf06-04ba-4086-a80d-8a89787b833a,42.2928476210146,-71.3574379001521,53,11660.14
fd4c1dc1-3c32-4573-be8a-3a9651c6107f,42.343861898414,-71.5629380382858,65,21772.98
b44b7738-7ce5-4d95-8081-9b6f1f76665a,42.2775871919148,-71.409734273537,22,6839.74
f2a9a652-ae50-4c62-935c-bcba2dfc6b9b,42.1598650312343,-71.5367073736612,19,4670.46
1fb235dd-c407-4f25-b6f2-a11c46c7349b,42.1466658798853,-71.5117279596166,57,13880.77
1fb235dd-c407-4f25-b6f2-a11c46c7349b,42.0871597282386,-71.4788132297285,33,4947.52
e6097e76-5b3e-4d62-a4a9-945e230f237b,42.2790208327187,-71.4200715076966,3,339.84
ce9a7e51-0841-4de6-8a94-29f3af8be65b,42.3000587403809,-71.4392265045182,52,12313.33
320755bd-42ae-4afa-92ee-4790802c99e4,42.2985660909752,-71.3692195039522,23,15004.78
1ba4b168-ece7-49bc-9db3-73ad54e3bbf8,42.3527601273513,-71.556355896971,36,12635.02
9f785c31-f3cc-45df-ad8d-08d9418e3073,42.1441419210519,-71.5124186284792,14,2818.81
e1bd887f-92a6-454a-b421-a0377f10ee01,42.3014669001977,-71.3863507739515,12,6638.08
695762db-d0d4-4ddc-a7ae-10275473090c,42.4026411713744,-71.5565141473123,60,8180.02
ebb5d4b8-b5de-42e7-8df5-be5d2199a7bd,42.3454296496766,-71.5482623307861,94,24774.38
325a045e-c97d-445a-89dc-9075e4d1d00f,42.3014669001977,-71.3863507739515,15,5868.07
13f5cf06-04ba-4086-a80d-8a89787b833a,42.2755487129419,-71.4108983523189,106,22268.25
8983ebd0-b08f-4e96-a8ca-18da9a533641,42.2407765532003,-71.4325330515226,32,14060.6
695762db-d0d4-4ddc-a7ae-10275473090c,42.4496240883842,-71.4540631445684,104,20759.64
3eae3196-8fdf-4760-8a66-21b48a13f1dc,42.28438494,-71.42004284,11,1813.7
11cdf0ae-c10d-4cc1-a6d6-e1b9900d1c2e,42.1960654673615,-71.5046442451861,71,18689.05
012d6ffc-b612-493c-a374-88234b7fe5f5,42.3059126619048,-71.5233553363893,14,6382.14
ce9a7e51-0841-4de6-8a94-29f3af8be65b,42.2999393820726,-71.3607920027251,22,4831.11
1fb235dd-c407-4f25-b6f2-a11c46c7349b,42.0892478280811,-71.4394330346246,0,0
1fb235dd-c407-4f25-b6f2-a11c46c7349b,42.1430502619177,-71.5164674232285,54,13219.46
9f785c31-f3cc-45df-ad8d-08d9418e3073,42.0883989088773,-71.4984027444364,33,9814.63
13f5cf06-04ba-4086-a80d-8a89787b833a,42.2991736113533,-71.3786085771685,29,4946.14
30a9a51f-025f-476a-a501-9cda88fadee8,42.2902378314875,-71.4135684915524,123,20555.12
b3c7beb5-93f5-4431-bd27-4176d97dd626,42.3005,-71.43454,43,10051.54
1fb235dd-c407-4f25-b6f2-a11c46c7349b,42.1490892558747,-71.4985717236144,63,15131.18
1fb235dd-c407-4f25-b6f2-a11c46c7349b,42.0838780453132,-71.4516893894487,19,2453.12
23d5cef6-e518-4901-93a5-1d112c5caad9,42.3538115533478,-71.5328195114624,12,3021.99
e74dc2aa-7c6c-4fcb-94dc-82ccb257cce8,42.2818787265944,-71.3913852805725,13,3537.33
4bd751f8-b639-4098-a1fc-a01bcb0ba4e9,42.2689665716271,-71.4305213946415,23,5884.86
d89454d2-59b8-475d-8724-4381e121ba00,42.1931150372693,-71.5039991738796,109,25206.33
012d6ffc-b612-493c-a374-88234b7fe5f5,42.3313292760449,-71.540601941383,9,2691.12
1fb235dd-c407-4f25-b6f2-a11c46c7349b,42.0864516250164,-71.4828204502356,34,5287.22
1fb235dd-c407-4f25-b6f2-a11c46c7349b,42.0896032207968,-71.4373663924555,12,1085.06
695762db-d0d4-4ddc-a7ae-10275473090c,42.3513600141621,-71.5466650752226,9,958.91
16c57625-ade0-4ab0-9451-056179830dfc,42.3954448041585,-71.5885947101471,66,9273.05
bd433f74-e551-4a3c-91ae-4a735e4e28eb,42.3010377467297,-71.3872305385608,44,6415.89
1fb235dd-c407-4f25-b6f2-a11c46c7349b,42.0862035206678,-71.4738028629901,30,4485.92
1fb235dd-c407-4f25-b6f2-a11c46c7349b,42.0823639382341,-71.458761033938,21,3062.03
8983ebd0-b08f-4e96-a8ca-18da9a533641,42.2415436650243,-71.4327342172107,33,14147.43
bd433f74-e551-4a3c-91ae-4a735e4e28eb,42.3022138954528,-71.378086887484,14,4830.56
94059766-6fcf-458a-bee2-3d8856a98c17,42.2097554629895,-71.549003961623,6,575.85
931ec04b-5aa1-4946-a947-7077ed74e335,42.2775429354634,-71.416885043197,4,529.56
161f0f86-97f5-4dfd-a54b-3ec09e77872a,42.3460854498199,-71.5459462431637,8,1051.99
4ce23383-aa10-4737-9d8e-d1bb1d06920c,42.3368170760165,-71.5932389553332,41,9211.58
4cebf1c5-54c8-4e64-82fe-a3337ad3146f,42.299115943856,-71.3832072247986,46,9702.2
ae50df4e-b25b-429a-99d2-e4f28b1a7944,42.2783945368764,-71.4095733409866,13,7595.23
747d8707-5db7-4c6b-b0f3-86a0d2509306,42.2918632502474,-71.489579617356,48,10341.19
695762db-d0d4-4ddc-a7ae-10275473090c,42.4415734375461,-71.4524497957498,102,19850.92
b9968507-53ab-453c-bd4c-59b515649f1d,42.334569384728,-71.607056355897,17,6152.07
ce9a7e51-0841-4de6-8a94-29f3af8be65b,42.3017927886124,-71.3778977917372,34,6784.33
1ba4b168-ece7-49bc-9db3-73ad54e3bbf8,42.3536975594579,-71.613264329032,2,231.45
ebb5d4b8-b5de-42e7-8df5-be5d2199a7bd,42.2531844528427,-71.5289450603095,47,13333.66
695762db-d0d4-4ddc-a7ae-10275473090c,42.4553894970053,-71.4544775458859,105,21401.19
11cdf0ae-c10d-4cc1-a6d6-e1b9900d1c2e,42.2679111223168,-71.5228457166461,26,9813.29
16c57625-ade0-4ab0-9451-056179830dfc,42.3709347767195,-71.5620850957683,18,3575.38
62d689e9-a952-482a-b6c2-5a5fa078d2af,42.3018571616326,-71.3877414994086,53,10737.24
fd4c1dc1-3c32-4573-be8a-3a9651c6107f,42.3439168837021,-71.5576943193492,62,21122.98
1fb235dd-c407-4f25-b6f2-a11c46c7349b,42.1478286175626,-71.4876672022144,66,16040.42
1fb235dd-c407-4f25-b6f2-a11c46c7349b,42.0815700043184,-71.4641603210068,24,3518.08
02771dac-1a3f-4a82-a387-5d517b4b4a7f,42.3018692315739,-71.3877267472581,49,13890.15
f52e15dd-a155-445b-a257-949f7b6efeba,42.287444310632,-71.4258208230627,15,2759.16
1fb235dd-c407-4f25-b6f2-a11c46c7349b,42.1223436070885,-71.5147213050557,44,10625.55
1fb235dd-c407-4f25-b6f2-a11c46c7349b,42.0883989088773,-71.4984027444364,37,6598.77
b33a3d09-539e-4afa-a893-a3de7cac00ed,42.2002322793146,-71.4295356827698,33,10637.72
2b823661-7fbc-45bc-aac0-a7fed254ae27,42.2649177768778,-71.4206495237738,43,15875.25
23be88fa-b8dd-4094-bb1d-0092c0557a1c,42.2781316803772,-71.4201197874618,10,1485.37
1fb235dd-c407-4f25-b6f2-a11c46c7349b,42.1298484283595,-71.5191362213574,47,11539.15
ce9a7e51-0841-4de6-8a94-29f3af8be65b,42.2921569521521,-71.3571213994695,15,3650.33
dfc8cf0c-de43-47ea-9ed6-b7d8430eab32,42.2938199218404,-71.4317672808032,46,18448.4
b44b7738-7ce5-4d95-8081-9b6f1f76665a,42.2933277364569,-71.4612286663788,4,738.65
055c56fc-9140-4b97-835b-abc9145f2aa4,42.1526418419267,-71.4873909346694,2,482.36
ebb5d4b8-b5de-42e7-8df5-be5d2199a7bd,42.1497343271812,-71.4865889541262,1,147.41
695762db-d0d4-4ddc-a7ae-10275473090c,42.4609684920888,-71.4548906060988,107,22034.54
11cdf0ae-c10d-4cc1-a6d6-e1b9900d1c2e,42.1598006582141,-71.497812658418,88,23522.73
4f48eaa9-89c6-49b0-a7ab-ebf904a00c42,42.2964069125895,-71.4835151424119,9,1054.94
b3c7beb5-93f5-4431-bd27-4176d97dd626,42.2991078972285,-71.3738825246026,19,4062.83
695762db-d0d4-4ddc-a7ae-10275473090c,42.4025942327138,-71.5569298897344,59,8145.51
340851f6-b619-4b18-9fc3-a81e3b6acb63,42.3001620054341,-71.3588675176422,71,15685.68
0743cc3d-3ccf-45a0-8f97-888a39b21570,42.3018732548876,-71.3806591260826,13,4410.2
d89454d2-59b8-475d-8724-4381e121ba00,42.2575376783334,-71.5266061739091,84,17560.84
1fb235dd-c407-4f25-b6f2-a11c46c7349b,42.1072990958273,-71.505756020889,40,8789.11
1fb235dd-c407-4f25-b6f2-a11c46c7349b,42.0818824816872,-71.46120854981,22,3270.85
d89454d2-59b8-475d-8724-4381e121ba00,42.3880794577646,-71.5637480654566,6,492.4
ab5deaba-93a4-4680-9cf5-808df07f2607,42.3440483119517,-71.5577560101602,76,25161.57
0eda0ce6-27a8-41c6-af53-39f9365143cb,42.3017270744876,-71.3778977917372,27,8694.4
d89454d2-59b8-475d-8724-4381e121ba00,42.3783215807868,-71.5650744178936,16,1634.08
055c56fc-9140-4b97-835b-abc9145f2aa4,42.1619973875283,-71.508479804306,22,3187.85
1fb235dd-c407-4f25-b6f2-a11c46c7349b,42.1358190259826,-71.5212524843962,50,12230.6
b4ccc300-ae7b-45c9-91ad-79e50bd98bd6,42.2840164473067,-71.3679575245355,17,11676.25
d89454d2-59b8-475d-8724-4381e121ba00,42.3510984987675,-71.5465349880776,31,5171.06
23d5cef6-e518-4901-93a5-1d112c5caad9,42.3494475990205,-71.5183798383701,7,1413.43
b44b7738-7ce5-4d95-8081-9b6f1f76665a,42.2940318163652,-71.467110751099,2,241.54
1fb235dd-c407-4f25-b6f2-a11c46c7349b,42.0892397814536,-71.437543418261,14,1128.01
fd4c1dc1-3c32-4573-be8a-3a9651c6107f,42.2774034605863,-71.4187210153771,1,104.24
d21fe9a4-787e-4161-b93d-3ca50d5b7de7,42.3009975135921,-71.3608577168499,13,2840.42
1ba4b168-ece7-49bc-9db3-73ad54e3bbf8,42.3481158821652,-71.5046254697219,75,19685.81
9f785c31-f3cc-45df-ad8d-08d9418e3073,42.1298484283595,-71.5191362213574,23,4874.25
1fb235dd-c407-4f25-b6f2-a11c46c7349b,42.0907833928337,-71.4392560088191,4,340.36
3eae3196-8fdf-4760-8a66-21b48a13f1dc,42.3065791908848,-71.403003269613,89,12764.03
3095b873-eb06-438b-a330-1338c12a12ae,42.2828979660808,-71.3918412561322,5,2081.43
9f785c31-f3cc-45df-ad8d-08d9418e3073,42.1492944448766,-71.4991926550384,8,1338.23
325a045e-c97d-445a-89dc-9075e4d1d00f,42.3023909212584,-71.3863963715074,12,5512.29
4cebf1c5-54c8-4e64-82fe-a3337ad3146f,42.3141926416274,-71.3604312455911,57,13873.45
fb476a4a-c0d7-413f-9c4a-799a1b2d4dd6,42.3166468630223,-71.2685722868784,59,15648.44
d89454d2-59b8-475d-8724-4381e121ba00,42.3213192714047,-71.5300139206656,49,9970.78
3eae3196-8fdf-4760-8a66-21b48a13f1dc,42.2857129446097,-71.4245883479469,8,1317.66
695762db-d0d4-4ddc-a7ae-10275473090c,42.459160683105,-71.4540363224766,106,21821.8
f2e38f84-2a97-4d6c-9d9a-182cd2927222,42.2962017235876,-71.4455659059027,14,2567.06
11cdf0ae-c10d-4cc1-a6d6-e1b9900d1c2e,42.1536932679232,-71.4905894691103,93,24464.55
16c57625-ade0-4ab0-9451-056179830dfc,42.3967376289807,-71.5919702703935,67,9585.09
b968a9c3-0fd4-4fc8-9c03-c3ab0fe551a0,42.1526632996001,-71.4875625960566,17,4453.34
30a9a51f-025f-476a-a501-9cda88fadee8,42.2897013896526,-71.4132184632551,118,20414.92
ce9a7e51-0841-4de6-8a94-29f3af8be65b,42.3005,-71.43454,50,11919.32
0743cc3d-3ccf-45a0-8f97-888a39b21570,42.2800655531922,-71.4017104447908,28,13919.56
7ae040a5-6c96-48f1-ad52-551743a1a458,42.2800910341794,-71.3762670085589,94,18071.84
ebb5d4b8-b5de-42e7-8df5-be5d2199a7bd,42.3094183092963,-71.530610712207,82,20100.51
b44b7738-7ce5-4d95-8081-9b6f1f76665a,42.277989523291,-71.4094834869792,21,6790.51
13f5cf06-04ba-4086-a80d-8a89787b833a,42.2904255861298,-71.3524825187017,55,12199.07
018f3677-ec1d-408c-bd2c-782f608a9df4,42.3907844657173,-71.5657342413506,28,3333.77
9ffea29d-1305-44de-bab8-8ccc2cbd144b,42.3023560525391,-71.3863936892983,38,5522.66
31481715-c247-41ac-940e-c0096e0868ba,42.2758746013567,-71.411843831053,0,0
d21fe9a4-787e-4161-b93d-3ca50d5b7de7,42.300620663203,-71.3502348274132,0,0
1c130b25-ee37-4058-b9cb-a955999e4e80,42.2741499408573,-71.3558929476674,34,8160.75
387741ec-af5f-4a7b-9b82-820060cdce6f,42.2910773629592,-71.4883565299724,44,10423.42
d89454d2-59b8-475d-8724-4381e121ba00,42.3903995687008,-71.5658589640772,1,43.98
7ae040a5-6c96-48f1-ad52-551743a1a458,42.3001834631075,-71.3600906050259,51,10816.24
d89454d2-59b8-475d-8724-4381e121ba00,42.2464668599645,-71.5272056476596,93,18914.04
1ba4b168-ece7-49bc-9db3-73ad54e3bbf8,42.3464408425355,-71.5533115895576,47,14311.93
d89454d2-59b8-475d-8724-4381e121ba00,42.1960654673615,-71.5046442451861,108,24874.21
13f5cf06-04ba-4086-a80d-8a89787b833a,42.2805322575886,-71.3470792083191,60,13436.36
340851f6-b619-4b18-9fc3-a81e3b6acb63,42.3088630919971,-71.2550365182779,29,4897.21
35347850-d69a-4842-a5f4-bae7275cd779,42.2910773629592,-71.4883565299724,0,0
7177c62b-b7d2-4327-943c-669853b0841a,42.2979666172246,-71.3477953581688,9,3636.91
d89454d2-59b8-475d-8724-4381e121ba00,42.2659987071752,-71.5227518393249,76,16514.23
522e28ee-243c-4b26-8151-2475fa5a5d2e,42.351750275597,-71.5333626588203,11,2781.57
d89454d2-59b8-475d-8724-4381e121ba00,42.1575140748926,-71.4937625225641,127,30131.63
7ae040a5-6c96-48f1-ad52-551743a1a458,42.2819980849027,-71.3759464845626,95,18285.38
d89454d2-59b8-475d-8724-4381e121ba00,42.1681785385715,-71.5089505320162,118,28038.89
ae50df4e-b25b-429a-99d2-e4f28b1a7944,42.2816507388145,-71.3947380420409,12,6323.02
7ae040a5-6c96-48f1-ad52-551743a1a458,42.3039573314165,-71.3816448379543,32,5773.61
b3c7beb5-93f5-4431-bd27-4176d97dd626,42.297435539808,-71.3591893827432,10,2393.59
d21fe9a4-787e-4161-b93d-3ca50d5b7de7,42.2941391047322,-71.4672354738257,38,11987.17
dfc8cf0c-de43-47ea-9ed6-b7d8430eab32,42.3023882390492,-71.5056071582798,12,7500.64
4f48eaa9-89c6-49b0-a7ab-ebf904a00c42,42.2968454537896,-71.4833421399201,10,1105.7
bd433f74-e551-4a3c-91ae-4a735e4e28eb,42.2766309843439,-71.4168018947126,99,17038.68
402fe3ba-d292-4403-bc24-833e5ba04561,42.3021267236547,-71.3849868705861,18,9333.71
b3c7beb5-93f5-4431-bd27-4176d97dd626,42.293551700923,-71.4617503560633,49,12475.71
f2e38f84-2a97-4d6c-9d9a-182cd2927222,42.2939298924166,-71.4663302282292,5,513.42
7ae040a5-6c96-48f1-ad52-551743a1a458,42.3107808715571,-71.3749232217624,35,7085.78
11cdf0ae-c10d-4cc1-a6d6-e1b9900d1c2e,42.2196568381582,-71.5178581486856,66,15843.85
d89454d2-59b8-475d-8724-4381e121ba00,42.2631850697508,-71.5257773712741,79,16921.08
4f48eaa9-89c6-49b0-a7ab-ebf904a00c42,42.2979867337934,-71.4495865374557,30,4822.9
30a9a51f-025f-476a-a501-9cda88fadee8,42.2901694351536,-71.4135765381799,117,20355.16
35347850-d69a-4842-a5f4-bae7275cd779,42.299652385691,-71.3925010795892,24,11061.26
fd4c1dc1-3c32-4573-be8a-3a9651c6107f,42.2924962516127,-71.4363645873287,12,2844.43
747d8707-5db7-4c6b-b0f3-86a0d2509306,42.294971930681,-71.4881030612054,37,9141.91
11cdf0ae-c10d-4cc1-a6d6-e1b9900d1c2e,42.2674792866397,-71.5236114873654,30,9906.57
b9968507-53ab-453c-bd4c-59b515649f1d,42.3538276466028,-71.5328785200643,57,16591.1
387741ec-af5f-4a7b-9b82-820060cdce6f,42.2907943898913,-71.4908871943287,40,9865.93
b3c7beb5-93f5-4431-bd27-4176d97dd626,42.3022970439373,-71.3796680497925,30,5078.17
e74dc2aa-7c6c-4fcb-94dc-82ccb257cce8,42.2758746013567,-71.411843831053,0,0
4cebf1c5-54c8-4e64-82fe-a3337ad3146f,42.2819913793797,-71.3895466261832,129,28329.65
23be88fa-b8dd-4094-bb1d-0092c0557a1c,42.3072215799821,-71.469941822883,28,7998.41
b9968507-53ab-453c-bd4c-59b515649f1d,42.3458534387263,-71.5594297086852,32,11603.21
d8ddafe1-b85e-493c-a030-1401b0ea9545,42.2846642008224,-71.5258082166796,59,12097.07
1c130b25-ee37-4058-b9cb-a955999e4e80,42.26926563795,-71.4064780715989,5,885.11
4cebf1c5-54c8-4e64-82fe-a3337ad3146f,42.282049046877,-71.3878152601609,15,3831.49
30a9a51f-025f-476a-a501-9cda88fadee8,42.2826900948697,-71.421704973084,6,883.32
931ec04b-5aa1-4946-a947-7077ed74e335,42.2770842776945,-71.4175287733989,0,0
dfc8cf0c-de43-47ea-9ed6-b7d8430eab32,42.3467975763558,-71.5476655392448,2,312.72
fe1b79da-593f-487c-844c-daf273066f25,42.3516376228117,-71.4875853948346,0,0
d8ddafe1-b85e-493c-a030-1401b0ea9545,42.3384679757636,-71.5887100451416,4,217.97
94059766-6fcf-458a-bee2-3d8856a98c17,42.2733801468241,-71.4323452968803,50,16756.18
7eb551b3-dcec-4a29-a093-cdf9d4830090,42.2968092439657,-71.4086546843442,81,11518.34
d1aedfe4-3b3d-448f-844d-ca7fb9a70ab2,42.3018276573317,-71.3066623393692,41,9376.4
402fe3ba-d292-4403-bc24-833e5ba04561,42.2854500881106,-71.3477564661358,0,0
9ae8aeb0-d10f-4fe2-afd8-f2dcfac6ab6c,42.3478624133982,-71.5082558398399,71,19298.58
fd4c1dc1-3c32-4573-be8a-3a9651c6107f,42.3213300002414,-71.5297456997481,51,16557.35
0743cc3d-3ccf-45a0-8f97-888a39b21570,42.2854500881106,-71.3477564661358,23,9353.54
012d6ffc-b612-493c-a374-88234b7fe5f5,42.2794915604288,-71.4185976337551,49,19547.05
018f3677-ec1d-408c-bd2c-782f608a9df4,42.3965860841624,-71.5946216341628,1,327.52
9f785c31-f3cc-45df-ad8d-08d9418e3073,42.148425409104,-71.4872528008969,3,298.39
ebb5d4b8-b5de-42e7-8df5-be5d2199a7bd,42.2913361961446,-71.5266893223935,79,18053.94
d8ddafe1-b85e-493c-a030-1401b0ea9545,42.3280395464921,-71.5896796637583,27,2256.66
ac1d4bc6-98b7-4fa7-b20d-2deea94683e3,42.4171425352778,-71.5403900468582,62,11903.21
7ae040a5-6c96-48f1-ad52-551743a1a458,42.3024794341611,-71.3848353257677,21,3575.97
4cebf1c5-54c8-4e64-82fe-a3337ad3146f,42.2742035850408,-71.4022602976716,134,29989.69
9f785c31-f3cc-45df-ad8d-08d9418e3073,42.0873032264294,-71.4766151593098,37,11646.58
afc65aea-c4e8-4c68-ab68-956699da953a,42.1756431267049,-71.4641656854251,49,14518.49
b9968507-53ab-453c-bd4c-59b515649f1d,42.3490613608993,-71.5057278576927,68,19327.57
dc75feae-3e40-4fb9-98b1-32d25959fe8d,42.2758746013567,-71.411843831053,0,0
4ce23383-aa10-4737-9d8e-d1bb1d06920c,42.3283305661875,-71.6274210290564,48,12268.59
fb476a4a-c0d7-413f-9c4a-799a1b2d4dd6,42.3253385618531,-71.2579172109316,63,17043.2
5bbefffd-60cf-4aab-a384-eb8026cde85f,42.3283748226389,-71.5852553597245,55,12849.85
4cebf1c5-54c8-4e64-82fe-a3337ad3146f,42.2755487129419,-71.4108983523189,139,30946.07
402fe3ba-d292-4403-bc24-833e5ba04561,42.300620663203,-71.3502348274132,5,2794.97
ac1d4bc6-98b7-4fa7-b20d-2deea94683e3,42.4348075649028,-71.4579858754865,30,3584.22
dc75feae-3e40-4fb9-98b1-32d25959fe8d,42.302408355618,-71.3851330509861,37,5784.38
5bbefffd-60cf-4aab-a384-eb8026cde85f,42.3088040833952,-71.5585123931475,22,6926.19
ac1d4bc6-98b7-4fa7-b20d-2deea94683e3,42.4616323388596,-71.455445823398,5,296.05
9ae8aeb0-d10f-4fe2-afd8-f2dcfac6ab6c,42.345905,-71.559561,32,11598.32
636e5ba5-1fdd-459c-82bb-59f2aead5ecf,42.3025169850896,-71.3366521201522,67,13429.57
57c05cab-d8c5-43f8-8d8f-9ecfcba3dbb3,42.2938816126514,-71.4317069310967,45,14363.34
d8ddafe1-b85e-493c-a030-1401b0ea9545,42.2815622259118,-71.5257331148227,60,12441.82
09aed2cc-296b-477d-bca2-e055ce0c98b0,42.2987042247477,-71.3967389700853,8,1303.86
16c57625-ade0-4ab0-9451-056179830dfc,42.3859846523991,-71.5635080077355,31,5344.59
d8ddafe1-b85e-493c-a030-1401b0ea9545,42.3381957315323,-71.5892679446499,5,272.88
7ae040a5-6c96-48f1-ad52-551743a1a458,42.279309170205,-71.3638336279293,88,16814.09
b4ccc300-ae7b-45c9-91ad-79e50bd98bd6,42.2991092383331,-71.3595099067396,3,1862.57
d1aedfe4-3b3d-448f-844d-ca7fb9a70ab2,42.3012536645683,-71.3597432589378,23,4026.85
dc75feae-3e40-4fb9-98b1-32d25959fe8d,42.3023117960877,-71.3866833678891,40,5912.59
012d6ffc-b612-493c-a374-88234b7fe5f5,42.2788679467957,-71.417729939087,50,19646.5
9f785c31-f3cc-45df-ad8d-08d9418e3073,42.0889943593141,-71.4380369447492,48,15230.63
d8ddafe1-b85e-493c-a030-1401b0ea9545,42.3247980967044,-71.5792110013492,32,3540.38
9ae8aeb0-d10f-4fe2-afd8-f2dcfac6ab6c,42.3466125039227,-71.5508332282801,51,14746.76
16c57625-ade0-4ab0-9451-056179830dfc,42.3465682474713,-71.5508064061884,1,59
4cebf1c5-54c8-4e64-82fe-a3337ad3146f,42.3010820031811,-71.3869086734598,35,8366.04
9f785c31-f3cc-45df-ad8d-08d9418e3073,42.1187266480164,-71.5126050420168,28,6234.46
afc65aea-c4e8-4c68-ab68-956699da953a,42.2113151676247,-71.4253138855287,33,9016.19
ab5deaba-93a4-4680-9cf5-808df07f2607,42.2970707593602,-71.4834842970064,34,12937.75
a19fb124-594e-4ddd-b6da-f8ca9171f8db,42.3410455787805,-71.575801913488,24,6602.97
31481715-c247-41ac-940e-c0096e0868ba,42.1631346442184,-71.4819245923712,40,16219.85
3eae3196-8fdf-4760-8a66-21b48a13f1dc,42.2895632558801,-71.413540328356,21,4036.32
31481715-c247-41ac-940e-c0096e0868ba,42.1756431267049,-71.4641656854251,36,14129.08
161f0f86-97f5-4dfd-a54b-3ec09e77872a,42.2758746013567,-71.411843831053,57,19404.76
3eae3196-8fdf-4760-8a66-21b48a13f1dc,42.3019349456987,-71.382078014736,43,9262.91
16c57625-ade0-4ab0-9451-056179830dfc,42.3821316589196,-71.5645339527448,28,4904.91
b135140e-109e-4613-95af-0631d00cbd1e,42.2940251108423,-71.4666413644934,14,7285.18
30a9a51f-025f-476a-a501-9cda88fadee8,42.3140746244237,-71.4378974698721,24,5088.88
23be88fa-b8dd-4094-bb1d-0092c0557a1c,42.2770842776945,-71.4175287733989,9,1242.62
ae46a06e-02d7-4228-8adf-b324f50d6a00,42.2778902815515,-71.4116627819337,5,556.05
1815f4a1-153a-4a27-99b8-dbb6388b9da5,42.2758746013567,-71.411843831053,0,0
522e28ee-243c-4b26-8151-2475fa5a5d2e,42.3481158821652,-71.5046254697219,0,0
931ec04b-5aa1-4946-a947-7077ed74e335,42.2777025269092,-71.4147647568443,5,704.78
94059766-6fcf-458a-bee2-3d8856a98c17,42.2080844466737,-71.5465323058684,4,299.42
ae46a06e-02d7-4228-8adf-b324f50d6a00,42.22846174,-71.52194023,33,12146.18
636e5ba5-1fdd-459c-82bb-59f2aead5ecf,42.3010297001022,-71.3872291974562,116,19065.28
afc65aea-c4e8-4c68-ab68-956699da953a,42.1499958425758,-71.4862147859463,57,18257.2
54365a02-9e28-4fe0-a588-fe484d81157e,42.2775871919148,-71.409734273537,2,275.81
f52e15dd-a155-445b-a257-949f7b6efeba,42.283914523358,-71.4232043280127,14,2311.82
9f785c31-f3cc-45df-ad8d-08d9418e3073,42.1072990958273,-71.505756020889,30,7624.29
4ce23383-aa10-4737-9d8e-d1bb1d06920c,42.3395408594335,-71.586713140411,30,8115.67
a9376080-2b82-4edb-9474-164efab669c5,42.2783985601901,-71.4092581814085,1,351.93
387741ec-af5f-4a7b-9b82-820060cdce6f,42.3024231077685,-71.3863266340689,2,106.67
afc65aea-c4e8-4c68-ab68-956699da953a,42.1541787477838,-71.4886703484458,55,17749.29
ebb5d4b8-b5de-42e7-8df5-be5d2199a7bd,42.2828081120734,-71.5256271675603,78,17102.29
d1aedfe4-3b3d-448f-844d-ca7fb9a70ab2,42.3002572238599,-71.2736751898334,55,12682.51
f2e38f84-2a97-4d6c-9d9a-182cd2927222,42.2934631880202,-71.461884466522,8,895.69
a19fb124-594e-4ddd-b6da-f8ca9171f8db,42.3395408594335,-71.586713140411,26,7527.72
1815f4a1-153a-4a27-99b8-dbb6388b9da5,42.2777213023735,-71.4149686047416,5,908.61
62d689e9-a952-482a-b6c2-5a5fa078d2af,42.3001271367149,-71.4360480866461,42,6508.48
1c130b25-ee37-4058-b9cb-a955999e4e80,42.2720993919432,-71.40933462437,4,492.27
4ce23383-aa10-4737-9d8e-d1bb1d06920c,42.3518253774539,-71.5562955472646,11,2472.14
b33a3d09-539e-4afa-a893-a3de7cac00ed,42.1855833939066,-71.4402524495275,37,12523.52
fb476a4a-c0d7-413f-9c4a-799a1b2d4dd6,42.2990596174633,-71.2776810692359,33,10669.8
30a9a51f-025f-476a-a501-9cda88fadee8,42.2838394215011,-71.4231654359797,7,1058.61
6422848d-c373-4a3b-b3be-88feeced52ed,42.2818559278164,-71.3917406732881,7,3895.76
30a9a51f-025f-476a-a501-9cda88fadee8,42.3042818787266,-71.3987962245224,108,18126
8983ebd0-b08f-4e96-a8ca-18da9a533641,42.1529114039487,-71.4884544306072,3,525.86
d1aedfe4-3b3d-448f-844d-ca7fb9a70ab2,42.3015688241463,-71.3591920649524,20,3910.94
2b823661-7fbc-45bc-aac0-a7fed254ae27,42.2310991424977,-71.4312093812948,30,11722.73
387741ec-af5f-4a7b-9b82-820060cdce6f,42.2981811939586,-71.4497380822741,20,5660.19
7ae040a5-6c96-48f1-ad52-551743a1a458,42.3093351608119,-71.3613700188023,42,9289.54
ac1d4bc6-98b7-4fa7-b20d-2deea94683e3,42.442347254893,-71.4525892706269,19,2482.94
dc75feae-3e40-4fb9-98b1-32d25959fe8d,42.2787874805205,-71.4095089679664,4,427.74
9ae8aeb0-d10f-4fe2-afd8-f2dcfac6ab6c,42.3509992570281,-71.540816518117,56,15850.53
d1aedfe4-3b3d-448f-844d-ca7fb9a70ab2,42.3133383580052,-71.2660496691495,73,16529.81
1ba4b168-ece7-49bc-9db3-73ad54e3bbf8,42.334569384728,-71.607056355897,17,6152.07
dc75feae-3e40-4fb9-98b1-32d25959fe8d,42.2925525780053,-71.4003881156676,6,2131.22
b968a9c3-0fd4-4fc8-9c03-c3ab0fe551a0,42.2730676694553,-71.4217921448822,46,20971.89
d1aedfe4-3b3d-448f-844d-ca7fb9a70ab2,42.3340503772527,-71.244372054599,84,19843.15
1815f4a1-153a-4a27-99b8-dbb6388b9da5,42.2758585081016,-71.4109198099923,1,75.99
35347850-d69a-4842-a5f4-bae7275cd779,42.3014669001977,-71.3863507739515,28,11764.57
30a9a51f-025f-476a-a501-9cda88fadee8,42.2997167587112,-71.394370579384,101,17337.12
5241a39d-5323-49ab-a402-b50a155e8369,42.2777387367331,-71.4093158489058,9,1240.38
9f785c31-f3cc-45df-ad8d-08d9418e3073,42.1487298398453,-71.508418113495,12,2176.32
ab5deaba-93a4-4680-9cf5-808df07f2607,42.2770842776945,-71.4175287733989,0,0
ab5deaba-93a4-4680-9cf5-808df07f2607,42.3062090460187,-71.523421050514,46,17132.54
ac1d4bc6-98b7-4fa7-b20d-2deea94683e3,42.4034780206369,-71.5527684421997,72,13942.56
dc75feae-3e40-4fb9-98b1-32d25959fe8d,42.3020006598234,-71.3818553913746,29,5486.58
d828c9b3-ae08-49b6-a382-d9587ab3b310,42.2790503370196,-71.4093158489058,8,4898.42
9f785c31-f3cc-45df-ad8d-08d9418e3073,42.1324756522462,-71.5206074130897,22,4558.14
636e5ba5-1fdd-459c-82bb-59f2aead5ecf,42.302392262363,-71.3847615650154,104,18631.68
ac1d4bc6-98b7-4fa7-b20d-2deea94683e3,42.4446673658292,-71.4535025628509,17,2211.18
522e28ee-243c-4b26-8151-2475fa5a5d2e,42.3498539537104,-71.5056594613588,2,211.9
b33a3d09-539e-4afa-a893-a3de7cac00ed,42.1728777690457,-71.4703830462922,44,15440.8
e6eeab87-0cca-49d4-bccc-4c5d879fbcbf,42.2775107489533,-71.4168756554649,6,1013.45
d89454d2-59b8-475d-8724-4381e121ba00,42.188321929474,-71.5051055851642,112,25757.25
018f3677-ec1d-408c-bd2c-782f608a9df4,42.3931300576407,-71.5739337547978,20,2507.32
fd4c1dc1-3c32-4573-be8a-3a9651c6107f,42.2941350814185,-71.4645291247683,18,6139.05
4cebf1c5-54c8-4e64-82fe-a3337ad3146f,42.2819980849027,-71.3759464845626,126,27072.74
d1aedfe4-3b3d-448f-844d-ca7fb9a70ab2,42.3002625882782,-71.3570476387171,31,5023.88
b4ccc300-ae7b-45c9-91ad-79e50bd98bd6,42.3001351833424,-71.3583029126109,4,2013.69
7ae040a5-6c96-48f1-ad52-551743a1a458,42.2766873107366,-71.3572662387649,83,15920.24
1815f4a1-153a-4a27-99b8-dbb6388b9da5,42.2772425280358,-71.4101272171812,2,243.02
161f0f86-97f5-4dfd-a54b-3ec09e77872a,42.281896160954,-71.4206092906361,44,17402.48
30a9a51f-025f-476a-a501-9cda88fadee8,42.2828952838716,-71.4220898701006,140,23602
b9968507-53ab-453c-bd4c-59b515649f1d,42.3503340691527,-71.6238416209126,5,1292.86
7a6353fd-f5b7-4b08-b02a-4c000e3abf9f,42.2773337231477,-71.4189597319936,1,120.87
9f785c31-f3cc-45df-ad8d-08d9418e3073,42.0827635874011,-71.4580918227489,44,13416.24
2b2c7804-d94b-4a51-8e79-454d4cd759d1,42.2635337569436,-71.4206776869701,8,2775.48
018f3677-ec1d-408c-bd2c-782f608a9df4,42.3762522564085,-71.5647820570935,36,5163.26
161f0f86-97f5-4dfd-a54b-3ec09e77872a,42.277752147779,-71.409311825592,54,19079.06
fb476a4a-c0d7-413f-9c4a-799a1b2d4dd6,42.3000815391589,-71.2764888272577,34,10819.79
afc65aea-c4e8-4c68-ab68-956699da953a,42.2353598317718,-71.4314762611077,27,6237.48
747d8707-5db7-4c6b-b0f3-86a0d2509306,42.2939795132863,-71.4875304095465,51,10658.26
f52e15dd-a155-445b-a257-949f7b6efeba,42.2776247428432,-71.4167884836667,6,1010.9
02771dac-1a3f-4a82-a387-5d517b4b4a7f,42.2969460366336,-71.4726870639734,10,4088.07
b135140e-109e-4613-95af-0631d00cbd1e,42.2987042247477,-71.3967389700853,8,1304.31
afc65aea-c4e8-4c68-ab68-956699da953a,42.2310991424977,-71.4312093812948,28,6711.44
d89454d2-59b8-475d-8724-4381e121ba00,42.2669334570726,-71.5232104970938,68,16160.77
8983ebd0-b08f-4e96-a8ca-18da9a533641,42.270254032031,-71.4193674277882,40,17722.26
fb476a4a-c0d7-413f-9c4a-799a1b2d4dd6,42.295823532094,-71.2966858623437,25,9006.07
d1aedfe4-3b3d-448f-844d-ca7fb9a70ab2,42.2990596174633,-71.2776810692359,53,12300.45
f2a9a652-ae50-4c62-935c-bcba2dfc6b9b,42.1382209442986,-71.5346903523618,2,780.27
a19fb124-594e-4ddd-b6da-f8ca9171f8db,42.3397111797161,-71.5919058973733,33,8214.55
54365a02-9e28-4fe0-a588-fe484d81157e,42.2936174150477,-71.469366489015,24,7115.55
b135140e-109e-4613-95af-0631d00cbd1e,42.295501666993,-71.4696293455141,20,8047.93
a9376080-2b82-4edb-9474-164efab669c5,42.2777145968506,-71.4148680218976,3,836.14
8983ebd0-b08f-4e96-a8ca-18da9a533641,42.2768013046265,-71.4167683670979,47,18872.26
54365a02-9e28-4fe0-a588-fe484d81157e,42.2981101154155,-71.4328227301134,13,3772.64
b9968507-53ab-453c-bd4c-59b515649f1d,42.3282554643306,-71.6275095419591,11,4139.56
d1aedfe4-3b3d-448f-844d-ca7fb9a70ab2,42.3012603700912,-71.3482338993689,33,5756.73
fb476a4a-c0d7-413f-9c4a-799a1b2d4dd6,42.3007373393021,-71.3525240929439,11,3758.33
387741ec-af5f-4a7b-9b82-820060cdce6f,42.3016761125133,-71.3888023131372,5,329.7
dc75feae-3e40-4fb9-98b1-32d25959fe8d,42.2955754277453,-71.3808871138624,13,3924.32
1815f4a1-153a-4a27-99b8-dbb6388b9da5,42.2776234017386,-71.4166691253584,6,1048.84
2b823661-7fbc-45bc-aac0-a7fed254ae27,42.1800325620194,-71.4491640895107,12,5255.81
8983ebd0-b08f-4e96-a8ca-18da9a533641,42.2779922055001,-71.4112859315446,49,19342.07
4cebf1c5-54c8-4e64-82fe-a3337ad3146f,42.2804853189281,-71.3472562341247,94,22129.64
3eae3196-8fdf-4760-8a66-21b48a13f1dc,42.3069332424959,-71.3966772792743,74,11720.84
d1aedfe4-3b3d-448f-844d-ca7fb9a70ab2,42.311931539293,-71.2629611052848,71,16170.78
7eb551b3-dcec-4a29-a093-cdf9d4830090,42.2931037719908,-71.3862461677936,10,3427.24
d1aedfe4-3b3d-448f-844d-ca7fb9a70ab2,42.2945816692461,-71.2973430035915,44,10488.53
1ba4b168-ece7-49bc-9db3-73ad54e3bbf8,42.3382775389121,-71.5905701572043,20,7594.39
1c130b25-ee37-4058-b9cb-a955999e4e80,42.2854500881106,-71.3477564661358,58,13114.85
13f5cf06-04ba-4086-a80d-8a89787b833a,42.3023345948657,-71.386820160557,14,2972.09
1815f4a1-153a-4a27-99b8-dbb6388b9da5,42.2793346511921,-71.4167415450061,7,1239.09
8983ebd0-b08f-4e96-a8ca-18da9a533641,42.1534532102021,-71.4892912798698,4,617.39
35347850-d69a-4842-a5f4-bae7275cd779,42.3000252127662,-71.4882774048017,7,2208.52
4ce23383-aa10-4737-9d8e-d1bb1d06920c,42.3502992004335,-71.6238201632392,56,15132.15
4cebf1c5-54c8-4e64-82fe-a3337ad3146f,42.3010739565536,-71.3879802160251,34,8277.97
7ae040a5-6c96-48f1-ad52-551743a1a458,42.2750404343033,-71.3564763281629,71,14676.95
ac1d4bc6-98b7-4fa7-b20d-2deea94683e3,42.4024721921964,-71.5609692967516,76,14658.85
dc75feae-3e40-4fb9-98b1-32d25959fe8d,42.2975388048612,-71.3780547009739,14,4243.37
31481715-c247-41ac-940e-c0096e0868ba,42.1825551797482,-71.4456021157266,32,12394.89
ae46a06e-02d7-4228-8adf-b324f50d6a00,42.2213184667419,-71.5362768790887,34,13568.06
636e5ba5-1fdd-459c-82bb-59f2aead5ecf,42.2985768198119,-71.3700469654826,88,17213.81
dc75feae-3e40-4fb9-98b1-32d25959fe8d,42.2933035965743,-71.3856882682853,11,3450.75
2b823661-7fbc-45bc-aac0-a7fed254ae27,42.27655464,-71.41777396,51,17357.53
b9968507-53ab-453c-bd4c-59b515649f1d,42.3475392071926,-71.5113256282404,65,18822.9
4bd751f8-b639-4098-a1fc-a01bcb0ba4e9,42.2709809107173,-71.4009634495356,10,1411.61
16c57625-ade0-4ab0-9451-056179830dfc,42.3762334809442,-71.5646479466348,22,4223.07
5241a39d-5323-49ab-a402-b50a155e8369,42.2773565219257,-71.4099568968986,10,1308.07
dfc8cf0c-de43-47ea-9ed6-b7d8430eab32,42.2983139633128,-71.4961309132654,24,11171.49
9f785c31-f3cc-45df-ad8d-08d9418e3073,42.0871369294606,-71.493392377698,34,10250.95
9ae8aeb0-d10f-4fe2-afd8-f2dcfac6ab6c,42.3282554643306,-71.6275095419591,11,4139.56
d1aedfe4-3b3d-448f-844d-ca7fb9a70ab2,42.3026564599667,-71.3352023860933,35,6839.02
ac1d4bc6-98b7-4fa7-b20d-2deea94683e3,42.4294578987037,-71.5320979971944,58,10350.12
afc65aea-c4e8-4c68-ab68-956699da953a,42.1891493910044,-71.4396207892669,40,11827.15
2b2c7804-d94b-4a51-8e79-454d4cd759d1,42.2736537321599,-71.4110069817905,14,4660.64
35347850-d69a-4842-a5f4-bae7275cd779,42.2978056846741,-71.491812556494,4,1032.17
ac1d4bc6-98b7-4fa7-b20d-2deea94683e3,42.402489626556,-71.5566951964316,74,14288.65
9f785c31-f3cc-45df-ad8d-08d9418e3073,42.0892585569178,-71.4408532643827,54,15660.75
1c130b25-ee37-4058-b9cb-a955999e4e80,42.3089489226907,-71.3806027996899,70,19034.03
b33a3d09-539e-4afa-a893-a3de7cac00ed,42.1526123376258,-71.4874056868199,49,18350.25
018f3677-ec1d-408c-bd2c-782f608a9df4,42.3608925855692,-71.552296373385,47,7265.86
2b823661-7fbc-45bc-aac0-a7fed254ae27,42.1955933985468,-71.4344736298605,20,7448.25
fb476a4a-c0d7-413f-9c4a-799a1b2d4dd6,42.2977547226998,-71.2895967834948,27,9629.97
ab5deaba-93a4-4680-9cf5-808df07f2607,42.2936174150477,-71.469366489015,15,6503.83
18ff10fa-80ce-4f49-8d61-3c978965f923,42.2825988997578,-71.3811727691396,6,2789.58
7ae040a5-6c96-48f1-ad52-551743a1a458,42.3149490246146,-71.3617696679693,38,8600.96
f52e15dd-a155-445b-a257-949f7b6efeba,42.2939835366001,-71.4723021669568,33,8172.06
2a01e672-f3f1-4e63-b448-bcb1e805c3d3,42.3381380640351,-71.5893551164481,32,8354.41
30a9a51f-025f-476a-a501-9cda88fadee8,42.2778084741717,-71.4179150115201,146,24286.52
931ec04b-5aa1-4946-a947-7077ed74e335,42.2787365185461,-71.4098294919628,6,1126.49
b135140e-109e-4613-95af-0631d00cbd1e,42.2931145008275,-71.4673293511468,15,7401.1
fb476a4a-c0d7-413f-9c4a-799a1b2d4dd6,42.3002572238599,-71.2736751898334,35,11051.86
018f3677-ec1d-408c-bd2c-782f608a9df4,42.3945408996666,-71.5946323629995,6,604.05
afc65aea-c4e8-4c68-ab68-956699da953a,42.2775094078487,-71.4140432425763,4,751.51
23be88fa-b8dd-4094-bb1d-0092c0557a1c,42.287444310632,-71.4258208230627,15,2759.16
2b823661-7fbc-45bc-aac0-a7fed254ae27,42.1979054628554,-71.4311678070526,21,7822.51
b135140e-109e-4613-95af-0631d00cbd1e,42.3014669001977,-71.3863507739515,0,0
ab5deaba-93a4-4680-9cf5-808df07f2607,42.3292827504446,-71.5386586808359,58,20559.41
a19fb124-594e-4ddd-b6da-f8ca9171f8db,42.3480474858312,-71.6243579461788,51,14290.12
dfc8cf0c-de43-47ea-9ed6-b7d8430eab32,42.305753070459,-71.5260227934136,10,5758.86
387741ec-af5f-4a7b-9b82-820060cdce6f,42.3014669001977,-71.3863507739515,0,0
d1aedfe4-3b3d-448f-844d-ca7fb9a70ab2,42.3279134826608,-71.2525273115949,82,18878.77
afc65aea-c4e8-4c68-ab68-956699da953a,42.1856196037304,-71.440774139212,42,12234.82
4cebf1c5-54c8-4e64-82fe-a3337ad3146f,42.2748835250666,-71.4039313139874,136,30146.51
f367b809-4934-4ba5-b7ef-2e80c636be42,42.3024459065465,-71.3864835433056,9,5224.26
1291f9da-6233-4191-bfff-82c2787d82f2,42.2968427715804,-71.4834534516009,21,10043.4
d1aedfe4-3b3d-448f-844d-ca7fb9a70ab2,42.299730169757,-71.3036837460806,42,9714.41
d1aedfe4-3b3d-448f-844d-ca7fb9a70ab2,42.3103061205331,-71.2629034377875,69,15939.51
afc65aea-c4e8-4c68-ab68-956699da953a,42.2744972869454,-71.4179203759384,11,1455.87
dc75feae-3e40-4fb9-98b1-32d25959fe8d,42.291295963007,-71.3974068401698,7,2413.27
ae46a06e-02d7-4228-8adf-b324f50d6a00,42.2760623559989,-71.4107870406382,1,89.36
d1aedfe4-3b3d-448f-844d-ca7fb9a70ab2,42.3002236962452,-71.2619016326607,59,13650.17
1815f4a1-153a-4a27-99b8-dbb6388b9da5,42.2801835703959,-71.4178747783825,8,1371.67
54365a02-9e28-4fe0-a588-fe484d81157e,42.2933277364569,-71.4612286663788,20,6376.9
1ba4b168-ece7-49bc-9db3-73ad54e3bbf8,42.3397460484353,-71.5916001255274,21,7778.2
09aed2cc-296b-477d-bca2-e055ce0c98b0,42.2936174150477,-71.469366489015,18,7573.03
b33a3d09-539e-4afa-a893-a3de7cac00ed,42.2617916620846,-71.4214568687354,15,3121.95
055c56fc-9140-4b97-835b-abc9145f2aa4,42.1604712105078,-71.4999047815743,11,1992.77
8983ebd0-b08f-4e96-a8ca-18da9a533641,42.1591810678948,-71.4855643502214,5,1324.04
387741ec-af5f-4a7b-9b82-820060cdce6f,42.2987015425385,-71.401384556376,13,1614.2
54365a02-9e28-4fe0-a588-fe484d81157e,42.2760972247182,-71.4108205682528,1,87.69
16c57625-ade0-4ab0-9451-056179830dfc,42.3609636641123,-71.5522159071097,12,2131.85
4cebf1c5-54c8-4e64-82fe-a3337ad3146f,42.3023600758529,-71.3862957886634,31,8062.97
ab5deaba-93a4-4680-9cf5-808df07f2607,42.297627317764,-71.488757520244,37,13512.21
dfc8cf0c-de43-47ea-9ed6-b7d8430eab32,42.2927054639283,-71.4364249370351,45,18046.03
e6eeab87-0cca-49d4-bccc-4c5d879fbcbf,42.278373079203,-71.4095210379077,3,361.74
dc75feae-3e40-4fb9-98b1-32d25959fe8d,42.3017887652986,-71.3779661880711,20,5140.98
7eb551b3-dcec-4a29-a093-cdf9d4830090,42.2840754559085,-71.4122703023118,87,12984.56
b968a9c3-0fd4-4fc8-9c03-c3ab0fe551a0,42.1850308588166,-71.4406266177074,27,10257.37
1c130b25-ee37-4058-b9cb-a955999e4e80,42.3024190844547,-71.3864607445276,84,21675.51
23be88fa-b8dd-4094-bb1d-0092c0557a1c,42.3085385446869,-71.4804265785472,31,8879.5
012d6ffc-b612-493c-a374-88234b7fe5f5,42.29811145652,-71.440036531689,42,16419.97
636e5ba5-1fdd-459c-82bb-59f2aead5ecf,42.3024512709648,-71.385061972443,105,18657.22
b9968507-53ab-453c-bd4c-59b515649f1d,42.3366762600348,-71.6255823746671,8,2943.38
16c57625-ade0-4ab0-9451-056179830dfc,42.3482379226826,-71.5456619289912,5,594.68
b33a3d09-539e-4afa-a893-a3de7cac00ed,42.1681356232247,-71.4783746885285,45,16283.92
340851f6-b619-4b18-9fc3-a81e3b6acb63,42.302330571552,-71.3800341713449,82,17956.86
b4ccc300-ae7b-45c9-91ad-79e50bd98bd6,42.29151,-71.3564,1,978.92
931ec04b-5aa1-4946-a947-7077ed74e335,42.2777789698708,-71.4094003384948,9,1255.74
d1aedfe4-3b3d-448f-844d-ca7fb9a70ab2,42.3022219420804,-71.3611621475912,17,3668.29
b33a3d09-539e-4afa-a893-a3de7cac00ed,42.2746354207179,-71.4207004857481,9,1467.6
ac1d4bc6-98b7-4fa7-b20d-2deea94683e3,42.4591754352555,-71.4541047188106,9,592.43
7ae040a5-6c96-48f1-ad52-551743a1a458,42.2991736113533,-71.3786085771685,29,4946.14
2b823661-7fbc-45bc-aac0-a7fed254ae27,42.2014862121037,-71.4291722434266,22,8252.98
13f5cf06-04ba-4086-a80d-8a89787b833a,42.2788652645865,-71.3655274430232,87,17071.37
ab5deaba-93a4-4680-9cf5-808df07f2607,42.2932714100642,-71.4609376466833,13,5791.67
2b823661-7fbc-45bc-aac0-a7fed254ae27,42.2764794395256,-71.4104517644913,57,18301.44
dc75feae-3e40-4fb9-98b1-32d25959fe8d,42.3019818843592,-71.3840695550483,32,5669.72
4cebf1c5-54c8-4e64-82fe-a3337ad3146f,42.2729281945782,-71.3556958052931,106,23834.16
9ae8aeb0-d10f-4fe2-afd8-f2dcfac6ab6c,42.3504346519968,-71.5036947431382,76,20019.29
2b2c7804-d94b-4a51-8e79-454d4cd759d1,42.2562703344983,-71.4268346981308,5,1821.08
1291f9da-6233-4191-bfff-82c2787d82f2,42.2968628881492,-71.4833206822467,22,10054.54
420ecf08-6cea-4604-b918-890ae8b88a60,42.2778567539368,-71.4094043618086,17,5005.65
fb476a4a-c0d7-413f-9c4a-799a1b2d4dd6,42.3026564599667,-71.3352023860933,15,5208.37
16c57625-ade0-4ab0-9451-056179830dfc,42.3939333792885,-71.5667615274645,46,6982.51
8983ebd0-b08f-4e96-a8ca-18da9a533641,42.1755774125801,-71.4631021894874,9,4050.76
9f785c31-f3cc-45df-ad8d-08d9418e3073,42.0891231053545,-71.4401974642394,55,15716.88
ac1d4bc6-98b7-4fa7-b20d-2deea94683e3,42.3912270302312,-71.5656671861212,88,16211.3
b135140e-109e-4613-95af-0631d00cbd1e,42.2977413116539,-71.4194492351681,9,3173.93
62d689e9-a952-482a-b6c2-5a5fa078d2af,42.2969500599474,-71.4855643502214,7,839.6
2b823661-7fbc-45bc-aac0-a7fed254ae27,42.2264428273703,-71.4317015666784,29,11203.74
ac1d4bc6-98b7-4fa7-b20d-2deea94683e3,42.46109455592,-71.454993871152,7,366.99
018f3677-ec1d-408c-bd2c-782f608a9df4,42.3952543673071,-71.5873340718349,14,1378.25
2b823661-7fbc-45bc-aac0-a7fed254ae27,42.2407765532003,-71.4325330515226,34,12841.85
747d8707-5db7-4c6b-b0f3-86a0d2509306,42.2909647101739,-71.4904406065011,41,9698.22
1c130b25-ee37-4058-b9cb-a955999e4e80,42.3014266670601,-71.3878621988214,80,21373.2
9f785c31-f3cc-45df-ad8d-08d9418e3073,42.0892478280811,-71.4394330346246,56,15781.42
a19fb124-594e-4ddd-b6da-f8ca9171f8db,42.3290534215601,-71.6170328329225,42,10815.94
afc65aea-c4e8-4c68-ab68-956699da953a,42.2690470379023,-71.419709409458,14,2093.61
fb476a4a-c0d7-413f-9c4a-799a1b2d4dd6,42.3078733568116,-71.258660182873,51,14154.01
7ae040a5-6c96-48f1-ad52-551743a1a458,42.3023761691079,-71.3864969543515,19,3396.42
18ff10fa-80ce-4f49-8d61-3c978965f923,42.2991333782156,-71.3666486064582,19,7333.64
d1aedfe4-3b3d-448f-844d-ca7fb9a70ab2,42.2992755353019,-71.378762804196,9,1576.91
4cebf1c5-54c8-4e64-82fe-a3337ad3146f,42.2847352793655,-71.3379771314846,88,20720.7
62d689e9-a952-482a-b6c2-5a5fa078d2af,42.2954091307765,-71.4473951725599,31,5161.25
30a9a51f-025f-476a-a501-9cda88fadee8,42.2776301072616,-71.4175086568301,149,24331.91
fb476a4a-c0d7-413f-9c4a-799a1b2d4dd6,42.3340503772527,-71.244372054599,68,18539.35
afc65aea-c4e8-4c68-ab68-956699da953a,42.2156093845135,-71.4258033887031,31,8537.25
e2961827-77cf-4cf6-bafb-7d0da257ec97,42.2938923414881,-71.4672260860936,2,215.06
94059766-6fcf-458a-bee2-3d8856a98c17,42.2712531549485,-71.4434938993152,47,15723.1
b9968507-53ab-453c-bd4c-59b515649f1d,42.355019888581,-71.5542114707358,39,13010.94
d1aedfe4-3b3d-448f-844d-ca7fb9a70ab2,42.3023037494602,-71.3599806344498,24,4145.16
4f48eaa9-89c6-49b0-a7ab-ebf904a00c42,42.2880960874615,-71.4276956872759,44,7805.32
afc65aea-c4e8-4c68-ab68-956699da953a,42.2264428273703,-71.4317015666784,29,7230.43
d1aedfe4-3b3d-448f-844d-ca7fb9a70ab2,42.3010431111481,-71.388032519104,6,639.11
9ffea29d-1305-44de-bab8-8ccc2cbd144b,42.3022742451593,-71.3801816928495,25,4976.78
5241a39d-5323-49ab-a402-b50a155e8369,42.2780257331148,-71.4178613673366,3,399.08
dc75feae-3e40-4fb9-98b1-32d25959fe8d,42.2936563070808,-71.3842573096906,12,3574.73
1ba4b168-ece7-49bc-9db3-73ad54e3bbf8,42.3495575695966,-71.5191724311812,69,18349.08
636e5ba5-1fdd-459c-82bb-59f2aead5ecf,42.3001351833424,-71.2642686822574,43,6587.98
1c130b25-ee37-4058-b9cb-a955999e4e80,42.2766725585861,-71.4000836849263,11,2384.2
09aed2cc-296b-477d-bca2-e055ce0c98b0,42.3014669001977,-71.3863507739515,0,0
d1aedfe4-3b3d-448f-844d-ca7fb9a70ab2,42.3002424717094,-71.2712960702953,56,12878.05
31481715-c247-41ac-940e-c0096e0868ba,42.1797898220891,-71.4504877597384,34,12901.23
4cebf1c5-54c8-4e64-82fe-a3337ad3146f,42.2742397948647,-71.4019853712312,8,2056.56
0eda0ce6-27a8-41c6-af53-39f9365143cb,42.3021763445244,-71.3766478822618,34,9000.29
23be88fa-b8dd-4094-bb1d-0092c0557a1c,42.3045889916771,-71.4877355985484,33,9631.6
16c57625-ade0-4ab0-9451-056179830dfc,42.3942123290427,-71.5992631971397,73,10636.56
54365a02-9e28-4fe0-a588-fe484d81157e,42.2792327272435,-71.4169534395309,9,1279.65
e6eeab87-0cca-49d4-bccc-4c5d879fbcbf,42.2787539529058,-71.4096994048178,4,406.53
7eb551b3-dcec-4a29-a093-cdf9d4830090,42.2828510274202,-71.4178157697806,90,13582.63
1c130b25-ee37-4058-b9cb-a955999e4e80,42.2701199215722,-71.4030381383322,7,1184.18
dc75feae-3e40-4fb9-98b1-32d25959fe8d,42.3023506881208,-71.3796398865962,24,5296.82
636e5ba5-1fdd-459c-82bb-59f2aead5ecf,42.2990797340322,-71.3737604840851,90,17525
ab5deaba-93a4-4680-9cf5-808df07f2607,42.2941350814185,-71.4645291247683,14,6102.08
16c57625-ade0-4ab0-9451-056179830dfc,42.3919700021726,-71.5670900980884,43,6760.28
62d689e9-a952-482a-b6c2-5a5fa078d2af,42.2910773629592,-71.4883565299724,0,0
54365a02-9e28-4fe0-a588-fe484d81157e,42.2940318163652,-71.4638773479389,21,6608.24
e6eeab87-0cca-49d4-bccc-4c5d879fbcbf,42.2791603075958,-71.4166127989658,8,1198.65
4ce23383-aa10-4737-9d8e-d1bb1d06920c,42.3455154803702,-71.5503276318507,3,522.83
d1aedfe4-3b3d-448f-844d-ca7fb9a70ab2,42.2982831179072,-71.2818036247375,49,11910.04
4cebf1c5-54c8-4e64-82fe-a3337ad3146f,42.3001834631075,-71.3600906050259,69,15950.31
2b823661-7fbc-45bc-aac0-a7fed254ae27,42.2207940948483,-71.4276353375694,28,10492.44
16c57625-ade0-4ab0-9451-056179830dfc,42.3632287897604,-71.5536884399467,13,2411.08
30a9a51f-025f-476a-a501-9cda88fadee8,42.3005,-71.43454,15,3336.07
dfc8cf0c-de43-47ea-9ed6-b7d8430eab32,42.2954346117636,-71.4475359885416,42,16564.86
afc65aea-c4e8-4c68-ab68-956699da953a,42.1782113419897,-71.4583037172737,48,13957.72
4bd751f8-b639-4098-a1fc-a01bcb0ba4e9,42.2673049430433,-71.431342150649,29,6742.04
012d6ffc-b612-493c-a374-88234b7fe5f5,42.3431028332176,-71.5429971541761,8,1368.13
9ae8aeb0-d10f-4fe2-afd8-f2dcfac6ab6c,42.3478034047963,-71.5147977480172,69,18757.27
9ae8aeb0-d10f-4fe2-afd8-f2dcfac6ab6c,42.3475392071926,-71.5113256282404,70,19043.93
31481715-c247-41ac-940e-c0096e0868ba,42.1742604478753,-71.4692283552425,37,14573.4
161f0f86-97f5-4dfd-a54b-3ec09e77872a,42.279647128561,-71.4187625896193,45,17694.89
7a6353fd-f5b7-4b08-b02a-4c000e3abf9f,42.2777306901056,-71.4149256893948,3,677.87
fb476a4a-c0d7-413f-9c4a-799a1b2d4dd6,42.2995518028469,-71.2696478527574,37,11445.57
18ff10fa-80ce-4f49-8d61-3c978965f923,42.2777373956286,-71.4093896096581,3,328.49
340851f6-b619-4b18-9fc3-a81e3b6acb63,42.3193451654521,-71.2647085645621,14,2598.96
420ecf08-6cea-4604-b918-890ae8b88a60,42.2990850984505,-71.3788714336676,8,973.88
16c57625-ade0-4ab0-9451-056179830dfc,42.3494811266351,-71.5460293916481,6,736.08
ac1d4bc6-98b7-4fa7-b20d-2deea94683e3,42.436529543193,-71.4710777384685,34,4678.99
b135140e-109e-4613-95af-0631d00cbd1e,42.2967649875143,-71.471645025709,21,8265.08
7ae040a5-6c96-48f1-ad52-551743a1a458,42.3023426414932,-71.3791436778989,9,2326.19
747d8707-5db7-4c6b-b0f3-86a0d2509306,42.2979505239696,-71.4920606608427,59,11423.69
afc65aea-c4e8-4c68-ab68-956699da953a,42.2770775721716,-71.4157021889509,5,896.1
1ba4b168-ece7-49bc-9db3-73ad54e3bbf8,42.3468270806567,-71.5477272300558,53,15003.51
2b823661-7fbc-45bc-aac0-a7fed254ae27,42.1908378416799,-71.4374669752995,19,6865.18
afc65aea-c4e8-4c68-ab68-956699da953a,42.2128346391222,-71.4255365088902,32,8846.36
dc75feae-3e40-4fb9-98b1-32d25959fe8d,42.302639025607,-71.3758499250322,18,4930.53
afc65aea-c4e8-4c68-ab68-956699da953a,42.2649177768778,-71.4206495237738,15,2558.92
636e5ba5-1fdd-459c-82bb-59f2aead5ecf,42.308785307931,-71.2560986731111,28,4809.5
16c57625-ade0-4ab0-9451-056179830dfc,42.3947487708776,-71.5667226354314,48,7074.46
1291f9da-6233-4191-bfff-82c2787d82f2,42.2968709347767,-71.4835379411899,20,10035.78
d89454d2-59b8-475d-8724-4381e121ba00,42.3907844657173,-71.5657342413506,0,0
420ecf08-6cea-4604-b918-890ae8b88a60,42.2761709854705,-71.4107092565721,18,5221.52
fd4c1dc1-3c32-4573-be8a-3a9651c6107f,42.2909419113959,-71.4904794985342,33,9162.01
a19fb124-594e-4ddd-b6da-f8ca9171f8db,42.3385484420388,-71.5910730714246,35,8361.05
ac1d4bc6-98b7-4fa7-b20d-2deea94683e3,42.4454183843981,-71.4536634954014,16,2126.69
d1aedfe4-3b3d-448f-844d-ca7fb9a70ab2,42.3023050905648,-71.3093365019164,40,9150.31
fb476a4a-c0d7-413f-9c4a-799a1b2d4dd6,42.319397468531,-71.2645905473584,60,16096.16
30a9a51f-025f-476a-a501-9cda88fadee8,42.3218744887039,-71.397624099113,67,12097.97
16c57625-ade0-4ab0-9451-056179830dfc,42.3915529186459,-71.5700499159128,58,7670.7
dfc8cf0c-de43-47ea-9ed6-b7d8430eab32,42.2770842776945,-71.4175287733989,55,20674.33
340851f6-b619-4b18-9fc3-a81e3b6acb63,42.302639025607,-71.3758499250322,78,17575.46
afc65aea-c4e8-4c68-ab68-956699da953a,42.1520893068367,-71.4872340254327,56,18009.88
4cebf1c5-54c8-4e64-82fe-a3337ad3146f,42.3023761691079,-71.3864969543515,37,8530.49
695762db-d0d4-4ddc-a7ae-10275473090c,42.4115970678089,-71.5415179158162,76,9904.79
7ae040a5-6c96-48f1-ad52-551743a1a458,42.2805322575886,-71.3470792083191,61,13463.78
ac1d4bc6-98b7-4fa7-b20d-2deea94683e3,42.436308260936,-71.4695180338334,33,4548.74
d1aedfe4-3b3d-448f-844d-ca7fb9a70ab2,42.3331813414801,-71.2431033696594,85,19985.23
636e5ba5-1fdd-459c-82bb-59f2aead5ecf,42.302330571552,-71.3800341713449,98,18206.43
636e5ba5-1fdd-459c-82bb-59f2aead5ecf,42.302392262363,-71.3854401639366,106,18688.99
4bd751f8-b639-4098-a1fc-a01bcb0ba4e9,42.2636088588005,-71.4206119728453,38,8822
8983ebd0-b08f-4e96-a8ca-18da9a533641,42.2761294112283,-71.4108728713318,52,19789.56
7ae040a5-6c96-48f1-ad52-551743a1a458,42.302284973996,-71.3871286146121,22,3765.68
1815f4a1-153a-4a27-99b8-dbb6388b9da5,42.2795599567628,-71.4189503442616,9,1484.01
b4ccc300-ae7b-45c9-91ad-79e50bd98bd6,42.300620663203,-71.3502348274132,5,2678.98
02771dac-1a3f-4a82-a387-5d517b4b4a7f,42.2941779967653,-71.4636574067865,15,5317.08
ab5deaba-93a4-4680-9cf5-808df07f2607,42.3057678226094,-71.5246387734794,47,17243.98
1ba4b168-ece7-49bc-9db3-73ad54e3bbf8,42.3478034047963,-71.5147977480172,70,18757.82
f367b809-4934-4ba5-b7ef-2e80c636be42,42.2776368127845,-71.4094486182599,1,277.72
fe1b79da-593f-487c-844c-daf273066f25,42.348942002591,-71.5245153918574,8,3220.52
30a9a51f-025f-476a-a501-9cda88fadee8,42.2993734359368,-71.4343140384146,14,3209.52
004980e6-9f4c-4b6d-ba69-2c51b2ea17f2,42.2745925053711,-71.4206602526104,9,1486.57
4cebf1c5-54c8-4e64-82fe-a3337ad3146f,42.3131090291207,-71.3603038406553,58,13994.32
931ec04b-5aa1-4946-a947-7077ed74e335,42.2758746013567,-71.411843831053,11,1553.61
2b2c7804-d94b-4a51-8e79-454d4cd759d1,42.2738857432536,-71.4107508308143,15,4693.93
055c56fc-9140-4b97-835b-abc9145f2aa4,42.1499207407189,-71.4883605532861,0,0
dc75feae-3e40-4fb9-98b1-32d25959fe8d,42.3018544794234,-71.3875564269755,43,6002.82
d8ddafe1-b85e-493c-a030-1401b0ea9545,42.3146834859063,-71.5767178879212,36,4853.07
30a9a51f-025f-476a-a501-9cda88fadee8,42.330470969109,-71.4297341662487,42,7734.01
5bbefffd-60cf-4aab-a384-eb8026cde85f,42.3138895519906,-71.5740973695575,32,9021.87
9ae8aeb0-d10f-4fe2-afd8-f2dcfac6ab6c,42.330870618276,-71.6127868957989,16,5527.15
e6097e76-5b3e-4d62-a4a9-945e230f237b,42.3465722707851,-71.5508452982214,108,20230.55
5bbefffd-60cf-4aab-a384-eb8026cde85f,42.314141679653,-71.575571243499,33,9146.18
5bbefffd-60cf-4aab-a384-eb8026cde85f,42.2679258744672,-71.5227464749066,2,155.81
5bbefffd-60cf-4aab-a384-eb8026cde85f,42.3064571503673,-71.5465162126134,18,5875.39
57c05cab-d8c5-43f8-8d8f-9ecfcba3dbb3,42.3192231249346,-71.5265780107127,21,4160.76
5bbefffd-60cf-4aab-a384-eb8026cde85f,42.314616430677,-71.5701880496852,29,8679.57
e6097e76-5b3e-4d62-a4a9-945e230f237b,42.2928087289815,-71.4693128448315,46,6908.64
5bbefffd-60cf-4aab-a384-eb8026cde85f,42.3323941130873,-71.5776499556094,69,13902.7
5bbefffd-60cf-4aab-a384-eb8026cde85f,42.3323002357662,-71.5787442969528,67,13812.02
e6097e76-5b3e-4d62-a4a9-945e230f237b,42.3458011356474,-71.5524358482621,118,22578.64
5bbefffd-60cf-4aab-a384-eb8026cde85f,42.3166562507544,-71.57950067994,35,9577.02
5bbefffd-60cf-4aab-a384-eb8026cde85f,42.2769099340981,-71.5250451281694,5,1192.15
d8ddafe1-b85e-493c-a030-1401b0ea9545,42.3372596405303,-71.5928781981992,12,692.13
e6097e76-5b3e-4d62-a4a9-945e230f237b,42.3331384261333,-71.5410753513024,101,17960.56
5bbefffd-60cf-4aab-a384-eb8026cde85f,42.3262491718679,-71.5870886496954,50,12537.38
3095b873-eb06-438b-a330-1338c12a12ae,42.2784991430342,-71.4095599299407,2,384.46
e6097e76-5b3e-4d62-a4a9-945e230f237b,42.3071223382427,-71.5300139206656,90,14710.48
5bbefffd-60cf-4aab-a384-eb8026cde85f,42.3274655537287,-71.5856040469172,53,12730.38
d8ddafe1-b85e-493c-a030-1401b0ea9545,42.3364281556862,-71.5939752217516,14,840.93
012d6ffc-b612-493c-a374-88234b7fe5f5,42.2951717552645,-71.4880306415576,21,10249.11
d8ddafe1-b85e-493c-a030-1401b0ea9545,42.3139861115209,-71.5716163260708,38,5290.44
a19fb124-594e-4ddd-b6da-f8ca9171f8db,42.353677442889,-71.6149044999423,55,15460.86
d8ddafe1-b85e-493c-a030-1401b0ea9545,42.3208874357276,-71.5791358994922,34,4001.4
5bbefffd-60cf-4aab-a384-eb8026cde85f,42.2690161924968,-71.5233016922058,3,285.28
d8ddafe1-b85e-493c-a030-1401b0ea9545,42.3138452955392,-71.5738076909666,37,5109.7
d8ddafe1-b85e-493c-a030-1401b0ea9545,42.3357643089154,-71.5933516081185,16,931.69
837fca5f-265a-4a4c-9c28-0c273254ae78,42.3404675627033,-71.5606581604873,7,2791.47
5bbefffd-60cf-4aab-a384-eb8026cde85f,42.331699420911,-71.5838002612472,64,13386.62
747d8707-5db7-4c6b-b0f3-86a0d2509306,42.2971016047657,-71.4846175303827,30,8707.74
d8ddafe1-b85e-493c-a030-1401b0ea9545,42.3378470443396,-71.5899572724078,1,59.09
5bbefffd-60cf-4aab-a384-eb8026cde85f,42.3139163740823,-71.571810786236,30,8833.94
5bbefffd-60cf-4aab-a384-eb8026cde85f,42.314616430677,-71.5767809198368,34,9258.71
0eda0ce6-27a8-41c6-af53-39f9365143cb,42.3020100475556,-71.377020709337,35,9036.07
e6097e76-5b3e-4d62-a4a9-945e230f237b,42.2978915153677,-71.4392171167861,23,3484.47
d8ddafe1-b85e-493c-a030-1401b0ea9545,42.3351071676676,-71.5921325440486,18,1056.84
5bbefffd-60cf-4aab-a384-eb8026cde85f,42.2669334570726,-71.5232104970938,0,0
62d689e9-a952-482a-b6c2-5a5fa078d2af,42.2985647498706,-71.4372470341472,39,6223.2
d8ddafe1-b85e-493c-a030-1401b0ea9545,42.2743229433491,-71.52416536356,61,13256.51
5bbefffd-60cf-4aab-a384-eb8026cde85f,42.3322720725698,-71.5814090717679,66,13593.1
30a9a51f-025f-476a-a501-9cda88fadee8,42.3066502694279,-71.4334812124658,19,4081.56
5bbefffd-60cf-4aab-a384-eb8026cde85f,42.3069332424959,-71.5501439005222,19,6178.17
b968a9c3-0fd4-4fc8-9c03-c3ab0fe551a0,42.1414717818184,-71.519407124484,1,81.89
d8ddafe1-b85e-493c-a030-1401b0ea9545,42.3302751678392,-71.5881682388883,26,1978.94
5bbefffd-60cf-4aab-a384-eb8026cde85f,42.332365949891,-71.577781383859,68,13891.46
5bbefffd-60cf-4aab-a384-eb8026cde85f,42.3171591649746,-71.5807438838925,36,9693.46
5bbefffd-60cf-4aab-a384-eb8026cde85f,42.3058576766168,-71.5294278579609,12,4441.29
ebb5d4b8-b5de-42e7-8df5-be5d2199a7bd,42.3456750718161,-71.5459113744444,93,24579.38
5bbefffd-60cf-4aab-a384-eb8026cde85f,42.2705249351576,-71.5227732969984,4,458.47
5bbefffd-60cf-4aab-a384-eb8026cde85f,42.3139163740823,-71.5726047201517,31,8899.18
747d8707-5db7-4c6b-b0f3-86a0d2509306,42.2968454537896,-71.4727796001899,28,7734.23
5bbefffd-60cf-4aab-a384-eb8026cde85f,42.3274387316369,-71.5859165242861,52,12704.54
d8ddafe1-b85e-493c-a030-1401b0ea9545,42.3366588256752,-71.5941066500012,13,813.12
e6097e76-5b3e-4d62-a4a9-945e230f237b,42.2878104321844,-71.4266482845931,9,1581.48
d8ddafe1-b85e-493c-a030-1401b0ea9545,42.3361143372127,-71.5937767382727,15,879.42
d8ddafe1-b85e-493c-a030-1401b0ea9545,42.3353512487025,-71.5927655454138,17,998.2
5bbefffd-60cf-4aab-a384-eb8026cde85f,42.2849686315637,-71.5259262338833,7,2092.08
d8ddafe1-b85e-493c-a030-1401b0ea9545,42.3147679754953,-71.5699922484155,39,5449.68
5bbefffd-60cf-4aab-a384-eb8026cde85f,42.2671158472965,-71.5224822773029,1,63.22
23be88fa-b8dd-4094-bb1d-0092c0557a1c,42.2899682694655,-71.4288342850706,17,3143.38
5bbefffd-60cf-4aab-a384-eb8026cde85f,42.319673736076,-71.5795342075547,37,9990.03
e6097e76-5b3e-4d62-a4a9-945e230f237b,42.3042175057064,-71.5206100952989,84,13721.51
5bbefffd-60cf-4aab-a384-eb8026cde85f,42.2939661022405,-71.5269079224412,9,3095.25
5bbefffd-60cf-4aab-a384-eb8026cde85f,42.3300981420337,-71.5854055634383,42,11409.12
30a9a51f-025f-476a-a501-9cda88fadee8,42.3023480059116,-71.3865640095809,93,16530.81
d8ddafe1-b85e-493c-a030-1401b0ea9545,42.334715565128,-71.5905446762171,19,1194.34
5bbefffd-60cf-4aab-a384-eb8026cde85f,42.3315854270211,-71.585884337776,60,13213
e6097e76-5b3e-4d62-a4a9-945e230f237b,42.3234476043849,-71.5314301271099,96,16600.07
5bbefffd-60cf-4aab-a384-eb8026cde85f,42.332388748669,-71.5775627838113,71,14017.48
30a9a51f-025f-476a-a501-9cda88fadee8,42.328959544239,-71.4237514986844,46,8300.77
d8ddafe1-b85e-493c-a030-1401b0ea9545,42.3074374978207,-71.5551220807506,46,7538.43
474b7e9c-16d3-4964-ba1e-1c40e6d6be04,42.3517931909438,-71.5359979293345,8,1596.76
5bbefffd-60cf-4aab-a384-eb8026cde85f,42.33189790439,-71.5774045334699,70,13961.41
d8ddafe1-b85e-493c-a030-1401b0ea9545,42.337692817312,-71.5898540073546,2,78.21
e6097e76-5b3e-4d62-a4a9-945e230f237b,42.2940800961304,-71.4672529081853,50,7219.75
d8ddafe1-b85e-493c-a030-1401b0ea9545,42.3331934114214,-71.586904918367,22,1540.23
c8d23e47-25a2-4935-8987-25adf1a844b3,42.3279255526022,-71.5851024738015,25,2150.77
d8ddafe1-b85e-493c-a030-1401b0ea9545,42.3155967781303,-71.5654378572367,40,5835.07
d8ddafe1-b85e-493c-a030-1401b0ea9545,42.2913978869556,-71.5265257076338,58,11346.5
e6097e76-5b3e-4d62-a4a9-945e230f237b,42.3455999699593,-71.5519329340418,120,22639.27
d8ddafe1-b85e-493c-a030-1401b0ea9545,42.3141430207576,-71.563132498451,42,6107.29
d8ddafe1-b85e-493c-a030-1401b0ea9545,42.3074093346244,-71.5516459376601,47,7824.11
4cebf1c5-54c8-4e64-82fe-a3337ad3146f,42.2767288849788,-71.3549219879462,100,23156.88
d8ddafe1-b85e-493c-a030-1401b0ea9545,42.3105944580194,-71.5620743669316,45,6868.01
c8d23e47-25a2-4935-8987-25adf1a844b3,42.337692817312,-71.5898540073546,2,78.21
e6097e76-5b3e-4d62-a4a9-945e230f237b,42.2770842776945,-71.4175287733989,0,0
5bbefffd-60cf-4aab-a384-eb8026cde85f,42.3276948826131,-71.5845606675482,40,11115.99
bd433f74-e551-4a3c-91ae-4a735e4e28eb,42.2749613091327,-71.4107830173244,103,17820.91
5bbefffd-60cf-4aab-a384-eb8026cde85f,42.3052541795524,-71.5343886038296,14,4854.89
57c05cab-d8c5-43f8-8d8f-9ecfcba3dbb3,42.3059569183562,-71.5156573960577,26,5976.83
d8ddafe1-b85e-493c-a030-1401b0ea9545,42.3059274140553,-71.5294707733077,55,9705.72
d8ddafe1-b85e-493c-a030-1401b0ea9545,42.3065148178646,-71.5426565136109,49,8581.66
e6097e76-5b3e-4d62-a4a9-945e230f237b,42.3123164363096,-71.5319236535981,92,15308.73
5bbefffd-60cf-4aab-a384-eb8026cde85f,42.3323270578579,-71.579783653008,72,14200.04
5bbefffd-60cf-4aab-a384-eb8026cde85f,42.3316913742835,-71.5858816555668,43,11590.43
e2961827-77cf-4cf6-bafb-7d0da257ec97,42.2986465572504,-71.3981390832746,17,6601.76
5bbefffd-60cf-4aab-a384-eb8026cde85f,42.286699997586,-71.5260402277732,8,2284.7
5bbefffd-60cf-4aab-a384-eb8026cde85f,42.3064021650792,-71.5427383209907,17,5564.86
5bbefffd-60cf-4aab-a384-eb8026cde85f,42.30002923608,-71.5276254133955,10,3771.56
5bbefffd-60cf-4aab-a384-eb8026cde85f,42.3332269390361,-71.5869384459816,76,14893.24
e2961827-77cf-4cf6-bafb-7d0da257ec97,42.2964565334592,-71.3991918503756,15,6302.6
5bbefffd-60cf-4aab-a384-eb8026cde85f,42.3238378658198,-71.5786262797491,38,10458.72
5bbefffd-60cf-4aab-a384-eb8026cde85f,42.3295684057217,-71.5890949421582,45,11950.38
747d8707-5db7-4c6b-b0f3-86a0d2509306,42.2790208327187,-71.4200715076966,3,339.84
d8ddafe1-b85e-493c-a030-1401b0ea9545,42.3133329935868,-71.5654754081652,43,6319.81
5bbefffd-60cf-4aab-a384-eb8026cde85f,42.3060373846315,-71.5373350106081,15,5112.19
8983ebd0-b08f-4e96-a8ca-18da9a533641,42.226261778251,-71.4317887384766,27,12044.41
d8ddafe1-b85e-493c-a030-1401b0ea9545,42.3337660630802,-71.587925498958,20,1433.97
5bbefffd-60cf-4aab-a384-eb8026cde85f,42.3366534612568,-71.5941026266874,84,15613.62
13f5cf06-04ba-4086-a80d-8a89787b833a,42.2826672960917,-71.3771548197958,95,18630.32
5bbefffd-60cf-4aab-a384-eb8026cde85f,42.3320199449074,-71.5826562990341,73,14438.47
c8d23e47-25a2-4935-8987-25adf1a844b3,42.3074093346244,-71.5516459376601,41,7030.35
a19fb124-594e-4ddd-b6da-f8ca9171f8db,42.3359775445448,-71.5995233714296,39,9149.84
5bbefffd-60cf-4aab-a384-eb8026cde85f,42.3381380640351,-71.5893551164481,91,16160.9
d8ddafe1-b85e-493c-a030-1401b0ea9545,42.306068230037,-71.5373671971182,51,9033.3
8983ebd0-b08f-4e96-a8ca-18da9a533641,42.2574142967113,-71.4256035641196,38,16173.66
d8ddafe1-b85e-493c-a030-1401b0ea9545,42.3327816923131,-71.586498563677,23,1596.86
5bbefffd-60cf-4aab-a384-eb8026cde85f,42.3344942828711,-71.5898969227014,78,15175.6
474b7e9c-16d3-4964-ba1e-1c40e6d6be04,42.3512017638207,-71.5355178138922,9,1673.4
5bbefffd-60cf-4aab-a384-eb8026cde85f,42.2832922508295,-71.5260013357402,6,1905.7
5bbefffd-60cf-4aab-a384-eb8026cde85f,42.3281709747416,-71.5896246784702,46,12111.65
4cebf1c5-54c8-4e64-82fe-a3337ad3146f,42.2990099965936,-71.3875014416874,44,9301.22
5bbefffd-60cf-4aab-a384-eb8026cde85f,42.3283104496187,-71.5853532603594,41,11210.43
7903a5c3-a394-4988-98b4-6f3f4c5ccd69,42.3061044398609,-71.5293393450582,12,8072.29
d8ddafe1-b85e-493c-a030-1401b0ea9545,42.3058442655709,-71.5406153524289,50,8765.21
695762db-d0d4-4ddc-a7ae-10275473090c,42.3904733294531,-71.5658817628552,33,6142.74
5bbefffd-60cf-4aab-a384-eb8026cde85f,42.3379154406736,-71.592069512133,87,15833.99
d8ddafe1-b85e-493c-a030-1401b0ea9545,42.3063753429875,-71.5474160937915,48,8190.21
5bbefffd-60cf-4aab-a384-eb8026cde85f,42.301287192183,-71.527587862467,11,3911.38
747d8707-5db7-4c6b-b0f3-86a0d2509306,42.2958449897674,-71.4701255542115,26,7485.3
0eda0ce6-27a8-41c6-af53-39f9365143cb,42.2989496468872,-71.3735928460117,47,10160.05
5bbefffd-60cf-4aab-a384-eb8026cde85f,42.3264664308111,-71.5899036282244,47,12302.44
d8ddafe1-b85e-493c-a030-1401b0ea9545,42.2669334570726,-71.5232104970938,65,14166.07
d8ddafe1-b85e-493c-a030-1401b0ea9545,42.3116284496563,-71.5661177972625,44,6516.44
e6097e76-5b3e-4d62-a4a9-945e230f237b,42.2939459856716,-71.4584244166866,37,5843.68
9ffea29d-1305-44de-bab8-8ccc2cbd144b,42.3017887652986,-71.3779661880711,19,4775.36
d8ddafe1-b85e-493c-a030-1401b0ea9545,42.3053413513506,-71.5345334431251,53,9283.82
5bbefffd-60cf-4aab-a384-eb8026cde85f,42.3304897445732,-71.588263457314,44,11827.31
d8ddafe1-b85e-493c-a030-1401b0ea9545,42.3315854270211,-71.585884337776,24,1739.04
b968a9c3-0fd4-4fc8-9c03-c3ab0fe551a0,42.1422160948644,-71.5178541253718,2,234.25
d8ddafe1-b85e-493c-a030-1401b0ea9545,42.3151206860018,-71.563662234763,41,5990.26
5bbefffd-60cf-4aab-a384-eb8026cde85f,42.3389775955068,-71.5897252613142,90,16062.78
5bbefffd-60cf-4aab-a384-eb8026cde85f,42.3059528950425,-71.5410002494454,16,5413.55
5bbefffd-60cf-4aab-a384-eb8026cde85f,42.3055612925029,-71.5311766583429,13,4588.73
e6097e76-5b3e-4d62-a4a9-945e230f237b,42.3255678907375,-71.5340251644865,97,16917.82
f2a9a652-ae50-4c62-935c-bcba2dfc6b9b,42.1508581728255,-71.5324091334587,9,2807.44
d8ddafe1-b85e-493c-a030-1401b0ea9545,42.3335353930912,-71.5873675994496,21,1486.48
d8ddafe1-b85e-493c-a030-1401b0ea9545,42.3054258409396,-71.5356666765014,52,9190.22
5bbefffd-60cf-4aab-a384-eb8026cde85f,42.3353177210878,-71.5926743503019,81,15421.86
5bbefffd-60cf-4aab-a384-eb8026cde85f,42.331767817245,-71.5837533225866,74,14532.84
e6097e76-5b3e-4d62-a4a9-945e230f237b,42.3427782859074,-71.5617605484581,111,21343.76
d8ddafe1-b85e-493c-a030-1401b0ea9545,42.3020717383666,-71.527809144724,56,10155.4
5bbefffd-60cf-4aab-a384-eb8026cde85f,42.326235760822,-71.5884860806755,48,12421.68
5bbefffd-60cf-4aab-a384-eb8026cde85f,42.3261794344294,-71.5877028755965,49,12486.33
f048fe5c-d1d1-4c9c-af90-f7bd939d73ac,42.2775281833129,-71.4142135628589,4,760.95
e6097e76-5b3e-4d62-a4a9-945e230f237b,42.2967703519327,-71.4920834596207,65,9667.97
23be88fa-b8dd-4094-bb1d-0092c0557a1c,42.3455664423446,-71.5458456603197,58,17965.97
695762db-d0d4-4ddc-a7ae-10275473090c,42.3465521542163,-71.5507970184563,1,57.09
5bbefffd-60cf-4aab-a384-eb8026cde85f,42.3248731985612,-71.5794591056978,39,10592.57
d8ddafe1-b85e-493c-a030-1401b0ea9545,42.3056203011048,-71.5311699528199,54,9561.97
5bbefffd-60cf-4aab-a384-eb8026cde85f,42.3265562848184,-71.5865401379192,51,12593.91
f048fe5c-d1d1-4c9c-af90-f7bd939d73ac,42.2703264516787,-71.5226928307231,45,11657.71
e6097e76-5b3e-4d62-a4a9-945e230f237b,42.3020583273207,-71.5046777728008,78,12342.85
d8ddafe1-b85e-493c-a030-1401b0ea9545,42.3381380640351,-71.5893551164481,0,0
e6097e76-5b3e-4d62-a4a9-945e230f237b,42.343861898414,-71.5629380382858,112,21498.2
23be88fa-b8dd-4094-bb1d-0092c0557a1c,42.3454899993831,-71.5503531128379,61,18382.09
f048fe5c-d1d1-4c9c-af90-f7bd939d73ac,42.2760422394301,-71.4305307823736,11,2269.52
f048fe5c-d1d1-4c9c-af90-f7bd939d73ac,42.2758746013567,-71.411843831053,0,0
e6097e76-5b3e-4d62-a4a9-945e230f237b,42.293675082545,-71.4672260860936,49,7174.69
3eae3196-8fdf-4760-8a66-21b48a13f1dc,42.314593631899,-71.4006710887355,95,13688.45
f048fe5c-d1d1-4c9c-af90-f7bd939d73ac,42.2755111620135,-71.4270948724207,9,1976.12
f048fe5c-d1d1-4c9c-af90-f7bd939d73ac,42.2644162037621,-71.4893583350991,33,8475.32
f048fe5c-d1d1-4c9c-af90-f7bd939d73ac,42.2744503482849,-71.4261118427582,7,1812.54
b9968507-53ab-453c-bd4c-59b515649f1d,42.330870618276,-71.6127868957989,16,5527.15
2a01e672-f3f1-4e63-b448-bcb1e805c3d3,42.3465655652622,-71.5542221995724,6,889.65
f048fe5c-d1d1-4c9c-af90-f7bd939d73ac,42.265589670276,-71.4827882637255,31,7907.11
f048fe5c-d1d1-4c9c-af90-f7bd939d73ac,42.2626566745434,-71.480485587149,29,7522.04
747d8707-5db7-4c6b-b0f3-86a0d2509306,42.2978110490925,-71.4487630992391,13,4657.5
30a9a51f-025f-476a-a501-9cda88fadee8,42.3297427493181,-71.4311195272874,41,7594.37
f048fe5c-d1d1-4c9c-af90-f7bd939d73ac,42.2727994485378,-71.4459011820496,17,3609.46
e878f995-434e-4d2c-907f-09935bb474c7,42.2939459856716,-71.4663355926475,10,1985.02
f048fe5c-d1d1-4c9c-af90-f7bd939d73ac,42.2746716305418,-71.4397844040265,15,3050.34
f048fe5c-d1d1-4c9c-af90-f7bd939d73ac,42.3064571503673,-71.5441169765065,50,16883.08
f048fe5c-d1d1-4c9c-af90-f7bd939d73ac,42.3317798871863,-71.5832772304581,66,23077.94
57c05cab-d8c5-43f8-8d8f-9ecfcba3dbb3,42.3463737873062,-71.5459060100261,6,576.54
bd433f74-e551-4a3c-91ae-4a735e4e28eb,42.2998057,-71.39492154,56,7463
f048fe5c-d1d1-4c9c-af90-f7bd939d73ac,42.3058187845837,-71.5293299573261,49,15665.82
f048fe5c-d1d1-4c9c-af90-f7bd939d73ac,42.2605618691779,-71.4650052168968,25,6104.59
695762db-d0d4-4ddc-a7ae-10275473090c,42.3903888398641,-71.565840188613,34,6152.73
e2961827-77cf-4cf6-bafb-7d0da257ec97,42.2993560015771,-71.3779956923721,20,8259.44
f048fe5c-d1d1-4c9c-af90-f7bd939d73ac,42.2751517459841,-71.4220295203942,5,1455.71
7eb551b3-dcec-4a29-a093-cdf9d4830090,42.2735410793746,-71.4108956701097,111,18080.99
f048fe5c-d1d1-4c9c-af90-f7bd939d73ac,42.2756506368906,-71.4322299618858,12,2415.85
f048fe5c-d1d1-4c9c-af90-f7bd939d73ac,42.276386903309,-71.4105550295446,1,120.29
747d8707-5db7-4c6b-b0f3-86a0d2509306,42.2933800395358,-71.4672944824275,16,6330.83
f048fe5c-d1d1-4c9c-af90-f7bd939d73ac,42.288510488779,-71.5258873418502,47,13709.4
3095b873-eb06-438b-a330-1338c12a12ae,42.2813235092952,-71.3960791466283,3,1536.35
f048fe5c-d1d1-4c9c-af90-f7bd939d73ac,42.275902764553,-71.4281516628356,10,2073.3
f048fe5c-d1d1-4c9c-af90-f7bd939d73ac,42.2642485656886,-71.4904915684755,34,8570.35
e6097e76-5b3e-4d62-a4a9-945e230f237b,42.2934229548826,-71.4604923999603,39,6024.94
a19fb124-594e-4ddd-b6da-f8ca9171f8db,42.3519554645989,-71.6172769139574,54,15187.79
f9a10342-e44e-4a6b-8ec9-2ce051d39cf6,42.2758746013567,-71.411843831053,0,0
f048fe5c-d1d1-4c9c-af90-f7bd939d73ac,42.2657304862577,-71.4847516408415,32,8069.32
f048fe5c-d1d1-4c9c-af90-f7bd939d73ac,42.269418523873,-71.449829277386,18,4104.9
e6097e76-5b3e-4d62-a4a9-945e230f237b,42.3419776464687,-71.5604797935772,110,21205.99
0eda0ce6-27a8-41c6-af53-39f9365143cb,42.3008620620288,-71.3773063646142,26,8586.69
f048fe5c-d1d1-4c9c-af90-f7bd939d73ac,42.2745334967693,-71.4267166809271,8,1863.12
fd4c1dc1-3c32-4573-be8a-3a9651c6107f,42.2935570653413,-71.4874579898988,27,8582.39
f048fe5c-d1d1-4c9c-af90-f7bd939d73ac,42.2730515762002,-71.443068769161,16,3374.89
f048fe5c-d1d1-4c9c-af90-f7bd939d73ac,42.3072001223087,-71.5508640736856,51,17443.66
f048fe5c-d1d1-4c9c-af90-f7bd939d73ac,42.2618466473726,-71.4800698447269,28,7425.76
e6097e76-5b3e-4d62-a4a9-945e230f237b,42.3213300002414,-71.5297456997481,95,16327.08
9ffea29d-1305-44de-bab8-8ccc2cbd144b,42.3019148291299,-71.3873257569865,41,5617.09
f048fe5c-d1d1-4c9c-af90-f7bd939d73ac,42.2646415093327,-71.4815048266354,30,7757.98
f048fe5c-d1d1-4c9c-af90-f7bd939d73ac,42.3021025837721,-71.5274631397404,48,15225.3
e6097e76-5b3e-4d62-a4a9-945e230f237b,42.2971257446483,-71.4899578088497,66,9847.09
b33a3d09-539e-4afa-a893-a3de7cac00ed,42.1499207407189,-71.4883605532861,52,18862.98
1c130b25-ee37-4058-b9cb-a955999e4e80,42.2787016498269,-71.3985025226177,12,2644.46
f048fe5c-d1d1-4c9c-af90-f7bd939d73ac,42.2753985092282,-71.4357436559048,13,2706.1
f048fe5c-d1d1-4c9c-af90-f7bd939d73ac,42.2669039527717,-71.4497528344246,19,4384.39
e6097e76-5b3e-4d62-a4a9-945e230f237b,42.2781169282268,-71.4199990880489,2,239.22
35790a43-db65-4f9e-93e2-e64c2084cc4f,42.2642485656886,-71.4904915684755,34,8570.35
f048fe5c-d1d1-4c9c-af90-f7bd939d73ac,42.2742572292243,-71.4252776757048,6,1740.67
f048fe5c-d1d1-4c9c-af90-f7bd939d73ac,42.2665673355202,-71.4963816998232,35,9118.98
f048fe5c-d1d1-4c9c-af90-f7bd939d73ac,42.3073074106757,-71.5639291145759,52,18517.39
e6097e76-5b3e-4d62-a4a9-945e230f237b,42.3455315736253,-71.5485935836192,106,19956.24
1c130b25-ee37-4058-b9cb-a955999e4e80,42.2842618694461,-71.3392900728756,52,11922.91
695762db-d0d4-4ddc-a7ae-10275473090c,42.4620091892486,-71.4564865205578,109,22214.42
35790a43-db65-4f9e-93e2-e64c2084cc4f,42.2760422394301,-71.4305307823736,11,2269.52
f048fe5c-d1d1-4c9c-af90-f7bd939d73ac,42.2785286473351,-71.5256003454686,46,12599.97
180be292-bc10-4779-a17a-f90a68994351,42.314616430677,-71.5767809198368,34,9258.71
35790a43-db65-4f9e-93e2-e64c2084cc4f,42.3316739399239,-71.5854672542493,65,22897.65
180be292-bc10-4779-a17a-f90a68994351,42.3369471631615,-71.5933931823607,53,12569.05
35790a43-db65-4f9e-93e2-e64c2084cc4f,42.2677582363938,-71.5120994455874,40,10461.22
747d8707-5db7-4c6b-b0f3-86a0d2509306,42.2781169282268,-71.4199990880489,2,239.22
23be88fa-b8dd-4094-bb1d-0092c0557a1c,42.2966402647877,-71.4372389875197,20,4474.75
35790a43-db65-4f9e-93e2-e64c2084cc4f,42.2666223208083,-71.5058968368707,38,9935.35
180be292-bc10-4779-a17a-f90a68994351,42.3283104496187,-71.5853532603594,41,11210.43
35790a43-db65-4f9e-93e2-e64c2084cc4f,42.2727994485378,-71.4459011820496,17,3609.46
f048fe5c-d1d1-4c9c-af90-f7bd939d73ac,42.27534352394,-71.4369895420664,14,2808.72
e878f995-434e-4d2c-907f-09935bb474c7,42.2770842776945,-71.4175287733989,27,8071.11
30a9a51f-025f-476a-a501-9cda88fadee8,42.2998057,-71.39492154,102,17383.47
35790a43-db65-4f9e-93e2-e64c2084cc4f,42.2755111620135,-71.4270948724207,9,1976.12
180be292-bc10-4779-a17a-f90a68994351,42.314141679653,-71.575571243499,33,9146.18
180be292-bc10-4779-a17a-f90a68994351,42.2705249351576,-71.5227732969984,4,458.47
f048fe5c-d1d1-4c9c-af90-f7bd939d73ac,42.267292873102,-71.4978166817317,36,9261.89
837fca5f-265a-4a4c-9c28-0c273254ae78,42.3517931909438,-71.5359979293345,37,8305.06
35790a43-db65-4f9e-93e2-e64c2084cc4f,42.3387791120278,-71.5895978563784,77,24277.99
180be292-bc10-4779-a17a-f90a68994351,42.3074066524152,-71.5554895434075,21,6633.24
35790a43-db65-4f9e-93e2-e64c2084cc4f,42.2686245899573,-71.5150820621897,41,10724.7
2a01e672-f3f1-4e63-b448-bcb1e805c3d3,42.3501302212554,-71.5581006740392,10,2187.1
30a9a51f-025f-476a-a501-9cda88fadee8,42.3304267126576,-71.4258892193967,45,8061.15
35790a43-db65-4f9e-93e2-e64c2084cc4f,42.3283292250829,-71.5853277793722,62,22513.8
180be292-bc10-4779-a17a-f90a68994351,42.3373307190735,-71.5927507932634,54,12636.88
35790a43-db65-4f9e-93e2-e64c2084cc4f,42.2620706118387,-71.4665917436237,26,6317.03
f048fe5c-d1d1-4c9c-af90-f7bd939d73ac,42.2654796996998,-71.451187816333,20,4581.8
695762db-d0d4-4ddc-a7ae-10275473090c,42.4165604958868,-71.5405254984215,79,10483.03
35790a43-db65-4f9e-93e2-e64c2084cc4f,42.2665673355202,-71.4963816998232,35,9118.98
180be292-bc10-4779-a17a-f90a68994351,42.2669334570726,-71.5232104970938,0,0
35790a43-db65-4f9e-93e2-e64c2084cc4f,42.3318630356707,-71.5860063782934,67,22952.66
f048fe5c-d1d1-4c9c-af90-f7bd939d73ac,42.3118725306912,-71.5660829285433,53,19054.66
747d8707-5db7-4c6b-b0f3-86a0d2509306,42.2941350814185,-71.4645291247683,15,6088.54
57c05cab-d8c5-43f8-8d8f-9ecfcba3dbb3,42.3426441754487,-71.5425921405907,10,1095.26
bd433f74-e551-4a3c-91ae-4a735e4e28eb,42.2758746013567,-71.411843831053,104,17954.73
35790a43-db65-4f9e-93e2-e64c2084cc4f,42.2756506368906,-71.4322299618858,12,2415.85
180be292-bc10-4779-a17a-f90a68994351,42.3141135164567,-71.5633108653611,26,8017.06
35790a43-db65-4f9e-93e2-e64c2084cc4f,42.3058187845837,-71.5293299573261,49,15665.82
e6097e76-5b3e-4d62-a4a9-945e230f237b,42.2935074444716,-71.4615880824082,40,6115.49
e2961827-77cf-4cf6-bafb-7d0da257ec97,42.2935235377266,-71.4621030665698,6,652.79
180be292-bc10-4779-a17a-f90a68994351,42.3354799947429,-71.593005603135,50,12343.14
180be292-bc10-4779-a17a-f90a68994351,42.2832922508295,-71.5260013357402,6,1905.7
35790a43-db65-4f9e-93e2-e64c2084cc4f,42.3064571503673,-71.5441169765065,50,16883.08
7eb551b3-dcec-4a29-a093-cdf9d4830090,42.2749613091327,-71.4107830173244,112,18239.08
35790a43-db65-4f9e-93e2-e64c2084cc4f,42.2670689086359,-71.5088781123685,39,10185.48
180be292-bc10-4779-a17a-f90a68994351,42.314616430677,-71.5701880496852,29,8679.57
180be292-bc10-4779-a17a-f90a68994351,42.3059528950425,-71.5410002494454,16,5413.55
f048fe5c-d1d1-4c9c-af90-f7bd939d73ac,42.2600307917613,-71.4581722890241,23,5539.41
f048fe5c-d1d1-4c9c-af90-f7bd939d73ac,42.2614832080295,-71.4524712534232,21,5038.26
4cebf1c5-54c8-4e64-82fe-a3337ad3146f,42.2788652645865,-71.3655274430232,120,25749.19
3095b873-eb06-438b-a330-1338c12a12ae,42.2854500881106,-71.3477564661358,11,6215.31
35790a43-db65-4f9e-93e2-e64c2084cc4f,42.2730515762002,-71.443068769161,16,3374.89
180be292-bc10-4779-a17a-f90a68994351,42.334975739418,-71.5914458984998,47,12202.27
180be292-bc10-4779-a17a-f90a68994351,42.3139163740823,-71.5726047201517,31,8899.18
f048fe5c-d1d1-4c9c-af90-f7bd939d73ac,42.2674055258873,-71.5006477535157,37,9495.03
f048fe5c-d1d1-4c9c-af90-f7bd939d73ac,42.3139968403576,-71.5634986200034,54,19372.18
a19fb124-594e-4ddd-b6da-f8ca9171f8db,42.3415431285824,-71.5648289957541,21,5647.89
7eb551b3-dcec-4a29-a093-cdf9d4830090,42.2748258575693,-71.4145273813324,110,17750.01
35790a43-db65-4f9e-93e2-e64c2084cc4f,42.3381380640351,-71.5893551164481,78,24351.96
180be292-bc10-4779-a17a-f90a68994351,42.2690161924968,-71.5233016922058,3,285.28
35790a43-db65-4f9e-93e2-e64c2084cc4f,42.3387241267398,-71.5903917902942,76,24212.49
837fca5f-265a-4a4c-9c28-0c273254ae78,42.3416933322962,-71.5601646339992,8,2933.58
4ce23383-aa10-4737-9d8e-d1bb1d06920c,42.329557676885,-71.6306893009358,50,12581.48
35790a43-db65-4f9e-93e2-e64c2084cc4f,42.3301343518576,-71.5854310444254,63,22714.56
180be292-bc10-4779-a17a-f90a68994351,42.3055612925029,-71.5311766583429,13,4588.73
35790a43-db65-4f9e-93e2-e64c2084cc4f,42.3235522105427,-71.5784331606885,61,21737.52
62d689e9-a952-482a-b6c2-5a5fa078d2af,42.2943617280937,-71.4686624091066,14,2424.86
30a9a51f-025f-476a-a501-9cda88fadee8,42.302967596231,-71.3972029922726,107,17929.85
35790a43-db65-4f9e-93e2-e64c2084cc4f,42.267292873102,-71.4978166817317,36,9261.89
180be292-bc10-4779-a17a-f90a68994351,42.3351232609226,-71.5921365673624,48,12261.32
180be292-bc10-4779-a17a-f90a68994351,42.3336131771572,-71.5875432841506,45,11847.53
180be292-bc10-4779-a17a-f90a68994351,42.3052541795524,-71.5343886038296,14,4854.89
f048fe5c-d1d1-4c9c-af90-f7bd939d73ac,42.2605337059816,-71.4641375222288,24,6033.16
9ffea29d-1305-44de-bab8-8ccc2cbd144b,42.3019926131959,-71.3812921274478,27,5074.66
35790a43-db65-4f9e-93e2-e64c2084cc4f,42.2753985092282,-71.4357436559048,13,2706.1
180be292-bc10-4779-a17a-f90a68994351,42.3358702561778,-71.5934696253222,51,12400.88
180be292-bc10-4779-a17a-f90a68994351,42.3088040833952,-71.5585123931475,22,6926.19
180be292-bc10-4779-a17a-f90a68994351,42.3366534612568,-71.5941026266874,52,12502.26
f048fe5c-d1d1-4c9c-af90-f7bd939d73ac,42.2666223208083,-71.5058968368707,38,9935.35
b33a3d09-539e-4afa-a893-a3de7cac00ed,42.1495894878858,-71.4864669136087,51,18702.69
180be292-bc10-4779-a17a-f90a68994351,42.3105086273258,-71.561949644205,23,7266.27
180be292-bc10-4779-a17a-f90a68994351,42.3115976042508,-71.5659930745359,24,7619.88
180be292-bc10-4779-a17a-f90a68994351,42.286699997586,-71.5260402277732,8,2284.7
180be292-bc10-4779-a17a-f90a68994351,42.3332269390361,-71.5869384459816,44,11781.88
1c130b25-ee37-4058-b9cb-a955999e4e80,42.2805362809024,-71.399626368262,13,2868.29
180be292-bc10-4779-a17a-f90a68994351,42.3058576766168,-71.5294278579609,12,4441.29
fd4c1dc1-3c32-4573-be8a-3a9651c6107f,42.3059354606828,-71.5235793008554,47,14307.98
402fe3ba-d292-4403-bc24-833e5ba04561,42.2990515708358,-71.3594884490662,4,2014.7
7def5309-57de-4b5b-b6c1-7e3793374494,42.2992567598377,-71.3767162785957,10,5071.77
4cebf1c5-54c8-4e64-82fe-a3337ad3146f,42.2838032116772,-71.3387522899361,85,20254.84
13f5cf06-04ba-4086-a80d-8a89787b833a,42.2990099965936,-71.3875014416874,26,4167.15
4bd751f8-b639-4098-a1fc-a01bcb0ba4e9,42.268521,-71.432618,26,6170.87
0743cc3d-3ccf-45a0-8f97-888a39b21570,42.3001378655516,-71.3619399882519,7,2272.67
ebb5d4b8-b5de-42e7-8df5-be5d2199a7bd,42.2645060577694,-71.5247688606244,56,14662.68
ebb5d4b8-b5de-42e7-8df5-be5d2199a7bd,42.2053284767466,-71.5110211974991,28,7696.88
0743cc3d-3ccf-45a0-8f97-888a39b21570,42.2993452727404,-71.3594173705231,5,1919.07
9ae8aeb0-d10f-4fe2-afd8-f2dcfac6ab6c,42.3516376228117,-71.4875853948346,80,21360.66
0eda0ce6-27a8-41c6-af53-39f9365143cb,42.2997422396983,-71.3766814098764,24,8451.78
695762db-d0d4-4ddc-a7ae-10275473090c,42.3805290389376,-71.5646801331449,25,4702.44
b4ccc300-ae7b-45c9-91ad-79e50bd98bd6,42.2992728530927,-71.3666231254711,7,7010.57
9ae8aeb0-d10f-4fe2-afd8-f2dcfac6ab6c,42.3485772221432,-71.5616680122416,33,11942
320755bd-42ae-4afa-92ee-4790802c99e4,42.282149629721,-71.3613941586849,16,8894.61
695762db-d0d4-4ddc-a7ae-10275473090c,42.4347901305431,-71.4949775633202,92,15597.15
ebb5d4b8-b5de-42e7-8df5-be5d2199a7bd,42.1931150372693,-71.5039991738796,25,6208.83
d1aedfe4-3b3d-448f-844d-ca7fb9a70ab2,42.2984064995293,-71.278896109992,51,12158.8
161f0f86-97f5-4dfd-a54b-3ec09e77872a,42.2928449388054,-71.4619662739018,32,12294.97
d1aedfe4-3b3d-448f-844d-ca7fb9a70ab2,42.3015460253683,-71.3598223841084,19,3859.07
16c57625-ade0-4ab0-9451-056179830dfc,42.3787037955942,-71.5652487614899,24,4502.91
018f3677-ec1d-408c-bd2c-782f608a9df4,42.3707818907965,-71.562095824605,41,5830.62
695762db-d0d4-4ddc-a7ae-10275473090c,42.4329823215593,-71.4807417381252,95,16822.06
fd4c1dc1-3c32-4573-be8a-3a9651c6107f,42.3466353027007,-71.550807747293,60,20457.59
5241a39d-5323-49ab-a402-b50a155e8369,42.2779036925974,-71.4196302842874,1,195.3
b968a9c3-0fd4-4fc8-9c03-c3ab0fe551a0,42.2268880740934,-71.4324445386198,37,15388.99
4f48eaa9-89c6-49b0-a7ab-ebf904a00c42,42.2776032851698,-71.4181108127898,50,9251.12
d1aedfe4-3b3d-448f-844d-ca7fb9a70ab2,42.3259393767082,-71.2560557577643,80,18513.86
695762db-d0d4-4ddc-a7ae-10275473090c,42.4346050581101,-71.5291797536123,86,12720.55
02771dac-1a3f-4a82-a387-5d517b4b4a7f,42.2978056846741,-71.491812556494,4,1032.17
f2a9a652-ae50-4c62-935c-bcba2dfc6b9b,42.1435169663141,-71.5229248418167,37,8989.18
4f48eaa9-89c6-49b0-a7ab-ebf904a00c42,42.2788035737755,-71.4098241275444,53,9949.03
f2e38f84-2a97-4d6c-9d9a-182cd2927222,42.3012456179408,-71.3899757796512,34,7775.11
2b2c7804-d94b-4a51-8e79-454d4cd759d1,42.2720256311909,-71.4187827061881,9,3731.88
bd433f74-e551-4a3c-91ae-4a735e4e28eb,42.3018437505867,-71.3779916690583,12,4775.93
bd433f74-e551-4a3c-91ae-4a735e4e28eb,42.3015339554271,-71.3878166012655,41,6285.41
13f5cf06-04ba-4086-a80d-8a89787b833a,42.2994203745973,-71.3767256663278,30,5103.3
5241a39d-5323-49ab-a402-b50a155e8369,42.2776113317973,-71.4168072591309,5,514.16
94059766-6fcf-458a-bee2-3d8856a98c17,42.2594997143447,-71.4640315749664,37,13126.74
018f3677-ec1d-408c-bd2c-782f608a9df4,42.3967537222358,-71.5928500350028,10,893.8
7eb551b3-dcec-4a29-a093-cdf9d4830090,42.3018973947702,-71.3873901300067,45,6613.17
4bd751f8-b639-4098-a1fc-a01bcb0ba4e9,42.2696478527575,-71.4264658943692,32,7437.01
bd433f74-e551-4a3c-91ae-4a735e4e28eb,42.278902815515,-71.417967314599,93,16191.77
7ae040a5-6c96-48f1-ad52-551743a1a458,42.2778554128322,-71.3573118363209,84,16050.09
fb476a4a-c0d7-413f-9c4a-799a1b2d4dd6,42.3038889350825,-71.2545121463842,45,13133.28
4bd751f8-b639-4098-a1fc-a01bcb0ba4e9,42.2700689595979,-71.4199789714801,35,8026.83
13f5cf06-04ba-4086-a80d-8a89787b833a,42.2743564709637,-71.356086066728,70,14868.99
7eb551b3-dcec-4a29-a093-cdf9d4830090,42.300242,-71.400487,77,10485.46
18ff10fa-80ce-4f49-8d61-3c978965f923,42.2854500881106,-71.3477564661358,36,13956.88
4cebf1c5-54c8-4e64-82fe-a3337ad3146f,42.2856244317069,-71.3386691414516,87,20606.69
94059766-6fcf-458a-bee2-3d8856a98c17,42.2613812840808,-71.4830377091788,30,10706.55
bd433f74-e551-4a3c-91ae-4a735e4e28eb,42.2899682694655,-71.4288342850706,86,14647.13
402fe3ba-d292-4403-bc24-833e5ba04561,42.2979907571072,-71.3479777483927,37,16596.01
54365a02-9e28-4fe0-a588-fe484d81157e,42.2934055205229,-71.4598768329547,19,6265.45
3eae3196-8fdf-4760-8a66-21b48a13f1dc,42.2795773911224,-71.4188698779863,173,27826.03
bd433f74-e551-4a3c-91ae-4a735e4e28eb,42.3053561035011,-71.3955038127604,67,9174.08
94059766-6fcf-458a-bee2-3d8856a98c17,42.2554468962817,-71.4775499092072,26,9855.34
fd4c1dc1-3c32-4573-be8a-3a9651c6107f,42.2839400043452,-71.4230460776714,7,1093.25
23be88fa-b8dd-4094-bb1d-0092c0557a1c,42.30028941037,-71.5014242530718,39,11162.39
d89454d2-59b8-475d-8724-4381e121ba00,42.3907750779852,-71.5641624667741,3,190.49
13f5cf06-04ba-4086-a80d-8a89787b833a,42.3158717045708,-71.363061151687,37,8453.4
e6097e76-5b3e-4d62-a4a9-945e230f237b,42.2972008465052,-71.484775780724,71,10558.44
4ce23383-aa10-4737-9d8e-d1bb1d06920c,42.3394335710665,-71.5900551730427,34,8554.78
695762db-d0d4-4ddc-a7ae-10275473090c,42.3839233746483,-71.5643341281613,26,5080.69
161f0f86-97f5-4dfd-a54b-3ec09e77872a,42.2777266667918,-71.4149270304994,52,18547.32
4f48eaa9-89c6-49b0-a7ab-ebf904a00c42,42.2951194521856,-71.4881875507944,5,532.44
13f5cf06-04ba-4086-a80d-8a89787b833a,42.3010739565536,-71.3879802160251,16,3143.9
ae46a06e-02d7-4228-8adf-b324f50d6a00,42.2627411641324,-71.4492096870666,21,4545.15
7ae040a5-6c96-48f1-ad52-551743a1a458,42.2804853189281,-71.3472562341247,62,13479.24
1c130b25-ee37-4058-b9cb-a955999e4e80,42.3108465856818,-71.3751753494248,69,18540.69
ab5deaba-93a4-4680-9cf5-808df07f2607,42.2908735150619,-71.4907544249746,22,9238.98
16c57625-ade0-4ab0-9451-056179830dfc,42.3946683046024,-71.5675581435894,50,7147.76
ebb5d4b8-b5de-42e7-8df5-be5d2199a7bd,42.2681377689921,-71.5228390111231,72,15441.9
004980e6-9f4c-4b6d-ba69-2c51b2ea17f2,42.269863770596,-71.4207943630692,11,2035.72
16c57625-ade0-4ab0-9451-056179830dfc,42.3799389529192,-71.5647109785504,26,4660.37
18ff10fa-80ce-4f49-8d61-3c978965f923,42.3017150045463,-71.3803895640605,15,6017.82
695762db-d0d4-4ddc-a7ae-10275473090c,42.3979298709589,-71.5650073626642,43,7104.15
4f48eaa9-89c6-49b0-a7ab-ebf904a00c42,42.2943617280937,-71.4686624091066,14,2424.86
18ff10fa-80ce-4f49-8d61-3c978965f923,42.2904322916527,-71.3548535916122,34,13090.27
695762db-d0d4-4ddc-a7ae-10275473090c,42.4366649947563,-71.4730679376762,97,17575.06
54365a02-9e28-4fe0-a588-fe484d81157e,42.2758746013567,-71.411843831053,0,0
1c130b25-ee37-4058-b9cb-a955999e4e80,42.2754078969602,-71.4009795427906,10,2225.54
7def5309-57de-4b5b-b6c1-7e3793374494,42.2815930713172,-71.3952060875419,4,1596.26
dc75feae-3e40-4fb9-98b1-32d25959fe8d,42.3023158194015,-71.3792040276053,23,5260.79
ebb5d4b8-b5de-42e7-8df5-be5d2199a7bd,42.1997494816631,-71.5074055795315,27,7009.2
ebb5d4b8-b5de-42e7-8df5-be5d2199a7bd,42.2631850697508,-71.5257773712741,55,14494.08
b968a9c3-0fd4-4fc8-9c03-c3ab0fe551a0,42.2628162659893,-71.4209485900968,42,19636.33
d47c2a5a-3fe8-4a30-830f-690bbe96c7b4,42.3008821785976,-71.3881156675884,1,158.94
161f0f86-97f5-4dfd-a54b-3ec09e77872a,42.2936174150477,-71.469366489015,27,11186.03
7def5309-57de-4b5b-b6c1-7e3793374494,42.2758746013567,-71.411843831053,0,0
54365a02-9e28-4fe0-a588-fe484d81157e,42.2936992224276,-71.4280805842924,11,3129.34
4ce23383-aa10-4737-9d8e-d1bb1d06920c,42.3541830393185,-71.6120586760079,60,16289.16
7def5309-57de-4b5b-b6c1-7e3793374494,42.3018598438418,-71.378171377073,13,5764.57
8983ebd0-b08f-4e96-a8ca-18da9a533641,42.2007807910908,-71.4294297355074,23,9013.38
695762db-d0d4-4ddc-a7ae-10275473090c,42.4340404530788,-71.4886918061192,93,16119.35
18ff10fa-80ce-4f49-8d61-3c978965f923,42.2986800848651,-71.3770582602655,10,5100.2
23be88fa-b8dd-4094-bb1d-0092c0557a1c,42.3044736566826,-71.5153221199108,42,12458.81
695762db-d0d4-4ddc-a7ae-10275473090c,42.4337668677429,-71.4785235511376,96,17023.79
a9376080-2b82-4edb-9474-164efab669c5,42.2758746013567,-71.411843831053,0,0
7eb551b3-dcec-4a29-a093-cdf9d4830090,42.3026658476988,-71.3784328924676,28,5728.58
e6097e76-5b3e-4d62-a4a9-945e230f237b,42.2954533872279,-71.4474461345342,28,4291.34
b4ccc300-ae7b-45c9-91ad-79e50bd98bd6,42.2832238544955,-71.3481896429175,19,13344.48
695762db-d0d4-4ddc-a7ae-10275473090c,42.4343328138788,-71.5266611591972,87,12929.31
e6097e76-5b3e-4d62-a4a9-945e230f237b,42.3454095331078,-71.5590850448063,115,21894.96
f52e15dd-a155-445b-a257-949f7b6efeba,42.3072390143418,-71.5152765223549,45,13328.83
dfc8cf0c-de43-47ea-9ed6-b7d8430eab32,42.29773,-71.43723,44,17483.8
4cebf1c5-54c8-4e64-82fe-a3337ad3146f,42.2771821783294,-71.4087418561424,137,30617.34
bd433f74-e551-4a3c-91ae-4a735e4e28eb,42.3072993640482,-71.4005249083355,64,8591.45
18ff10fa-80ce-4f49-8d61-3c978965f923,42.2870325915237,-71.3746429309036,8,3786.12
7ae040a5-6c96-48f1-ad52-551743a1a458,42.2872109584338,-71.3825286258774,101,19312.76
7eb551b3-dcec-4a29-a093-cdf9d4830090,42.301855820528,-71.3877964846966,46,6646.88
747d8707-5db7-4c6b-b0f3-86a0d2509306,42.2965155420611,-71.4713017029346,27,7607.35
7ae040a5-6c96-48f1-ad52-551743a1a458,42.301855820528,-71.3596654748717,48,10399.14
bd433f74-e551-4a3c-91ae-4a735e4e28eb,42.3019805432546,-71.3841044237676,33,5902.29
ebb5d4b8-b5de-42e7-8df5-be5d2199a7bd,42.1916478688507,-71.5043451788631,24,6043.33
e878f995-434e-4d2c-907f-09935bb474c7,42.2954346117636,-71.4475359885416,17,3965.5
b33a3d09-539e-4afa-a893-a3de7cac00ed,42.2700689595979,-71.4199789714801,12,2108.28
340851f6-b619-4b18-9fc3-a81e3b6acb63,42.3018209518087,-71.3781123684712,79,17782.43
dc75feae-3e40-4fb9-98b1-32d25959fe8d,42.2907005125702,-71.3929637606718,9,2786.29
7eb551b3-dcec-4a29-a093-cdf9d4830090,42.3022192598712,-71.3781311439354,29,5784.06
54365a02-9e28-4fe0-a588-fe484d81157e,42.276685969632,-71.4168206701768,7,984.79
bd433f74-e551-4a3c-91ae-4a735e4e28eb,42.3015715063555,-71.3777958677886,11,4741.66
695762db-d0d4-4ddc-a7ae-10275473090c,42.4204657924453,-71.5392997288286,80,10928.48
54365a02-9e28-4fe0-a588-fe484d81157e,42.2973067937676,-71.4309411603773,12,3594.08
ebb5d4b8-b5de-42e7-8df5-be5d2199a7bd,42.1906755680249,-71.5050814452816,23,5919.45
fd4c1dc1-3c32-4573-be8a-3a9651c6107f,42.2873276345329,-71.4257738844021,8,1531.41
bd433f74-e551-4a3c-91ae-4a735e4e28eb,42.2808514404804,-71.4197348904452,91,15930.41
e6097e76-5b3e-4d62-a4a9-945e230f237b,42.2880545132193,-71.4271672920684,10,1632.04
0eda0ce6-27a8-41c6-af53-39f9365143cb,42.2964565334592,-71.3991918503756,15,6302.6
695762db-d0d4-4ddc-a7ae-10275473090c,42.3852363160393,-71.5640109219558,27,5228.98
7eb551b3-dcec-4a29-a093-cdf9d4830090,42.3020234586014,-71.378262572185,19,5212.8
4cebf1c5-54c8-4e64-82fe-a3337ad3146f,42.2803552317831,-71.3340731760307,82,19633.21
b33a3d09-539e-4afa-a893-a3de7cac00ed,42.2373017512144,-71.4319764931188,25,6333.9
e6097e76-5b3e-4d62-a4a9-945e230f237b,42.2971968231915,-71.4856702974838,58,8845.07
bd433f74-e551-4a3c-91ae-4a735e4e28eb,42.2770842776945,-71.4175287733989,94,16397.04
695762db-d0d4-4ddc-a7ae-10275473090c,42.3905470902054,-71.5647485294788,35,6244.03
bd433f74-e551-4a3c-91ae-4a735e4e28eb,42.305892545336,-71.3994520246656,62,8377.13
695762db-d0d4-4ddc-a7ae-10275473090c,42.3856802216578,-71.5635723807557,28,5290.04
695762db-d0d4-4ddc-a7ae-10275473090c,42.4017855466476,-71.5613421238269,53,7715.04
bd433f74-e551-4a3c-91ae-4a735e4e28eb,42.3019671322088,-71.3821678687434,31,5743.09
695762db-d0d4-4ddc-a7ae-10275473090c,42.4344521721871,-71.5251819208373,88,13051.35
e6097e76-5b3e-4d62-a4a9-945e230f237b,42.3020167530785,-71.5085911159868,80,12672.14
ebb5d4b8-b5de-42e7-8df5-be5d2199a7bd,42.2679111223168,-71.5228457166461,71,15416.71
e6097e76-5b3e-4d62-a4a9-945e230f237b,42.2884461157588,-71.4276299731511,11,1689.83
e6097e76-5b3e-4d62-a4a9-945e230f237b,42.2937890764349,-71.4316640157499,15,2370.02
e6097e76-5b3e-4d62-a4a9-945e230f237b,42.3454926815923,-71.5504080981259,107,20105.33
695762db-d0d4-4ddc-a7ae-10275473090c,42.390801900077,-71.564091388231,36,6304.94
ebb5d4b8-b5de-42e7-8df5-be5d2199a7bd,42.2610728300257,-71.5265498475164,54,14250.92
b9968507-53ab-453c-bd4c-59b515649f1d,42.3515947074649,-71.5562016699434,43,13507.89
ebb5d4b8-b5de-42e7-8df5-be5d2199a7bd,42.1960654673615,-71.5046442451861,26,6540.95
e6097e76-5b3e-4d62-a4a9-945e230f237b,42.2970694182557,-71.4835580577587,70,10457.29
695762db-d0d4-4ddc-a7ae-10275473090c,42.4014609993375,-71.5615325606783,52,7675.74
7def5309-57de-4b5b-b6c1-7e3793374494,42.300734657093,-71.3523551137659,18,8507.37
e6097e76-5b3e-4d62-a4a9-945e230f237b,42.3320481081038,-71.5409103954381,100,17838.65
d47c2a5a-3fe8-4a30-830f-690bbe96c7b4,42.3005,-71.43454,10,4450.92
e6097e76-5b3e-4d62-a4a9-945e230f237b,42.2972343741199,-71.4415130878397,25,3763.14
ebb5d4b8-b5de-42e7-8df5-be5d2199a7bd,42.2677662830214,-71.5229945792552,70,15396.49
ebb5d4b8-b5de-42e7-8df5-be5d2199a7bd,42.1743020221175,-71.5085361306987,17,4057.57
695762db-d0d4-4ddc-a7ae-10275473090c,42.4353721699341,-71.5217151654789,89,13353.48
695762db-d0d4-4ddc-a7ae-10275473090c,42.4346841832807,-71.457955030081,98,18833.87
ebb5d4b8-b5de-42e7-8df5-be5d2199a7bd,42.1619531310769,-71.5085133319207,14,2683.26
7def5309-57de-4b5b-b6c1-7e3793374494,42.3016895235592,-71.3778709696454,11,5358.27
7def5309-57de-4b5b-b6c1-7e3793374494,42.3018088818675,-71.3805692720752,15,5991.51
ebb5d4b8-b5de-42e7-8df5-be5d2199a7bd,42.1622575618182,-71.5067390505516,13,2533.25
ebb5d4b8-b5de-42e7-8df5-be5d2199a7bd,42.1681785385715,-71.5089505320162,16,3376.27
012d6ffc-b612-493c-a374-88234b7fe5f5,42.347161015699,-71.5464598862207,4,777.69
f2a9a652-ae50-4c62-935c-bcba2dfc6b9b,42.1574631129183,-71.5349907597894,14,4040.1
1291f9da-6233-4191-bfff-82c2787d82f2,42.2928449388054,-71.4619662739018,27,12124.99
b135140e-109e-4613-95af-0631d00cbd1e,42.2931735094293,-71.4876309923906,25,9977.08
fb476a4a-c0d7-413f-9c4a-799a1b2d4dd6,42.3103061205331,-71.2629034377875,53,14635.71
f52e15dd-a155-445b-a257-949f7b6efeba,42.2936549659762,-71.4619099475092,27,7097.36
f2e38f84-2a97-4d6c-9d9a-182cd2927222,42.2939070936386,-71.4672287683027,4,439.52
57c05cab-d8c5-43f8-8d8f-9ecfcba3dbb3,42.2781316803772,-71.4201197874618,53,16516.17
2a01e672-f3f1-4e63-b448-bcb1e805c3d3,42.347161015699,-71.5464598862207,0,0
b135140e-109e-4613-95af-0631d00cbd1e,42.293882953756,-71.4693356436095,17,7607.24
30a9a51f-025f-476a-a501-9cda88fadee8,42.3164403329158,-71.4376520477326,26,5354.11
636e5ba5-1fdd-459c-82bb-59f2aead5ecf,42.3023909212584,-71.3600047743323,75,15677.57
b33a3d09-539e-4afa-a893-a3de7cac00ed,42.278373079203,-71.4094338661095,4,390.15
fb476a4a-c0d7-413f-9c4a-799a1b2d4dd6,42.2985432921972,-71.37039699378,10,2269.29
161f0f86-97f5-4dfd-a54b-3ec09e77872a,42.2769568727587,-71.4104732221647,55,19209.16
747d8707-5db7-4c6b-b0f3-86a0d2509306,42.2990824162413,-71.4945175644468,62,11950.48
23be88fa-b8dd-4094-bb1d-0092c0557a1c,42.2927215571834,-71.4362264535562,19,4031.42
f2e38f84-2a97-4d6c-9d9a-182cd2927222,42.2984373449348,-71.4405582213734,17,3072.3
4f48eaa9-89c6-49b0-a7ab-ebf904a00c42,42.2967059789125,-71.486547379884,6,754.37
055c56fc-9140-4b97-835b-abc9145f2aa4,42.1605087614363,-71.501319646914,13,2110.2
1c130b25-ee37-4058-b9cb-a955999e4e80,42.3019456745354,-71.3874156109938,85,21769.99
420ecf08-6cea-4604-b918-890ae8b88a60,42.3012912154967,-71.3863708905203,1,19.59
3eae3196-8fdf-4760-8a66-21b48a13f1dc,42.3257368699155,-71.4142108806497,132,18972.23
f52e15dd-a155-445b-a257-949f7b6efeba,42.278457568792,-71.409526402326,4,406.05
018f3677-ec1d-408c-bd2c-782f608a9df4,42.3716066701178,-71.5619362331591,40,5738.04
2b823661-7fbc-45bc-aac0-a7fed254ae27,42.1891493910044,-71.4396207892669,18,6607.02
402fe3ba-d292-4403-bc24-833e5ba04561,42.303237158253,-71.3316068846945,34,15002.75
012d6ffc-b612-493c-a374-88234b7fe5f5,42.29773,-71.43723,43,16654.5
1c130b25-ee37-4058-b9cb-a955999e4e80,42.2782845663002,-71.3698592108404,24,5892.68
d1aedfe4-3b3d-448f-844d-ca7fb9a70ab2,42.2988825916578,-71.2787056731406,52,12213.97
340851f6-b619-4b18-9fc3-a81e3b6acb63,42.3035925509687,-71.2544732543512,39,5632.65
afc65aea-c4e8-4c68-ab68-956699da953a,42.2634653606096,-71.4207380366765,16,2720.48
7ae040a5-6c96-48f1-ad52-551743a1a458,42.3009827614416,-71.3881371252618,23,3932.44
4ce23383-aa10-4737-9d8e-d1bb1d06920c,42.3468726782127,-71.5458376136921,0,0
340851f6-b619-4b18-9fc3-a81e3b6acb63,42.3057570937727,-71.2539743634447,35,5328.09
018f3677-ec1d-408c-bd2c-782f608a9df4,42.3886655204693,-71.5637829341759,32,3774.93
7eb551b3-dcec-4a29-a093-cdf9d4830090,42.3053561035011,-71.3955038127604,73,9577.68
1ba4b168-ece7-49bc-9db3-73ad54e3bbf8,42.3504346519968,-71.5036947431382,77,20019.84
d1aedfe4-3b3d-448f-844d-ca7fb9a70ab2,42.3010444522527,-71.359554163191,22,3998.89
ae46a06e-02d7-4228-8adf-b324f50d6a00,42.2594997143447,-71.4640315749664,28,6030.97
055c56fc-9140-4b97-835b-abc9145f2aa4,42.1602901613885,-71.5001770258056,10,1962.64
30a9a51f-025f-476a-a501-9cda88fadee8,42.3023158194015,-71.3846998742044,91,16371.9
3eae3196-8fdf-4760-8a66-21b48a13f1dc,42.3281226949765,-71.4047172012756,125,17789.67
35347850-d69a-4842-a5f4-bae7275cd779,42.2940197464239,-71.467555997822,12,4631.6
fb476a4a-c0d7-413f-9c4a-799a1b2d4dd6,42.2997636973717,-71.2696706515354,40,11656.4
57c05cab-d8c5-43f8-8d8f-9ecfcba3dbb3,42.317073334281,-71.5225949300882,22,4565.94
340851f6-b619-4b18-9fc3-a81e3b6acb63,42.2976206122411,-71.2881162040303,56,9040.2
d1aedfe4-3b3d-448f-844d-ca7fb9a70ab2,42.3021978021978,-71.3388716482444,34,6533.19
13f5cf06-04ba-4086-a80d-8a89787b833a,42.275418625797,-71.3545665952305,79,15686.94
636e5ba5-1fdd-459c-82bb-59f2aead5ecf,42.3025035740437,-71.3099011069477,60,10759.76
747d8707-5db7-4c6b-b0f3-86a0d2509306,42.2933880861633,-71.4874190978658,39,9329.07
1815f4a1-153a-4a27-99b8-dbb6388b9da5,42.2787968682526,-71.4179767023311,10,1600.62
3eae3196-8fdf-4760-8a66-21b48a13f1dc,42.3023573936437,-71.3852886191182,59,10220.22
f2e38f84-2a97-4d6c-9d9a-182cd2927222,42.2954091307765,-71.4473951725599,13,2392.81
9ae8aeb0-d10f-4fe2-afd8-f2dcfac6ab6c,42.3542943509993,-71.6119138367125,1,102.24
695762db-d0d4-4ddc-a7ae-10275473090c,42.4054360333345,-71.5488819211055,68,8897.51
474b7e9c-16d3-4964-ba1e-1c40e6d6be04,42.3481158821652,-71.5046254697219,24,5002.78
30a9a51f-025f-476a-a501-9cda88fadee8,42.3168171833049,-71.4007958114621,69,12732.5
13f5cf06-04ba-4086-a80d-8a89787b833a,42.2975830613126,-71.3778428064491,5,1693.12
b33a3d09-539e-4afa-a893-a3de7cac00ed,42.1564800832558,-71.4868048719648,47,17754.36
695762db-d0d4-4ddc-a7ae-10275473090c,42.3478315679927,-71.5456216958536,5,555.65
ab5deaba-93a4-4680-9cf5-808df07f2607,42.29773,-71.43723,9,3393.37
ce9a7e51-0841-4de6-8a94-29f3af8be65b,42.300620663203,-71.3502348274132,0,0
16c57625-ade0-4ab0-9451-056179830dfc,42.3943222996189,-71.5676184932958,51,7186.53
8983ebd0-b08f-4e96-a8ca-18da9a533641,42.1706394654894,-71.4739356323442,7,2946.68
4cebf1c5-54c8-4e64-82fe-a3337ad3146f,42.2714623672642,-71.3996961057005,6,1484.37
636e5ba5-1fdd-459c-82bb-59f2aead5ecf,42.3165690789562,-71.2685803335059,16,3042.08
3eae3196-8fdf-4760-8a66-21b48a13f1dc,42.3289394276702,-71.4373824857105,142,21077.29
18ff10fa-80ce-4f49-8d61-3c978965f923,42.2815394271338,-71.3937831755747,5,1746.2
1c130b25-ee37-4058-b9cb-a955999e4e80,42.2735182805966,-71.4106623179115,2,295.1
b33a3d09-539e-4afa-a893-a3de7cac00ed,42.277859436146,-71.4123655207375,5,637.85
6422848d-c373-4a3b-b3be-88feeced52ed,42.2776234017386,-71.4091750329241,12,5599.48
d47c2a5a-3fe8-4a30-830f-690bbe96c7b4,42.2971431790079,-71.4834977080522,18,8782.41
9ae8aeb0-d10f-4fe2-afd8-f2dcfac6ab6c,42.3502321452041,-71.5582012568832,44,13715.92
2b823661-7fbc-45bc-aac0-a7fed254ae27,42.2567209456397,-71.426362629316,39,14720.39
474b7e9c-16d3-4964-ba1e-1c40e6d6be04,42.3486979215561,-71.5067725781663,22,4769.26
f2e38f84-2a97-4d6c-9d9a-182cd2927222,42.2989000260174,-71.393580668782,31,7266.15
f2a9a652-ae50-4c62-935c-bcba2dfc6b9b,42.1469877449863,-71.5171138356396,33,8116.45
9ae8aeb0-d10f-4fe2-afd8-f2dcfac6ab6c,42.3387724065049,-71.5901892835014,23,8133.27
fb476a4a-c0d7-413f-9c4a-799a1b2d4dd6,42.299684572201,-71.3879654638747,7,790.17
1c130b25-ee37-4058-b9cb-a955999e4e80,42.3019899309868,-71.3814812231947,76,20794.46
f52e15dd-a155-445b-a257-949f7b6efeba,42.3004007220507,-71.4373234771087,22,4911.77
f52e15dd-a155-445b-a257-949f7b6efeba,42.3023117960877,-71.505609840489,42,12136
018f3677-ec1d-408c-bd2c-782f608a9df4,42.3903486067264,-71.5658375064038,29,3382.94
18ff10fa-80ce-4f49-8d61-3c978965f923,42.300367194436,-71.351405611718,21,8610.41
f2a9a652-ae50-4c62-935c-bcba2dfc6b9b,42.1583267842726,-71.5367435834851,17,4411.78
afc65aea-c4e8-4c68-ab68-956699da953a,42.2014862121037,-71.4291722434266,36,10181.19
3eae3196-8fdf-4760-8a66-21b48a13f1dc,42.3286296325105,-71.4375916980262,144,21278.19
f367b809-4934-4ba5-b7ef-2e80c636be42,42.2909700745922,-71.3962856767348,4,2459.81
fe1b79da-593f-487c-844c-daf273066f25,42.3510944754538,-71.5410002494454,17,5168.85
f52e15dd-a155-445b-a257-949f7b6efeba,42.3460237590089,-71.5459100333399,55,19472.41
161f0f86-97f5-4dfd-a54b-3ec09e77872a,42.2759577498411,-71.4108822590639,56,19325.16
30a9a51f-025f-476a-a501-9cda88fadee8,42.3275460200039,-71.4359823725213,30,6601.2
d1aedfe4-3b3d-448f-844d-ca7fb9a70ab2,42.3115412778581,-71.2640943386611,72,16273.5
b135140e-109e-4613-95af-0631d00cbd1e,42.2931319351871,-71.4604977643786,12,6754.29
636e5ba5-1fdd-459c-82bb-59f2aead5ecf,42.3068447295931,-71.2556266042964,33,5142.94
3eae3196-8fdf-4760-8a66-21b48a13f1dc,42.2838823368479,-71.4125908263082,16,2636.79
7ae040a5-6c96-48f1-ad52-551743a1a458,42.2921824331392,-71.3886494272142,3,611.43
931ec04b-5aa1-4946-a947-7077ed74e335,42.2787016498269,-71.4095129912801,7,1152.8
2a01e672-f3f1-4e63-b448-bcb1e805c3d3,42.3410858119181,-71.5806003857017,29,7539.72
5241a39d-5323-49ab-a402-b50a155e8369,42.2777092324322,-71.4147875556223,6,680.57
7ae040a5-6c96-48f1-ad52-551743a1a458,42.3074696843308,-71.3617830790152,43,9499.59
636e5ba5-1fdd-459c-82bb-59f2aead5ecf,42.3019362868033,-71.3418716992064,68,13863.37
340851f6-b619-4b18-9fc3-a81e3b6acb63,42.2978499411255,-71.289569961403,57,9162.37
1c130b25-ee37-4058-b9cb-a955999e4e80,42.2812685240071,-71.3472535519155,45,9601.09
7ae040a5-6c96-48f1-ad52-551743a1a458,42.2771406040872,-71.3504950017032,67,14000.35
a9376080-2b82-4edb-9474-164efab669c5,42.2776234017386,-71.4168206701768,4,997
340851f6-b619-4b18-9fc3-a81e3b6acb63,42.3071263615564,-71.2558760497496,32,5105.53
1c130b25-ee37-4058-b9cb-a955999e4e80,42.2920483226805,-71.3885904186124,93,24293.49
3eae3196-8fdf-4760-8a66-21b48a13f1dc,42.3307298022944,-71.4012719035907,121,17095.92
1ba4b168-ece7-49bc-9db3-73ad54e3bbf8,42.3508208901179,-71.4998578429137,78,20337.84
161f0f86-97f5-4dfd-a54b-3ec09e77872a,42.2931440051284,-71.4604950821695,33,12420.38
54365a02-9e28-4fe0-a588-fe484d81157e,42.2979143141457,-71.4497018724502,17,5289.77
94059766-6fcf-458a-bee2-3d8856a98c17,42.2581411753977,-71.4564583573614,40,13820.63
402fe3ba-d292-4403-bc24-833e5ba04561,42.2905918830986,-71.3519085259383,1,665.54
30a9a51f-025f-476a-a501-9cda88fadee8,42.3018075407629,-71.3879654638747,96,16665.81
636e5ba5-1fdd-459c-82bb-59f2aead5ecf,42.302584040319,-71.2547119709678,40,5746.42
4f48eaa9-89c6-49b0-a7ab-ebf904a00c42,42.294035839679,-71.4677491168826,15,2508.21
3eae3196-8fdf-4760-8a66-21b48a13f1dc,42.3023801924217,-71.3855850032321,58,10195.73
340851f6-b619-4b18-9fc3-a81e3b6acb63,42.3112851268819,-71.2639722981436,21,3949.17
387741ec-af5f-4a7b-9b82-820060cdce6f,42.2998057,-71.39492154,9,982.38
387741ec-af5f-4a7b-9b82-820060cdce6f,42.3003993809461,-71.4380557202134,19,4668.9
695762db-d0d4-4ddc-a7ae-10275473090c,42.3482338993689,-71.5456149903306,6,600.36
fd4c1dc1-3c32-4573-be8a-3a9651c6107f,42.3454376963042,-71.5502511888892,58,20314.06
5bbefffd-60cf-4aab-a384-eb8026cde85f,42.3294356363676,-71.5854149511704,57,12969.33
b968a9c3-0fd4-4fc8-9c03-c3ab0fe551a0,42.1487673907737,-71.4980540572437,7,2372.71
837fca5f-265a-4a4c-9c28-0c273254ae78,42.3537941189882,-71.5549638304093,19,5234.28
018f3677-ec1d-408c-bd2c-782f608a9df4,42.3964680669587,-71.5915451402393,11,1005.49
ebb5d4b8-b5de-42e7-8df5-be5d2199a7bd,42.247908547396,-71.529291065293,43,12735.84
7eb551b3-dcec-4a29-a093-cdf9d4830090,42.2923245902255,-71.4005490482181,7,2150.19
5bbefffd-60cf-4aab-a384-eb8026cde85f,42.3105086273258,-71.561949644205,23,7266.27
94059766-6fcf-458a-bee2-3d8856a98c17,42.2299176293562,-71.5178688775223,13,4198.33
402fe3ba-d292-4403-bc24-833e5ba04561,42.2991427659478,-71.3461900559777,36,16401.14
afc65aea-c4e8-4c68-ab68-956699da953a,42.1800325620194,-71.4491640895107,46,13178.36
b3c7beb5-93f5-4431-bd27-4176d97dd626,42.2999501109094,-71.3793555724237,34,5393.24
636e5ba5-1fdd-459c-82bb-59f2aead5ecf,42.3091728871568,-71.2620183087598,23,4235.27
dfc8cf0c-de43-47ea-9ed6-b7d8430eab32,42.2950604435838,-71.4917548889968,22,10547.4
f2a9a652-ae50-4c62-935c-bcba2dfc6b9b,42.1457606342888,-71.5194352876804,35,8405.47
d8ddafe1-b85e-493c-a030-1401b0ea9545,42.2689317029078,-71.5231635584333,63,13873.65
3eae3196-8fdf-4760-8a66-21b48a13f1dc,42.3286913233216,-71.435869719736,145,21419.82
e6097e76-5b3e-4d62-a4a9-945e230f237b,42.2966576991473,-71.4484398930335,34,4803.39
8983ebd0-b08f-4e96-a8ca-18da9a533641,42.2770091758376,-71.4157155999968,48,18961.85
4f48eaa9-89c6-49b0-a7ab-ebf904a00c42,42.2778701649827,-71.4094459360508,55,10061.78
d8ddafe1-b85e-493c-a030-1401b0ea9545,42.3383848272791,-71.5895133667894,6,302
420ecf08-6cea-4604-b918-890ae8b88a60,42.3010578632985,-71.3798692154806,6,739.81
d1aedfe4-3b3d-448f-844d-ca7fb9a70ab2,42.3264154688368,-71.2549117955513,81,18621.71
fb476a4a-c0d7-413f-9c4a-799a1b2d4dd6,42.304488408833,-71.2534634025969,46,13242.21
2a01e672-f3f1-4e63-b448-bcb1e805c3d3,42.3395207428647,-71.5615701116067,24,5841
4cebf1c5-54c8-4e64-82fe-a3337ad3146f,42.3024338366052,-71.361211768461,68,15683.81
afc65aea-c4e8-4c68-ab68-956699da953a,42.2758746013567,-71.411843831053,0,0
d8ddafe1-b85e-493c-a030-1401b0ea9545,42.3264476553468,-71.5899814122904,28,2435.28
23be88fa-b8dd-4094-bb1d-0092c0557a1c,42.2883173697184,-71.4275669412355,16,2932.41
7eb551b3-dcec-4a29-a093-cdf9d4830090,42.3014695824069,-71.4005570948456,76,10348.93
d1aedfe4-3b3d-448f-844d-ca7fb9a70ab2,42.2963277874188,-71.2993452727404,43,10234.11
2a01e672-f3f1-4e63-b448-bcb1e805c3d3,42.3394335710665,-71.5900551730427,34,8509.44
ae46a06e-02d7-4228-8adf-b324f50d6a00,42.25058,-71.472433,29,7239.22
f2a9a652-ae50-4c62-935c-bcba2dfc6b9b,42.1605503356785,-71.5371043406191,20,4753.33
02771dac-1a3f-4a82-a387-5d517b4b4a7f,42.2940707083983,-71.4671778063284,13,4656.88
5bbefffd-60cf-4aab-a384-eb8026cde85f,42.3288495736629,-71.5854149511704,56,12904.21
fe1b79da-593f-487c-844c-daf273066f25,42.3494475990205,-71.5183798383701,7,2713.52
fb476a4a-c0d7-413f-9c4a-799a1b2d4dd6,42.3052997771084,-71.2533199044061,47,13333.14
004980e6-9f4c-4b6d-ba69-2c51b2ea17f2,42.2373017512144,-71.4319764931188,16,6098.22
747d8707-5db7-4c6b-b0f3-86a0d2509306,42.2959361848793,-71.4921478326409,57,11199.6
17f0d8d7-d93f-4756-9ea9-9d76fecab7da,42.2936174150477,-71.469366489015,0,0
30a9a51f-025f-476a-a501-9cda88fadee8,42.3237869038455,-71.4371008537472,28,6173.47
636e5ba5-1fdd-459c-82bb-59f2aead5ecf,42.3019376279078,-71.3821598221159,101,18389.68
dfc8cf0c-de43-47ea-9ed6-b7d8430eab32,42.294542777213,-71.4875076107685,16,9403.86
7ae040a5-6c96-48f1-ad52-551743a1a458,42.3029689373356,-71.3613150335142,44,10001.19
f9a10342-e44e-4a6b-8ec9-2ce051d39cf6,42.2761468455879,-71.4105979448914,1,106.81
13f5cf06-04ba-4086-a80d-8a89787b833a,42.2921824331392,-71.3886494272142,3,611.43
5bbefffd-60cf-4aab-a384-eb8026cde85f,42.3115976042508,-71.5659930745359,24,7619.88
ae46a06e-02d7-4228-8adf-b324f50d6a00,42.2594943499264,-71.4601075029437,26,5694.49
636e5ba5-1fdd-459c-82bb-59f2aead5ecf,42.3054902139598,-71.3122480399756,64,11391.2
837fca5f-265a-4a4c-9c28-0c273254ae78,42.3538276466028,-71.5328785200643,41,8837.95
dfc8cf0c-de43-47ea-9ed6-b7d8430eab32,42.2899682694655,-71.4288342850706,48,18940.57
d8ddafe1-b85e-493c-a030-1401b0ea9545,42.2670595209038,-71.5223334146937,64,14092.6
161f0f86-97f5-4dfd-a54b-3ec09e77872a,42.283914523358,-71.4232043280127,43,17092.94
340851f6-b619-4b18-9fc3-a81e3b6acb63,42.3002639293828,-71.2698557239685,49,7461.7
d8ddafe1-b85e-493c-a030-1401b0ea9545,42.3388595783031,-71.589768176661,7,358.75
3eae3196-8fdf-4760-8a66-21b48a13f1dc,42.3291231589987,-71.4240975036679,135,19870.38
31481715-c247-41ac-940e-c0096e0868ba,42.1782113419897,-71.4583037172737,35,13568.31
7ae040a5-6c96-48f1-ad52-551743a1a458,42.2805671263079,-71.3474587409174,60,13432.34
340851f6-b619-4b18-9fc3-a81e3b6acb63,42.3328058321956,-71.2460537997516,2,334.65
bd433f74-e551-4a3c-91ae-4a735e4e28eb,42.2844523062976,-71.423807825077,89,15408.53
fd4c1dc1-3c32-4573-be8a-3a9651c6107f,42.2969245789602,-71.4786616849102,21,7487.25
3eae3196-8fdf-4760-8a66-21b48a13f1dc,42.3250609532035,-71.3997135400601,117,16446.44
fe1b79da-593f-487c-844c-daf273066f25,42.3506693452996,-71.5031743945583,2,1298.87
1ba4b168-ece7-49bc-9db3-73ad54e3bbf8,42.346049239996,-71.55065486137,51,14683.03
7def5309-57de-4b5b-b6c1-7e3793374494,42.2784253822818,-71.4093493765205,3,381.38
7eb551b3-dcec-4a29-a093-cdf9d4830090,42.2761012480319,-71.4167965302942,109,17515.72
3eae3196-8fdf-4760-8a66-21b48a13f1dc,42.3071183149289,-71.401644730666,80,12231.67
4bd751f8-b639-4098-a1fc-a01bcb0ba4e9,42.2694694858473,-71.4067060593788,7,900.7
09aed2cc-296b-477d-bca2-e055ce0c98b0,42.2998057,-71.39492154,6,1031.35
3eae3196-8fdf-4760-8a66-21b48a13f1dc,42.3043757560477,-71.4334047695044,157,24357.01
f048fe5c-d1d1-4c9c-af90-f7bd939d73ac,42.33233644559,-71.5806915808136,67,23299.16
695762db-d0d4-4ddc-a7ae-10275473090c,42.3486938982423,-71.5456900921875,7,651.85
2b823661-7fbc-45bc-aac0-a7fed254ae27,42.2784428166415,-71.4096162563334,55,18061.12
636e5ba5-1fdd-459c-82bb-59f2aead5ecf,42.3080772047089,-71.2607053673688,25,4404.31
340851f6-b619-4b18-9fc3-a81e3b6acb63,42.2986787437605,-71.2803445029464,54,8384.96
695762db-d0d4-4ddc-a7ae-10275473090c,42.3915864462606,-71.5642751195595,37,6393.41
f048fe5c-d1d1-4c9c-af90-f7bd939d73ac,42.2620706118387,-71.4665917436237,26,6317.03
ebb5d4b8-b5de-42e7-8df5-be5d2199a7bd,42.2469013778509,-71.5278507189662,42,12572.86
f2a9a652-ae50-4c62-935c-bcba2dfc6b9b,42.1424574936901,-71.5179962824581,40,9418.67
7eb551b3-dcec-4a29-a093-cdf9d4830090,42.3023587347483,-71.3863695494157,54,7011.74
9ae8aeb0-d10f-4fe2-afd8-f2dcfac6ab6c,42.3512017638207,-71.5355178138922,59,16355.88
695762db-d0d4-4ddc-a7ae-10275473090c,42.402327352901,-71.561029646458,54,7780.48
012d6ffc-b612-493c-a374-88234b7fe5f5,42.2936174150477,-71.469366489015,34,13548.43
1c130b25-ee37-4058-b9cb-a955999e4e80,42.2825774420844,-71.3805692720752,99,25600.35
ebb5d4b8-b5de-42e7-8df5-be5d2199a7bd,42.2676522891314,-71.5235082223122,69,15352.39
f048fe5c-d1d1-4c9c-af90-f7bd939d73ac,42.2778057919625,-71.4095223790122,2,299.36
9ae8aeb0-d10f-4fe2-afd8-f2dcfac6ab6c,42.3527601273513,-71.556355896971,36,12635.02
161f0f86-97f5-4dfd-a54b-3ec09e77872a,42.2977855681053,-71.4501551658008,34,13414.52
9ae8aeb0-d10f-4fe2-afd8-f2dcfac6ab6c,42.351343920907,-71.556378695749,35,12477.64
695762db-d0d4-4ddc-a7ae-10275473090c,42.4353654644111,-71.4558749768659,99,19020.5
8983ebd0-b08f-4e96-a8ca-18da9a533641,42.2783543037387,-71.4093815630306,50,19503.73
afc65aea-c4e8-4c68-ab68-956699da953a,42.1742604478753,-71.4692283552425,50,14962.81
636e5ba5-1fdd-459c-82bb-59f2aead5ecf,42.2988718628211,-71.2788666056911,50,7847.39
340851f6-b619-4b18-9fc3-a81e3b6acb63,42.3091728871568,-71.2620183087598,23,4235.27
ebb5d4b8-b5de-42e7-8df5-be5d2199a7bd,42.2675999860525,-71.5236718370719,68,15337.73
d1aedfe4-3b3d-448f-844d-ca7fb9a70ab2,42.3002397895002,-71.2660000482798,58,13313.33
b33a3d09-539e-4afa-a893-a3de7cac00ed,42.1789355384669,-71.4554632577576,41,14027.39
ebb5d4b8-b5de-42e7-8df5-be5d2199a7bd,42.1616098083025,-71.5048065188412,12,2358.55
09aed2cc-296b-477d-bca2-e055ce0c98b0,42.3011396706784,-71.3925654526094,4,696.81
fb476a4a-c0d7-413f-9c4a-799a1b2d4dd6,42.3025491715997,-71.3846663465897,3,290.43
2a01e672-f3f1-4e63-b448-bcb1e805c3d3,42.3415431285824,-71.5648289957541,25,6190.5
ebb5d4b8-b5de-42e7-8df5-be5d2199a7bd,42.1650229194774,-71.5086045270326,15,3024.46
f048fe5c-d1d1-4c9c-af90-f7bd939d73ac,42.3324169118653,-71.577352230391,69,23575.69
9ae8aeb0-d10f-4fe2-afd8-f2dcfac6ab6c,42.3515947074649,-71.5562016699434,43,13492.56
387741ec-af5f-4a7b-9b82-820060cdce6f,42.2912141556271,-71.4901469045965,39,9789.26
f048fe5c-d1d1-4c9c-af90-f7bd939d73ac,42.2619861222497,-71.4694992583692,27,6556.32
f2a9a652-ae50-4c62-935c-bcba2dfc6b9b,42.1621113814182,-71.5329522808166,21,5136.8
636e5ba5-1fdd-459c-82bb-59f2aead5ecf,42.300198215258,-71.3586328243394,69,15254.38
94059766-6fcf-458a-bee2-3d8856a98c17,42.2070772771286,-71.5458537069472,3,174.34
747d8707-5db7-4c6b-b0f3-86a0d2509306,42.2972303508061,-71.4834936847385,73,13484.16
1c130b25-ee37-4058-b9cb-a955999e4e80,42.3071853701583,-71.3617227293088,66,16061.12
522e28ee-243c-4b26-8151-2475fa5a5d2e,42.348942002591,-71.5245153918574,8,1913.36
004980e6-9f4c-4b6d-ba69-2c51b2ea17f2,42.2758746013567,-71.411843831053,0,0
9ae8aeb0-d10f-4fe2-afd8-f2dcfac6ab6c,42.3497372776113,-71.6201884520166,4,985.61
fd4c1dc1-3c32-4573-be8a-3a9651c6107f,42.3467036990347,-71.5489664106945,56,20049.2
ce9a7e51-0841-4de6-8a94-29f3af8be65b,42.3021656156877,-71.3767042086544,32,6503.81
fb476a4a-c0d7-413f-9c4a-799a1b2d4dd6,42.2984064995293,-71.278896109992,31,10528.15
055c56fc-9140-4b97-835b-abc9145f2aa4,42.1621113814182,-71.5061382356964,21,2994.57
402fe3ba-d292-4403-bc24-833e5ba04561,42.2854500881106,-71.3477564661358,38,17989.65
4cebf1c5-54c8-4e64-82fe-a3337ad3146f,42.285165773938,-71.3404112363107,91,21164.82
11cdf0ae-c10d-4cc1-a6d6-e1b9900d1c2e,42.249751225099,-71.529629023649,52,12281.97
fd4c1dc1-3c32-4573-be8a-3a9651c6107f,42.2977359472356,-71.4881325655062,40,10621.74
ebb5d4b8-b5de-42e7-8df5-be5d2199a7bd,42.3140880354695,-71.5312584657227,84,20634.36
3eae3196-8fdf-4760-8a66-21b48a13f1dc,42.2801419961537,-71.4177406679237,172,27713.98
402fe3ba-d292-4403-bc24-833e5ba04561,42.300620663203,-71.3502348274132,33,13444.44
837fca5f-265a-4a4c-9c28-0c273254ae78,42.3454148975262,-71.5513388247096,27,6537.4
747d8707-5db7-4c6b-b0f3-86a0d2509306,42.2946701821488,-71.4877946071502,52,10738.02
9ffea29d-1305-44de-bab8-8ccc2cbd144b,42.2907005125702,-71.3929637606718,9,2786.29
4f48eaa9-89c6-49b0-a7ab-ebf904a00c42,42.292761790321,-71.4363350830278,40,6687.42
23be88fa-b8dd-4094-bb1d-0092c0557a1c,42.3455570546125,-71.5481376080595,60,18199.98
e74dc2aa-7c6c-4fcb-94dc-82ccb257cce8,42.2702768308089,-71.4026036204459,5,1211.4
4ce23383-aa10-4737-9d8e-d1bb1d06920c,42.3537444981184,-71.5548820230294,13,2750.93
0eda0ce6-27a8-41c6-af53-39f9365143cb,42.3000708103222,-71.376812838126,25,8489.86
b968a9c3-0fd4-4fc8-9c03-c3ab0fe551a0,42.2112534768136,-71.425150270769,35,13507.01
fd4c1dc1-3c32-4573-be8a-3a9651c6107f,42.2770842776945,-71.4175287733989,0,0
9ffea29d-1305-44de-bab8-8ccc2cbd144b,42.3018544794234,-71.3875564269755,42,5637.2
4cebf1c5-54c8-4e64-82fe-a3337ad3146f,42.2863754502759,-71.349049290958,75,17871.75
11cdf0ae-c10d-4cc1-a6d6-e1b9900d1c2e,42.3469544855925,-71.5471344618281,2,352.11
3eae3196-8fdf-4760-8a66-21b48a13f1dc,42.3023144782969,-71.3799925971027,41,9084.99
b9968507-53ab-453c-bd4c-59b515649f1d,42.3363651237706,-71.5943265911535,19,7219.74
1291f9da-6233-4191-bfff-82c2787d82f2,42.2954346117636,-71.4475359885416,30,13626.53
13f5cf06-04ba-4086-a80d-8a89787b833a,42.3014669001977,-71.3863507739515,18,3294.67
62d689e9-a952-482a-b6c2-5a5fa078d2af,42.2935798641193,-71.470318673272,19,2841.48
018f3677-ec1d-408c-bd2c-782f608a9df4,42.3637236573532,-71.5542932781156,45,6905.9
ae46a06e-02d7-4228-8adf-b324f50d6a00,42.2357219300104,-71.5074243549958,32,10704.92
13f5cf06-04ba-4086-a80d-8a89787b833a,42.2796377408289,-71.3611111856169,84,16696.66
b135140e-109e-4613-95af-0631d00cbd1e,42.3018893481427,-71.3876140944728,2,278.21
30a9a51f-025f-476a-a501-9cda88fadee8,42.3305635053255,-71.4042236747875,60,10800.85
fb476a4a-c0d7-413f-9c4a-799a1b2d4dd6,42.3035241546347,-71.3108626789369,19,7335.05
fb476a4a-c0d7-413f-9c4a-799a1b2d4dd6,42.3023681224804,-71.3864272169129,1,100.34
055c56fc-9140-4b97-835b-abc9145f2aa4,42.1544442864921,-71.4917830521931,3,895.91
b3c7beb5-93f5-4431-bd27-4176d97dd626,42.2934725757523,-71.4595241224482,48,12292.51
b4ccc300-ae7b-45c9-91ad-79e50bd98bd6,42.2826927770789,-71.3757386133515,16,11019.88
9ae8aeb0-d10f-4fe2-afd8-f2dcfac6ab6c,42.349218270136,-71.5257076338355,66,17804.77
fe1b79da-593f-487c-844c-daf273066f25,42.347161015699,-71.5464598862207,25,6858.72
b968a9c3-0fd4-4fc8-9c03-c3ab0fe551a0,42.2522255630628,-71.4291963833091,41,18277.99
636e5ba5-1fdd-459c-82bb-59f2aead5ecf,42.3051200690937,-71.3124746866509,61,11119.3
f2a9a652-ae50-4c62-935c-bcba2dfc6b9b,42.1512940318164,-71.5297725218399,10,3029.98
02771dac-1a3f-4a82-a387-5d517b4b4a7f,42.300134,-71.435702,20,7811.43
8983ebd0-b08f-4e96-a8ca-18da9a533641,42.1850308588166,-71.4406266177074,16,6992.71
0eda0ce6-27a8-41c6-af53-39f9365143cb,42.2991454481569,-71.3785723673446,20,8212.96
13f5cf06-04ba-4086-a80d-8a89787b833a,42.2766792641091,-71.3548187228929,80,15828.55
11cdf0ae-c10d-4cc1-a6d6-e1b9900d1c2e,42.3427072073643,-71.5427034522714,7,1077.37
3eae3196-8fdf-4760-8a66-21b48a13f1dc,42.3158100137597,-71.4009017587246,96,13824.94
9ae8aeb0-d10f-4fe2-afd8-f2dcfac6ab6c,42.3512299270171,-71.5365464411108,57,16202.13
3eae3196-8fdf-4760-8a66-21b48a13f1dc,42.3020797849941,-71.3807302046257,42,9150.98
1291f9da-6233-4191-bfff-82c2787d82f2,42.2927054639283,-71.4364249370351,33,15107.7
837fca5f-265a-4a4c-9c28-0c273254ae78,42.3475392071926,-71.5113256282404,49,11069.75
13f5cf06-04ba-4086-a80d-8a89787b833a,42.2804853189281,-71.3472562341247,61,13451.82
0eda0ce6-27a8-41c6-af53-39f9365143cb,42.2990609585679,-71.3760390207791,45,9956.75
018f3677-ec1d-408c-bd2c-782f608a9df4,42.37275331454,-71.5622943080839,39,5607.28
9ae8aeb0-d10f-4fe2-afd8-f2dcfac6ab6c,42.3448704090637,-71.6243807449568,6,1901.59
b8c19c65-25bf-4a3b-a108-e0728086b3d2,42.2758746013567,-71.411843831053,0,0
9ffea29d-1305-44de-bab8-8ccc2cbd144b,42.3014669001977,-71.3863507739515,44,5878.9
57c05cab-d8c5-43f8-8d8f-9ecfcba3dbb3,42.2979089497273,-71.4911835784426,32,8351.17
636e5ba5-1fdd-459c-82bb-59f2aead5ecf,42.2978499411255,-71.289569961403,54,8748.15
ce9a7e51-0841-4de6-8a94-29f3af8be65b,42.302639025607,-71.3758499250322,33,6591.54
7ae040a5-6c96-48f1-ad52-551743a1a458,42.2826646138826,-71.377687238317,98,18542.55
0eda0ce6-27a8-41c6-af53-39f9365143cb,42.2939097758478,-71.466389236831,3,283.87
16c57625-ade0-4ab0-9451-056179830dfc,42.3912726277871,-71.5693310838539,54,7598.71
02771dac-1a3f-4a82-a387-5d517b4b4a7f,42.2999581575369,-71.3767296896416,33,12797.24
8983ebd0-b08f-4e96-a8ca-18da9a533641,42.1686640184321,-71.4779321240146,6,2551.05
b3c7beb5-93f5-4431-bd27-4176d97dd626,42.2939473267762,-71.3481655030349,5,1292.07
ab5deaba-93a4-4680-9cf5-808df07f2607,42.3454175797354,-71.5502793520856,82,25858.53
325a045e-c97d-445a-89dc-9075e4d1d00f,42.3017847419849,-71.383482151239,11,5263.49
fb476a4a-c0d7-413f-9c4a-799a1b2d4dd6,42.323258508638,-71.2629932917949,61,16544.82
012d6ffc-b612-493c-a374-88234b7fe5f5,42.3454175797354,-71.5503034919681,2,287.06
1c130b25-ee37-4058-b9cb-a955999e4e80,42.2992728530927,-71.3836243083253,90,22604.23
23d5cef6-e518-4901-93a5-1d112c5caad9,42.351750275597,-71.5333626588203,11,2788.64
1c130b25-ee37-4058-b9cb-a955999e4e80,42.3010404289389,-71.3868335716029,82,21507.51
7eb551b3-dcec-4a29-a093-cdf9d4830090,42.2780015932323,-71.4201358807168,105,17065.9
62d689e9-a952-482a-b6c2-5a5fa078d2af,42.2936482604532,-71.4588736867234,28,3919.7
9ffea29d-1305-44de-bab8-8ccc2cbd144b,42.2997435808029,-71.3765888736599,16,4519.87
9ffea29d-1305-44de-bab8-8ccc2cbd144b,42.3023506881208,-71.3796398865962,23,4931.2
94059766-6fcf-458a-bee2-3d8856a98c17,42.2483604996419,-71.4744023367406,23,8480.11
1c130b25-ee37-4058-b9cb-a955999e4e80,42.3143093177264,-71.3601120626993,67,16863.72
94059766-6fcf-458a-bee2-3d8856a98c17,42.2364488086968,-71.4992033838751,20,5993.97
7eb551b3-dcec-4a29-a093-cdf9d4830090,42.2780834006121,-71.4188336681624,106,17173.35
ab5deaba-93a4-4680-9cf5-808df07f2607,42.3071223382427,-71.5300139206656,50,17790.56
b968a9c3-0fd4-4fc8-9c03-c3ab0fe551a0,42.147651591757,-71.4871321014841,8,3281.02
94059766-6fcf-458a-bee2-3d8856a98c17,42.2088233953013,-71.5478372006319,5,434.61
30a9a51f-025f-476a-a501-9cda88fadee8,42.329957326052,-71.4065196458411,59,10600.57
f2e38f84-2a97-4d6c-9d9a-182cd2927222,42.2977949558374,-71.438287731307,19,3274.76
94059766-6fcf-458a-bee2-3d8856a98c17,42.2760288283842,-71.4108433670308,61,19120.44
1c130b25-ee37-4058-b9cb-a955999e4e80,42.2833110262937,-71.3362712464494,51,11653.18
ce9a7e51-0841-4de6-8a94-29f3af8be65b,42.2982361792467,-71.4494282871144,54,13176.03
4cebf1c5-54c8-4e64-82fe-a3337ad3146f,42.302115994818,-71.3848406901861,38,8669.65
004980e6-9f4c-4b6d-ba69-2c51b2ea17f2,42.2114211148871,-71.4251744106516,20,9105.12
3eae3196-8fdf-4760-8a66-21b48a13f1dc,42.322267432348,-71.3984019397737,114,16108.84
1ba4b168-ece7-49bc-9db3-73ad54e3bbf8,42.3382507168204,-71.6227124108501,7,2649.82
11cdf0ae-c10d-4cc1-a6d6-e1b9900d1c2e,42.2785098718709,-71.5253039613547,20,8606.07
0eda0ce6-27a8-41c6-af53-39f9365143cb,42.298218744887,-71.4231882347577,12,4121.93
fb476a4a-c0d7-413f-9c4a-799a1b2d4dd6,42.311931539293,-71.2629611052848,55,14866.98
30a9a51f-025f-476a-a501-9cda88fadee8,42.2997006654561,-71.3931850429288,100,17239.67
474b7e9c-16d3-4964-ba1e-1c40e6d6be04,42.346049239996,-71.55065486137,0,0
b33a3d09-539e-4afa-a893-a3de7cac00ed,42.2574572120581,-71.4269433276024,17,3803.92
f2e38f84-2a97-4d6c-9d9a-182cd2927222,42.3014669001977,-71.3863507739515,36,8093.16
747d8707-5db7-4c6b-b0f3-86a0d2509306,42.2953072068278,-71.4919024105014,56,11126.86
23be88fa-b8dd-4094-bb1d-0092c0557a1c,42.304127651699,-71.4619515217514,27,7257.21
fd4c1dc1-3c32-4573-be8a-3a9651c6107f,42.29773,-71.43723,13,3430.34
23be88fa-b8dd-4094-bb1d-0092c0557a1c,42.3175936828609,-71.52401918316,49,14179.77
012d6ffc-b612-493c-a374-88234b7fe5f5,42.2964055714849,-71.4836331596156,30,12084.85
23be88fa-b8dd-4094-bb1d-0092c0557a1c,42.2777266667918,-71.4149270304994,5,857.44
7eb551b3-dcec-4a29-a093-cdf9d4830090,42.3025478304951,-71.3788486348896,27,5691.98
11cdf0ae-c10d-4cc1-a6d6-e1b9900d1c2e,42.2531844528427,-71.5289450603095,50,11896.34
9ffea29d-1305-44de-bab8-8ccc2cbd144b,42.3022045077207,-71.3787601219869,21,4856.65
b33a3d09-539e-4afa-a893-a3de7cac00ed,42.26429282214,-71.4202807200122,14,2827.67
b8c19c65-25bf-4a3b-a108-e0728086b3d2,42.299967545269,-71.4344240089908,8,3923.19
9f785c31-f3cc-45df-ad8d-08d9418e3073,42.0892759912774,-71.4373932145472,50,15301.47
6422848d-c373-4a3b-b3be-88feeced52ed,42.2838622202791,-71.3679159502933,4,1917.8
161f0f86-97f5-4dfd-a54b-3ec09e77872a,42.3471891788953,-71.5457102087564,7,927.82
ce9a7e51-0841-4de6-8a94-29f3af8be65b,42.2932955499468,-71.4672877769046,60,14904.31
4cebf1c5-54c8-4e64-82fe-a3337ad3146f,42.2981905816907,-71.359300694424,70,16181.08
325a045e-c97d-445a-89dc-9075e4d1d00f,42.2985164701054,-71.3767457828966,6,4389.33
13f5cf06-04ba-4086-a80d-8a89787b833a,42.302115994818,-71.3848406901861,20,3535.58
02771dac-1a3f-4a82-a387-5d517b4b4a7f,42.3020462573794,-71.387164824436,47,13838
161f0f86-97f5-4dfd-a54b-3ec09e77872a,42.2981087743109,-71.496554702315,21,8370.74
e1bd887f-92a6-454a-b421-a0377f10ee01,42.2985392688834,-71.370351396224,5,4745.24
b9968507-53ab-453c-bd4c-59b515649f1d,42.3381380640351,-71.5893551164481,22,8034.97
13f5cf06-04ba-4086-a80d-8a89787b833a,42.2737462683765,-71.3567821000089,75,15328.93
340851f6-b619-4b18-9fc3-a81e3b6acb63,42.300757455871,-71.3882108860142,90,19105.76
b33a3d09-539e-4afa-a893-a3de7cac00ed,42.1995657503346,-71.4299795883882,34,10720.31
f2a9a652-ae50-4c62-935c-bcba2dfc6b9b,42.1398758673594,-71.5359416029418,3,991.09
055c56fc-9140-4b97-835b-abc9145f2aa4,42.138320186038,-71.5219123078532,40,7023.6
b3c7beb5-93f5-4431-bd27-4176d97dd626,42.2986639916101,-71.3593503152937,11,2530.73
636e5ba5-1fdd-459c-82bb-59f2aead5ecf,42.3079511408777,-71.2597867107264,26,4481.09
e6eeab87-0cca-49d4-bccc-4c5d879fbcbf,42.2793909775848,-71.4171076665585,9,1246.74
e878f995-434e-4d2c-907f-09935bb474c7,42.2928449388054,-71.4619662739018,13,2425.31
f2a9a652-ae50-4c62-935c-bcba2dfc6b9b,42.1561246905401,-71.5235846652737,27,6796.82
4ce23383-aa10-4737-9d8e-d1bb1d06920c,42.345905,-71.559561,21,4927.49
387741ec-af5f-4a7b-9b82-820060cdce6f,42.3022246242896,-71.3870213262451,3,167.88
ae46a06e-02d7-4228-8adf-b324f50d6a00,42.209961993096,-71.5522387058877,36,15389.66
9ffea29d-1305-44de-bab8-8ccc2cbd144b,42.3019818843592,-71.3840695550483,31,5304.1
9f785c31-f3cc-45df-ad8d-08d9418e3073,42.1478286175626,-71.4876672022144,4,372.98
320755bd-42ae-4afa-92ee-4790802c99e4,42.29151,-71.3564,1,978.92
0eda0ce6-27a8-41c6-af53-39f9365143cb,42.2938923414881,-71.4672260860936,2,215.06
13f5cf06-04ba-4086-a80d-8a89787b833a,42.2766873107366,-71.3572662387649,81,16029.78
16c57625-ade0-4ab0-9451-056179830dfc,42.3946092960006,-71.5966641364494,77,10892.03
055c56fc-9140-4b97-835b-abc9145f2aa4,42.157119790144,-71.4935090537971,4,1225.46
11cdf0ae-c10d-4cc1-a6d6-e1b9900d1c2e,42.1595968103169,-71.5004358589909,87,23305.47
4cebf1c5-54c8-4e64-82fe-a3337ad3146f,42.279309170205,-71.3638336279293,119,25601.45
02771dac-1a3f-4a82-a387-5d517b4b4a7f,42.3019309223849,-71.3821276356058,39,13392.2
320755bd-42ae-4afa-92ee-4790802c99e4,42.3022769273685,-71.3322881658249,8,4460.26
e878f995-434e-4d2c-907f-09935bb474c7,42.2837495674938,-71.4229937745925,25,7199.15
b9968507-53ab-453c-bd4c-59b515649f1d,42.347161015699,-71.5464598862207,49,14897.13
4cebf1c5-54c8-4e64-82fe-a3337ad3146f,42.3023426414932,-71.3791436778989,27,7460.26
636e5ba5-1fdd-459c-82bb-59f2aead5ecf,42.2986787437605,-71.2803445029464,51,7970.74
fd4c1dc1-3c32-4573-be8a-3a9651c6107f,42.2950537380608,-71.4882009618402,35,9735.18
6422848d-c373-4a3b-b3be-88feeced52ed,42.284811722327,-71.3474238721981,1,76.02
b3c7beb5-93f5-4431-bd27-4176d97dd626,42.2994606077349,-71.3758700416011,21,4233.22
13f5cf06-04ba-4086-a80d-8a89787b833a,42.2982120393641,-71.3852121761568,27,4375.15
4ce23383-aa10-4737-9d8e-d1bb1d06920c,42.3397111797161,-71.5919058973733,37,8802.5
7ae040a5-6c96-48f1-ad52-551743a1a458,42.2729281945782,-71.3556958052931,75,15046.8
9ae8aeb0-d10f-4fe2-afd8-f2dcfac6ab6c,42.3359319469888,-71.6000450611141,18,6747.56
1291f9da-6233-4191-bfff-82c2787d82f2,42.3104174322139,-71.53146231362,8,4896.24
ce9a7e51-0841-4de6-8a94-29f3af8be65b,42.2856593004262,-71.3465119210787,6,2341.96
30a9a51f-025f-476a-a501-9cda88fadee8,42.3306694525879,-71.4013107956237,61,11040.43
fd4c1dc1-3c32-4573-be8a-3a9651c6107f,42.346055945519,-71.5537608595944,69,22890.01
8983ebd0-b08f-4e96-a8ca-18da9a533641,42.2385945760366,-71.4326457043079,29,13448.77
1ba4b168-ece7-49bc-9db3-73ad54e3bbf8,42.3527829261293,-71.5562016699434,42,13360.53
ae46a06e-02d7-4228-8adf-b324f50d6a00,42.2643276908593,-71.4476969210921,20,4329.38
bd433f74-e551-4a3c-91ae-4a735e4e28eb,42.2780834006121,-71.4188336681624,97,16755.18
0eda0ce6-27a8-41c6-af53-39f9365143cb,42.3025397838676,-71.3759424612488,32,8919.05
ab5deaba-93a4-4680-9cf5-808df07f2607,42.3450648692289,-71.5452300933141,63,22453.7
23be88fa-b8dd-4094-bb1d-0092c0557a1c,42.2759577498411,-71.4108822590639,1,79.6
4bd751f8-b639-4098-a1fc-a01bcb0ba4e9,42.2449675050358,-71.4307158548066,44,11135.37
94059766-6fcf-458a-bee2-3d8856a98c17,42.2586642061868,-71.4540926488693,41,14023.69
b3c7beb5-93f5-4431-bd27-4176d97dd626,42.2941002126992,-71.466519323976,51,12883.68
1c130b25-ee37-4058-b9cb-a955999e4e80,42.2848197689545,-71.3415149653861,47,10368.79
94059766-6fcf-458a-bee2-3d8856a98c17,42.2649150946686,-71.446943220314,45,14960.81
4cebf1c5-54c8-4e64-82fe-a3337ad3146f,42.3009827614416,-71.3881371252618,41,9066.51
11cdf0ae-c10d-4cc1-a6d6-e1b9900d1c2e,42.2121171481679,-71.5142438718226,68,16733.49
012d6ffc-b612-493c-a374-88234b7fe5f5,42.2968990979731,-71.4840073277955,29,12021.97
bd433f74-e551-4a3c-91ae-4a735e4e28eb,42.3020569862161,-71.3864178291808,48,6585.84
7ae040a5-6c96-48f1-ad52-551743a1a458,42.3018209518087,-71.3875014416874,15,3052.04
fd4c1dc1-3c32-4573-be8a-3a9651c6107f,42.297136473485,-71.4843774726616,22,7957.63
4ce23383-aa10-4737-9d8e-d1bb1d06920c,42.3549488100379,-71.5541953774807,15,2973.06
747d8707-5db7-4c6b-b0f3-86a0d2509306,42.297711807353,-71.4832670380632,72,13427.51
e74dc2aa-7c6c-4fcb-94dc-82ccb257cce8,42.2722750766441,-71.3979110954947,7,1656.7
23be88fa-b8dd-4094-bb1d-0092c0557a1c,42.2992299377459,-71.4987849592438,38,10915.58
4bd751f8-b639-4098-a1fc-a01bcb0ba4e9,42.2689477961628,-71.4239928975101,34,7674.04
09aed2cc-296b-477d-bca2-e055ce0c98b0,42.3008821785976,-71.3881156675884,1,158.94
340851f6-b619-4b18-9fc3-a81e3b6acb63,42.2992071389679,-71.2773417697753,52,8130.86
31481715-c247-41ac-940e-c0096e0868ba,42.1572083030467,-71.486540674361,41,16980.27
02771dac-1a3f-4a82-a387-5d517b4b4a7f,42.3021240414455,-71.384632818975,41,13600.47
23be88fa-b8dd-4094-bb1d-0092c0557a1c,42.2776247428432,-71.4167884836667,6,1010.9
7eb551b3-dcec-4a29-a093-cdf9d4830090,42.3010940731224,-71.3926150734791,60,7550.97
23d5cef6-e518-4901-93a5-1d112c5caad9,42.3502710372371,-71.5278306023974,9,2230.16
11cdf0ae-c10d-4cc1-a6d6-e1b9900d1c2e,42.2678199272048,-71.5226177288662,34,10113.68
9ffea29d-1305-44de-bab8-8ccc2cbd144b,42.2975388048612,-71.3780547009739,14,4243.37
7ae040a5-6c96-48f1-ad52-551743a1a458,42.2737958892462,-71.3569644902327,73,14854.83
fe1b79da-593f-487c-844c-daf273066f25,42.3485222368552,-71.5421428705539,18,5469.69
ae46a06e-02d7-4228-8adf-b324f50d6a00,42.2726613147653,-71.4407835269441,15,3203.26
695762db-d0d4-4ddc-a7ae-10275473090c,42.4059174898814,-71.5481376080595,69,8978.7
0743cc3d-3ccf-45a0-8f97-888a39b21570,42.289907919759,-71.3521257848815,1,611.87
4ce23383-aa10-4737-9d8e-d1bb1d06920c,42.3291204767895,-71.6233239545419,47,11920.76
b33a3d09-539e-4afa-a893-a3de7cac00ed,42.1829964031575,-71.4446740713521,38,12987.4
02771dac-1a3f-4a82-a387-5d517b4b4a7f,42.294988023936,-71.4898438149598,2,575.45
ce9a7e51-0841-4de6-8a94-29f3af8be65b,42.2979666172246,-71.3477953581688,3,843.71
4ce23383-aa10-4737-9d8e-d1bb1d06920c,42.3543466540782,-71.5538051160458,16,3047.25
13f5cf06-04ba-4086-a80d-8a89787b833a,42.3093351608119,-71.3613700188023,42,9289.54
837fca5f-265a-4a4c-9c28-0c273254ae78,42.3490613608993,-71.5057278576927,52,11572.39
1ba4b168-ece7-49bc-9db3-73ad54e3bbf8,42.3394925796683,-71.5619791485059,28,10612.87
bd433f74-e551-4a3c-91ae-4a735e4e28eb,42.3025411249722,-71.3788982557594,23,5286.22
e1bd887f-92a6-454a-b421-a0377f10ee01,42.2996617734231,-71.3795205282879,14,7293.78
0eda0ce6-27a8-41c6-af53-39f9365143cb,42.2968092439657,-71.4514882237606,9,1701.34
13f5cf06-04ba-4086-a80d-8a89787b833a,42.3023761691079,-71.3851773074375,12,2836.96
fb476a4a-c0d7-413f-9c4a-799a1b2d4dd6,42.3021186770272,-71.3847334018191,2,242.28
055c56fc-9140-4b97-835b-abc9145f2aa4,42.146852293423,-71.5114583975946,30,5115.85
20df4b38-9cbe-4caa-bca0-119944aa8afa,42.2990515708358,-71.3594884490662,4,2014.7
ce9a7e51-0841-4de6-8a94-29f3af8be65b,42.300919729526,-71.377235286071,30,6299.9
636e5ba5-1fdd-459c-82bb-59f2aead5ecf,42.3216746641204,-71.2634076931124,12,2317.71
02771dac-1a3f-4a82-a387-5d517b4b4a7f,42.302346664807,-71.3857124081679,44,13707.05
f2a9a652-ae50-4c62-935c-bcba2dfc6b9b,42.1493682056289,-71.5067256395057,44,10712.15
004980e6-9f4c-4b6d-ba69-2c51b2ea17f2,42.2272340790769,-71.4320529360803,18,7230.98
387741ec-af5f-4a7b-9b82-820060cdce6f,42.2987726210816,-71.3987050294104,12,1393.83
387741ec-af5f-4a7b-9b82-820060cdce6f,42.3011396706784,-71.3925654526094,7,647.84
4cebf1c5-54c8-4e64-82fe-a3337ad3146f,42.2814468909172,-71.376874528937,127,27170.58
9f785c31-f3cc-45df-ad8d-08d9418e3073,42.0890882366352,-71.4374508820445,49,15280.07
7ae040a5-6c96-48f1-ad52-551743a1a458,42.3024392010235,-71.3609475708573,45,10067.35
4ce23383-aa10-4737-9d8e-d1bb1d06920c,42.337868502013,-71.59206280661,40,9059.98
13f5cf06-04ba-4086-a80d-8a89787b833a,42.2803351152143,-71.3581929420348,83,16444.54
1291f9da-6233-4191-bfff-82c2787d82f2,42.2938199218404,-71.4317672808032,34,15510.07
1fb235dd-c407-4f25-b6f2-a11c46c7349b,42.121490664571,-71.5137087710922,43,10499.27
320755bd-42ae-4afa-92ee-4790802c99e4,42.3001351833424,-71.3583029126109,4,2013.69
3eae3196-8fdf-4760-8a66-21b48a13f1dc,42.2864411644007,-71.4227644457081,9,1488.04
11cdf0ae-c10d-4cc1-a6d6-e1b9900d1c2e,42.2659987071752,-71.5227518393249,39,10329.07
8983ebd0-b08f-4e96-a8ca-18da9a533641,42.2731736167177,-71.4217103375024,43,18228.05
ebb5d4b8-b5de-42e7-8df5-be5d2199a7bd,42.1575140748926,-71.4937625225641,7,1283.53
fd4c1dc1-3c32-4573-be8a-3a9651c6107f,42.2795988487958,-71.4188175749074,5,495.91
636e5ba5-1fdd-459c-82bb-59f2aead5ecf,42.3035925509687,-71.2544732543512,39,5632.65
320755bd-42ae-4afa-92ee-4790802c99e4,42.2943228360607,-71.328637679138,11,5401.59
b3c7beb5-93f5-4431-bd27-4176d97dd626,42.2978432356026,-71.4188779246138,40,8728.76
ebb5d4b8-b5de-42e7-8df5-be5d2199a7bd,42.1592883562618,-71.496340125581,8,1573.28
0eda0ce6-27a8-41c6-af53-39f9365143cb,42.2989389180505,-71.3768611178911,23,8361.3
7ae040a5-6c96-48f1-ad52-551743a1a458,42.3024338366052,-71.361211768461,50,10549.74
4ce23383-aa10-4737-9d8e-d1bb1d06920c,42.346049239996,-71.55065486137,4,587.95
e6097e76-5b3e-4d62-a4a9-945e230f237b,42.2968789814042,-71.4478243260279,30,4501.96
ce9a7e51-0841-4de6-8a94-29f3af8be65b,42.2984319805164,-71.4072170202266,45,9635.43
7def5309-57de-4b5b-b6c1-7e3793374494,42.2962446389344,-71.3769925461407,8,4714.45
4ce23383-aa10-4737-9d8e-d1bb1d06920c,42.3497614174939,-71.6202796471286,57,15428.98
4cebf1c5-54c8-4e64-82fe-a3337ad3146f,42.2810137141355,-71.3334562679205,81,19544.18
23be88fa-b8dd-4094-bb1d-0092c0557a1c,42.3432342614671,-71.5426082338457,57,17594.68
ebb5d4b8-b5de-42e7-8df5-be5d2199a7bd,42.2669374803863,-71.5223079337065,60,15014.69
7def5309-57de-4b5b-b6c1-7e3793374494,42.2777105735368,-71.4094861691884,2,301.16
e74dc2aa-7c6c-4fcb-94dc-82ccb257cce8,42.2752871975474,-71.4107763118014,1,109.38
012d6ffc-b612-493c-a374-88234b7fe5f5,42.293337124189,-71.4613359547458,38,14296.47
ebb5d4b8-b5de-42e7-8df5-be5d2199a7bd,42.2584509705574,-71.5263996438026,51,13957.22
ebb5d4b8-b5de-42e7-8df5-be5d2199a7bd,42.2672647099057,-71.5223830355634,61,15051.57
b33a3d09-539e-4afa-a893-a3de7cac00ed,42.2702070933704,-71.4193070780818,13,2165.62
13f5cf06-04ba-4086-a80d-8a89787b833a,42.3029689373356,-71.3613150335142,44,10001.19
94059766-6fcf-458a-bee2-3d8856a98c17,42.2269148961851,-71.5259450093475,9,3447.18
ebb5d4b8-b5de-42e7-8df5-be5d2199a7bd,42.2540494653016,-71.5285011546911,48,13436.48
ebb5d4b8-b5de-42e7-8df5-be5d2199a7bd,42.2595640873649,-71.5265659407715,52,14081.66
b3c7beb5-93f5-4431-bd27-4176d97dd626,42.3002143085131,-71.3606190002334,14,2929.63
4cebf1c5-54c8-4e64-82fe-a3337ad3146f,42.2811478245943,-71.3337070544784,83,19726.28
0eda0ce6-27a8-41c6-af53-39f9365143cb,42.3017512143702,-71.3778159843574,36,9107.48
012d6ffc-b612-493c-a374-88234b7fe5f5,42.290827917506,-71.4908080691581,25,10940.76
b3c7beb5-93f5-4431-bd27-4176d97dd626,42.2951033589306,-71.3497815340627,6,1476.85
1fb235dd-c407-4f25-b6f2-a11c46c7349b,42.1413792456019,-71.5198724877758,53,12883.02
161f0f86-97f5-4dfd-a54b-3ec09e77872a,42.2966711101932,-71.4372336231013,38,14926.76
695762db-d0d4-4ddc-a7ae-10275473090c,42.3522129566796,-71.5471666483382,10,1062.25
d89454d2-59b8-475d-8724-4381e121ba00,42.1526002676845,-71.487415074552,131,30938.04
9ae8aeb0-d10f-4fe2-afd8-f2dcfac6ab6c,42.3531061323348,-71.534325571914,61,16668.78
1fb235dd-c407-4f25-b6f2-a11c46c7349b,42.0856965831337,-71.4459829894294,17,1938.18
f2a9a652-ae50-4c62-935c-bcba2dfc6b9b,42.1473686186891,-71.5170910368616,32,8074.09
fd4c1dc1-3c32-4573-be8a-3a9651c6107f,42.298303234476,-71.440735247179,14,3725.4
1ba4b168-ece7-49bc-9db3-73ad54e3bbf8,42.3497372776113,-71.6201884520166,4,985.61
ab5deaba-93a4-4680-9cf5-808df07f2607,42.347161015699,-71.5464598862207,64,22707.58
bd433f74-e551-4a3c-91ae-4a735e4e28eb,42.3023158194015,-71.3800140547761,28,5559.3
1fb235dd-c407-4f25-b6f2-a11c46c7349b,42.0898794883418,-71.4370673261325,11,1045.68
fe1b79da-593f-487c-844c-daf273066f25,42.3477001397431,-71.5085213785482,4,1851.06
9f785c31-f3cc-45df-ad8d-08d9418e3073,42.1131329007824,-71.5093877321117,29,6910.25
62d689e9-a952-482a-b6c2-5a5fa078d2af,42.2933585818624,-71.4673226456238,21,3146.52
bd433f74-e551-4a3c-91ae-4a735e4e28eb,42.3026537777575,-71.3784167992125,15,4886.46
94059766-6fcf-458a-bee2-3d8856a98c17,42.2609601772404,-71.4500358074925,43,14444.23
1fb235dd-c407-4f25-b6f2-a11c46c7349b,42.1496699541611,-71.486609070695,69,16266.44
f2e38f84-2a97-4d6c-9d9a-182cd2927222,42.2972115753419,-71.4416136706837,16,2910.81
02771dac-1a3f-4a82-a387-5d517b4b4a7f,42.3021280647592,-71.3785133587428,35,13085.1
ae50df4e-b25b-429a-99d2-e4f28b1a7944,42.2823373843632,-71.3610387659692,9,3511.12
d21fe9a4-787e-4161-b93d-3ca50d5b7de7,42.2970828293015,-71.3551352235756,9,2058.08
30a9a51f-025f-476a-a501-9cda88fadee8,42.2781303392726,-71.4201224696709,1,242.87
18ff10fa-80ce-4f49-8d61-3c978965f923,42.2758746013567,-71.411843831053,0,0
11cdf0ae-c10d-4cc1-a6d6-e1b9900d1c2e,42.1906755680249,-71.5050814452816,74,19310.55
1291f9da-6233-4191-bfff-82c2787d82f2,42.3054996016919,-71.5295968371389,9,5463.8
f52e15dd-a155-445b-a257-949f7b6efeba,42.2769568727587,-71.4104732221647,2,195.6
747d8707-5db7-4c6b-b0f3-86a0d2509306,42.2962768254445,-71.487138807007,34,8975.1
b135140e-109e-4613-95af-0631d00cbd1e,42.2973872600429,-71.4861517540307,23,9460
3eae3196-8fdf-4760-8a66-21b48a13f1dc,42.3017056168142,-71.3886346750638,68,10634.42
b968a9c3-0fd4-4fc8-9c03-c3ab0fe551a0,42.2097903317088,-71.4268186048757,34,13294.2
fd4c1dc1-3c32-4573-be8a-3a9651c6107f,42.3455449846712,-71.5486351578614,57,20180.8
afc65aea-c4e8-4c68-ab68-956699da953a,42.2754400834704,-71.4186526190431,9,1270.32
18ff10fa-80ce-4f49-8d61-3c978965f923,42.2986063241128,-71.3594160294185,31,12085.06
f9a10342-e44e-4a6b-8ec9-2ce051d39cf6,42.2770842776945,-71.4175287733989,8,1424.32
320755bd-42ae-4afa-92ee-4790802c99e4,42.2942115243799,-71.3578080450182,2,1300.65
b44b7738-7ce5-4d95-8081-9b6f1f76665a,42.2782939540323,-71.4095371311627,20,6756.4
23be88fa-b8dd-4094-bb1d-0092c0557a1c,42.279647128561,-71.4187625896193,12,1709.87
f2e38f84-2a97-4d6c-9d9a-182cd2927222,42.2996497034818,-71.4332720001502,25,3974.29
18ff10fa-80ce-4f49-8d61-3c978965f923,42.3021857322565,-71.380020760299,14,5957.37
ce9a7e51-0841-4de6-8a94-29f3af8be65b,42.2934725757523,-71.4595241224482,55,14160.29
bd433f74-e551-4a3c-91ae-4a735e4e28eb,42.2905731076344,-71.3932936724003,6,2777.4
4f48eaa9-89c6-49b0-a7ab-ebf904a00c42,42.2936174150477,-71.469366489015,18,2763.1
3eae3196-8fdf-4760-8a66-21b48a13f1dc,42.3010350645205,-71.388084822183,52,9858.85
3eae3196-8fdf-4760-8a66-21b48a13f1dc,42.3199687790852,-71.3970273075716,102,14422.65
4cebf1c5-54c8-4e64-82fe-a3337ad3146f,42.2771915660615,-71.3517650277474,99,22892.28
11cdf0ae-c10d-4cc1-a6d6-e1b9900d1c2e,42.2653509536595,-71.5239856555453,40,10453.47
ab5deaba-93a4-4680-9cf5-808df07f2607,42.2973161814997,-71.4864293626803,18,8377.22
b9968507-53ab-453c-bd4c-59b515649f1d,42.3471462635485,-71.5433297481137,50,15154.2
d89454d2-59b8-475d-8724-4381e121ba00,42.3750130757697,-71.5643099882788,19,2007.44
ce9a7e51-0841-4de6-8a94-29f3af8be65b,42.2890885048562,-71.3506921440776,12,2985
d47c2a5a-3fe8-4a30-830f-690bbe96c7b4,42.3003993809461,-71.4380557202134,11,4740.08
3eae3196-8fdf-4760-8a66-21b48a13f1dc,42.3122239000931,-71.4018351675174,92,13401.02
f2e38f84-2a97-4d6c-9d9a-182cd2927222,42.2992648064652,-71.4370887838059,22,3533.63
d89454d2-59b8-475d-8724-4381e121ba00,42.2456823137809,-71.5264801100779,95,19019.69
13f5cf06-04ba-4086-a80d-8a89787b833a,42.279309170205,-71.3638336279293,86,16923.63
325a045e-c97d-445a-89dc-9075e4d1d00f,42.2758746013567,-71.411843831053,0,0
f2a9a652-ae50-4c62-935c-bcba2dfc6b9b,42.1596276557223,-71.5255882755272,26,6374.03
0eda0ce6-27a8-41c6-af53-39f9365143cb,42.2985714553935,-71.3996572136675,14,6064.5
f2e38f84-2a97-4d6c-9d9a-182cd2927222,42.2985647498706,-71.4372470341472,21,3454.76
d89454d2-59b8-475d-8724-4381e121ba00,42.3055264237837,-71.5291354971609,53,11763.79
3eae3196-8fdf-4760-8a66-21b48a13f1dc,42.3010310412068,-71.3872198097241,53,9929.94
0eda0ce6-27a8-41c6-af53-39f9365143cb,42.302639025607,-71.3758499250322,31,8905.65
161f0f86-97f5-4dfd-a54b-3ec09e77872a,42.3455664423446,-71.5458456603197,9,1110.25
d21fe9a4-787e-4161-b93d-3ca50d5b7de7,42.2941002126992,-71.466519323976,37,11928.15
16c57625-ade0-4ab0-9451-056179830dfc,42.3976294635313,-71.5988474547176,68,10158.07
161f0f86-97f5-4dfd-a54b-3ec09e77872a,42.3432342614671,-71.5426082338457,10,1481.54
018f3677-ec1d-408c-bd2c-782f608a9df4,42.3912270302312,-71.5682045560005,25,3064.9
23d5cef6-e518-4901-93a5-1d112c5caad9,42.3485222368552,-71.5421428705539,18,4169.6
d89454d2-59b8-475d-8724-4381e121ba00,42.2184458207158,-71.5171218822671,104,22176.59
3095b873-eb06-438b-a330-1338c12a12ae,42.2819632161834,-71.3923160071561,6,2192.39
161f0f86-97f5-4dfd-a54b-3ec09e77872a,42.3148524650843,-71.5192984950124,14,5377.65
3eae3196-8fdf-4760-8a66-21b48a13f1dc,42.2784843908837,-71.4178224753036,175,27979.02
695762db-d0d4-4ddc-a7ae-10275473090c,42.3533166857551,-71.5480893282944,11,1206.41
b44b7738-7ce5-4d95-8081-9b6f1f76665a,42.2992862641386,-71.4341745635375,10,3171.37
d89454d2-59b8-475d-8724-4381e121ba00,42.3457260337905,-71.5476883380227,34,5895.63
e6097e76-5b3e-4d62-a4a9-945e230f237b,42.279624329783,-71.4188765835092,4,458.79
1c130b25-ee37-4058-b9cb-a955999e4e80,42.3011624694563,-71.3604701376241,65,15383.98
161f0f86-97f5-4dfd-a54b-3ec09e77872a,42.3345211049629,-71.5415876532547,11,2453.37
1ba4b168-ece7-49bc-9db3-73ad54e3bbf8,42.3488628774203,-71.5030738117143,76,19837.89
11cdf0ae-c10d-4cc1-a6d6-e1b9900d1c2e,42.2595640873649,-71.5265659407715,45,11148.34
1ba4b168-ece7-49bc-9db3-73ad54e3bbf8,42.349218270136,-71.5257076338355,67,17805.32
f2e38f84-2a97-4d6c-9d9a-182cd2927222,42.3011356473646,-71.3926687176626,33,7553.45
ce9a7e51-0841-4de6-8a94-29f3af8be65b,42.2994699954671,-71.3790712582511,42,7319.26
161f0f86-97f5-4dfd-a54b-3ec09e77872a,42.2883173697184,-71.4275669412355,41,16472.35
f2e38f84-2a97-4d6c-9d9a-182cd2927222,42.2982442258742,-71.407660925845,29,6106.17
ce9a7e51-0841-4de6-8a94-29f3af8be65b,42.2986277817862,-71.3712727350755,25,5709.58
b9968507-53ab-453c-bd4c-59b515649f1d,42.3466125039227,-71.5508332282801,47,14530.43
1c130b25-ee37-4058-b9cb-a955999e4e80,42.2860200575602,-71.3415927494522,57,12604.21
8983ebd0-b08f-4e96-a8ca-18da9a533641,42.193164658139,-71.4360212645544,19,7992.7
02771dac-1a3f-4a82-a387-5d517b4b4a7f,42.3015004278124,-71.3878461055664,51,13934.7
18ff10fa-80ce-4f49-8d61-3c978965f923,42.3023185016107,-71.3373012147725,25,9798.54
2b2c7804-d94b-4a51-8e79-454d4cd759d1,42.2712209684385,-71.4175287733989,10,3868.35
f2e38f84-2a97-4d6c-9d9a-182cd2927222,42.2933585818624,-71.4673226456238,3,378.08
387741ec-af5f-4a7b-9b82-820060cdce6f,42.2984467326669,-71.4041713717086,14,1844.99
747d8707-5db7-4c6b-b0f3-86a0d2509306,42.2907099003023,-71.4921585614776,45,10062.44
4cebf1c5-54c8-4e64-82fe-a3337ad3146f,42.2722750766441,-71.3979110954947,7,1656.7
3eae3196-8fdf-4760-8a66-21b48a13f1dc,42.302323866029,-71.3866766623662,66,10455.71
fb476a4a-c0d7-413f-9c4a-799a1b2d4dd6,42.3042255523339,-71.3265723780735,17,5943.24
f2e38f84-2a97-4d6c-9d9a-182cd2927222,42.2940344985744,-71.4635246374324,7,746.68
3eae3196-8fdf-4760-8a66-21b48a13f1dc,42.2851014009178,-71.421620483495,171,27077.24
dfc8cf0c-de43-47ea-9ed6-b7d8430eab32,42.29811145652,-71.4923637504794,14,8721.42
ab5deaba-93a4-4680-9cf5-808df07f2607,42.3458011356474,-71.5524358482621,78,25658.72
94059766-6fcf-458a-bee2-3d8856a98c17,42.2281889455431,-71.5229959203598,10,3728.12
b4ccc300-ae7b-45c9-91ad-79e50bd98bd6,42.3024110378272,-71.3811137605377,13,8714.24
4ce23383-aa10-4737-9d8e-d1bb1d06920c,42.3412199223769,-71.5708827418615,27,6786.42
57c05cab-d8c5-43f8-8d8f-9ecfcba3dbb3,42.3455664423446,-71.5458456603197,8,667.01
012d6ffc-b612-493c-a374-88234b7fe5f5,42.346585681831,-71.5507272810178,3,421.44
b135140e-109e-4613-95af-0631d00cbd1e,42.2936174150477,-71.469366489015,16,7577.62
747d8707-5db7-4c6b-b0f3-86a0d2509306,42.2984748958632,-71.4822840084007,71,13310.39
3eae3196-8fdf-4760-8a66-21b48a13f1dc,42.302415061141,-71.3847816815842,47,9512.27
d89454d2-59b8-475d-8724-4381e121ba00,42.3433214332653,-71.543003859699,43,7189.95
d21fe9a4-787e-4161-b93d-3ca50d5b7de7,42.2982361792467,-71.4494282871144,33,10352.72
0743cc3d-3ccf-45a0-8f97-888a39b21570,42.2839882841103,-71.3685744326457,25,11153.21
18ff10fa-80ce-4f49-8d61-3c978965f923,42.277306901056,-71.4098361974857,2,268.19
bd433f74-e551-4a3c-91ae-4a735e4e28eb,42.2817674149136,-71.4152904698426,81,12927.54
ab5deaba-93a4-4680-9cf5-808df07f2607,42.3167514691801,-71.5306482631354,54,18893.02
bd433f74-e551-4a3c-91ae-4a735e4e28eb,42.301065909926,-71.386635088124,45,6464.93
11cdf0ae-c10d-4cc1-a6d6-e1b9900d1c2e,42.3232303454417,-71.5312598068273,11,3549.88
3eae3196-8fdf-4760-8a66-21b48a13f1dc,42.3167461047617,-71.4007220507098,107,15308.67
747d8707-5db7-4c6b-b0f3-86a0d2509306,42.290912407095,-71.4920834596207,46,10085.77
522e28ee-243c-4b26-8151-2475fa5a5d2e,42.3494475990205,-71.5183798383701,7,1406.36
1c130b25-ee37-4058-b9cb-a955999e4e80,42.3010511577756,-71.3879520528288,81,21415.58
bd433f74-e551-4a3c-91ae-4a735e4e28eb,42.3027865471116,-71.3780386077189,16,4920.87
4cebf1c5-54c8-4e64-82fe-a3337ad3146f,42.2784522043736,-71.346878042631,95,22357.69
3eae3196-8fdf-4760-8a66-21b48a13f1dc,42.3071384314977,-71.4016956926403,86,12620.8
3eae3196-8fdf-4760-8a66-21b48a13f1dc,42.3131760843501,-71.4010197759282,93,13526.26
d89454d2-59b8-475d-8724-4381e121ba00,42.22826314,-71.52213335,100,20992.09
3eae3196-8fdf-4760-8a66-21b48a13f1dc,42.3226389183187,-71.3989450871316,115,16169.63
ae50df4e-b25b-429a-99d2-e4f28b1a7944,42.3013113320656,-71.3459540215703,2,362.18
fb476a4a-c0d7-413f-9c4a-799a1b2d4dd6,42.3089663570503,-71.2551317367036,49,13839.25
325a045e-c97d-445a-89dc-9075e4d1d00f,42.2925566013191,-71.4005973279832,3,2107.88
325a045e-c97d-445a-89dc-9075e4d1d00f,42.293330418666,-71.3848943343696,5,3505.78
4cebf1c5-54c8-4e64-82fe-a3337ad3146f,42.3017968119262,-71.3609033144059,64,15272.89
b3c7beb5-93f5-4431-bd27-4176d97dd626,42.2941391047322,-71.4672354738257,52,12942.7
b33a3d09-539e-4afa-a893-a3de7cac00ed,42.2580392514491,-71.4249705627543,16,3629.26
d1aedfe4-3b3d-448f-844d-ca7fb9a70ab2,42.2990381597899,-71.387096428102,8,891.47
1c130b25-ee37-4058-b9cb-a955999e4e80,42.2904041284564,-71.3550869438104,60,13996.8
bd433f74-e551-4a3c-91ae-4a735e4e28eb,42.2931037719908,-71.3862461677936,7,3421.34
23be88fa-b8dd-4094-bb1d-0092c0557a1c,42.3345211049629,-71.5415876532547,56,16622.85
11cdf0ae-c10d-4cc1-a6d6-e1b9900d1c2e,42.2688793998289,-71.523167581747,24,9701.37
0eda0ce6-27a8-41c6-af53-39f9365143cb,42.2941230114772,-71.463948426482,5,487.13
ce9a7e51-0841-4de6-8a94-29f3af8be65b,42.2979612528063,-71.4138957210717,46,10186.84
4ce23383-aa10-4737-9d8e-d1bb1d06920c,42.3290534215601,-71.6170328329225,46,11403.89
1291f9da-6233-4191-bfff-82c2787d82f2,42.2899682694655,-71.4288342850706,35,16001.3
2b823661-7fbc-45bc-aac0-a7fed254ae27,42.2128346391222,-71.4255365088902,26,9587.81
57c05cab-d8c5-43f8-8d8f-9ecfcba3dbb3,42.3465736118897,-71.5508023828746,1,59.51
018f3677-ec1d-408c-bd2c-782f608a9df4,42.348350575468,-71.5455318418462,53,8792.52
161f0f86-97f5-4dfd-a54b-3ec09e77872a,42.2770842776945,-71.4175287733989,48,18162.14
b9968507-53ab-453c-bd4c-59b515649f1d,42.3387724065049,-71.5901892835014,23,8133.27
ae46a06e-02d7-4228-8adf-b324f50d6a00,42.2783341871699,-71.4095344489535,4,374.25
b44b7738-7ce5-4d95-8081-9b6f1f76665a,42.2758746013567,-71.411843831053,24,7115.55
d89454d2-59b8-475d-8724-4381e121ba00,42.1743020221175,-71.5085361306987,117,27357.59
161f0f86-97f5-4dfd-a54b-3ec09e77872a,42.3102766162322,-71.517772317992,15,5901.36
f2a9a652-ae50-4c62-935c-bcba2dfc6b9b,42.143806644905,-71.512799502182,42,9880.19
ebb5d4b8-b5de-42e7-8df5-be5d2199a7bd,42.2442661073366,-71.5257304326135,37,12226.08
4cebf1c5-54c8-4e64-82fe-a3337ad3146f,42.2994431733753,-71.3766331301113,24,7056.55
4f48eaa9-89c6-49b0-a7ab-ebf904a00c42,42.2932875033192,-71.4603073275272,27,3795.23
d89454d2-59b8-475d-8724-4381e121ba00,42.2665914754028,-71.5223079337065,75,16438.92
3eae3196-8fdf-4760-8a66-21b48a13f1dc,42.2911766046987,-71.4093775397168,18,3504.98
3eae3196-8fdf-4760-8a66-21b48a13f1dc,42.3031017066897,-71.401683622699,30,6192.88
055c56fc-9140-4b97-835b-abc9145f2aa4,42.1394641482511,-71.5207334769209,38,6863.48
d89454d2-59b8-475d-8724-4381e121ba00,42.1997494816631,-71.5074055795315,107,24405.96
d21fe9a4-787e-4161-b93d-3ca50d5b7de7,42.2964753089234,-71.3500738948628,7,1631.18
1ba4b168-ece7-49bc-9db3-73ad54e3bbf8,42.3516376228117,-71.4875853948346,81,21361.21
f2e38f84-2a97-4d6c-9d9a-182cd2927222,42.2941391047322,-71.4646122732527,6,656.53
d89454d2-59b8-475d-8724-4381e121ba00,42.2469013778509,-71.5278507189662,92,18842.3
bd433f74-e551-4a3c-91ae-4a735e4e28eb,42.2982536136063,-71.408145064601,74,10948.87
d89454d2-59b8-475d-8724-4381e121ba00,42.1592883562618,-71.496340125581,126,29841.88
3095b873-eb06-438b-a330-1338c12a12ae,42.2819176186274,-71.3910540277394,4,1954.72
b9968507-53ab-453c-bd4c-59b515649f1d,42.3359319469888,-71.6000450611141,18,6747.56
b44b7738-7ce5-4d95-8081-9b6f1f76665a,42.2979143141457,-71.4497018724502,7,1825.78
d89454d2-59b8-475d-8724-4381e121ba00,42.2645060577694,-71.5247688606244,78,16752.48
02771dac-1a3f-4a82-a387-5d517b4b4a7f,42.3012147725352,-71.3863869837753,54,14136.54
18ff10fa-80ce-4f49-8d61-3c978965f923,42.301004219115,-71.3508544177326,28,10934.05
1ba4b168-ece7-49bc-9db3-73ad54e3bbf8,42.3453692999702,-71.5502605766213,50,14600.83
11cdf0ae-c10d-4cc1-a6d6-e1b9900d1c2e,42.2675999860525,-71.5236718370719,29,9892.27
b3c7beb5-93f5-4431-bd27-4176d97dd626,42.2970828293015,-71.3551352235756,9,2058.08
4cebf1c5-54c8-4e64-82fe-a3337ad3146f,42.3085050170723,-71.3838187684905,51,11443.67
7ae040a5-6c96-48f1-ad52-551743a1a458,42.2982120393641,-71.3852121761568,27,4375.15
3eae3196-8fdf-4760-8a66-21b48a13f1dc,42.3010860264949,-71.3925882513874,70,10969.5
1291f9da-6233-4191-bfff-82c2787d82f2,42.2966831801345,-71.470962403474,23,11070.49
7ae040a5-6c96-48f1-ad52-551743a1a458,42.3023600758529,-71.3862957886634,13,2928.9
8983ebd0-b08f-4e96-a8ca-18da9a533641,42.1972590504443,-71.4317833740582,21,8571.71
004980e6-9f4c-4b6d-ba69-2c51b2ea17f2,42.2094175046335,-71.4271552221272,21,9381.07
340851f6-b619-4b18-9fc3-a81e3b6acb63,42.2994686543625,-71.3755294010359,75,17080.87
3eae3196-8fdf-4760-8a66-21b48a13f1dc,42.302392262363,-71.3852202227843,49,9550.35
62d689e9-a952-482a-b6c2-5a5fa078d2af,42.2969460366336,-71.4726870639734,12,1982.09
57c05cab-d8c5-43f8-8d8f-9ecfcba3dbb3,42.2790114449865,-71.4200393211865,52,16418.19
0743cc3d-3ccf-45a0-8f97-888a39b21570,42.299262124256,-71.3791450190034,14,4725.91
747d8707-5db7-4c6b-b0f3-86a0d2509306,42.299990344047,-71.4895098799175,65,12451.57
bd433f74-e551-4a3c-91ae-4a735e4e28eb,42.2996751844689,-71.3968261418835,57,7620.21
bd433f74-e551-4a3c-91ae-4a735e4e28eb,42.3026886464768,-71.378454350141,24,5326.22
30a9a51f-025f-476a-a501-9cda88fadee8,42.2770842776945,-71.4175287733989,0,0
3eae3196-8fdf-4760-8a66-21b48a13f1dc,42.2998401403332,-71.4344749709651,161,24873.22
ae46a06e-02d7-4228-8adf-b324f50d6a00,42.2610755122349,-71.4500934749898,22,4744
23d5cef6-e518-4901-93a5-1d112c5caad9,42.3522706241769,-71.5303170103024,10,2531.93
f9a10342-e44e-4a6b-8ec9-2ce051d39cf6,42.2802948820767,-71.4176816593219,11,1879.17
57c05cab-d8c5-43f8-8d8f-9ecfcba3dbb3,42.279647128561,-71.4187625896193,51,16291.67
ab5deaba-93a4-4680-9cf5-808df07f2607,42.2964055714849,-71.4836331596156,35,13012.67
20df4b38-9cbe-4caa-bca0-119944aa8afa,42.2854500881106,-71.3477564661358,0,0
3095b873-eb06-438b-a330-1338c12a12ae,42.2836033870937,-71.3465950695631,10,5988.98
d89454d2-59b8-475d-8724-4381e121ba00,42.2676522891314,-71.5235082223122,65,16062.77
d21fe9a4-787e-4161-b93d-3ca50d5b7de7,42.2994699954671,-71.3790712582511,21,4495.95
16c57625-ade0-4ab0-9451-056179830dfc,42.3911076719229,-71.5663337151011,41,6591.53
e1bd887f-92a6-454a-b421-a0377f10ee01,42.3002076029901,-71.3793367969594,13,7231.28
bd433f74-e551-4a3c-91ae-4a735e4e28eb,42.3024619998015,-71.3851048877898,36,6008.1
11cdf0ae-c10d-4cc1-a6d6-e1b9900d1c2e,42.2452035394432,-71.5261569038723,59,12894
13f5cf06-04ba-4086-a80d-8a89787b833a,42.3017391444289,-71.3777623401739,8,2194.34
747d8707-5db7-4c6b-b0f3-86a0d2509306,42.300689059537,-71.4924857909969,64,12194.96
bd433f74-e551-4a3c-91ae-4a735e4e28eb,42.28438494,-71.42004284,82,13414.61
94059766-6fcf-458a-bee2-3d8856a98c17,42.2338296314376,-71.5110493606954,16,4932.14
bd433f74-e551-4a3c-91ae-4a735e4e28eb,42.3030869545392,-71.3776040898326,18,4974.67
d89454d2-59b8-475d-8724-4381e121ba00,42.3469544855925,-71.5471344618281,39,6537.27
fd4c1dc1-3c32-4573-be8a-3a9651c6107f,42.2932714100642,-71.4609376466833,17,5828.64
320755bd-42ae-4afa-92ee-4790802c99e4,42.2830803563047,-71.3671944360253,17,9382.54
20df4b38-9cbe-4caa-bca0-119944aa8afa,42.299353319368,-71.3790162729631,10,4749.48
ae50df4e-b25b-429a-99d2-e4f28b1a7944,42.2839252521947,-71.3474225310935,7,2375.31
9f785c31-f3cc-45df-ad8d-08d9418e3073,42.1466658798853,-71.5117279596166,13,2532.63
f2a9a652-ae50-4c62-935c-bcba2dfc6b9b,42.1594157611976,-71.537855359188,18,4563.53
b9968507-53ab-453c-bd4c-59b515649f1d,42.3517931909438,-71.5359979293345,53,16058.21
d89454d2-59b8-475d-8724-4381e121ba00,42.340507795841,-71.5425653184989,45,7507.19
340851f6-b619-4b18-9fc3-a81e3b6acb63,42.3105904347056,-71.2631072856848,22,4054.11
b3c7beb5-93f5-4431-bd27-4176d97dd626,42.2932955499468,-71.4672877769046,53,13036.53
ebb5d4b8-b5de-42e7-8df5-be5d2199a7bd,42.2427560235712,-71.5253629699566,36,12055.58
7eb551b3-dcec-4a29-a093-cdf9d4830090,42.3026658476988,-71.3784235047354,21,5296.02
7ae040a5-6c96-48f1-ad52-551743a1a458,42.2781665490965,-71.3703084808772,90,17362.5
23be88fa-b8dd-4094-bb1d-0092c0557a1c,42.29773,-71.43723,21,4595.84
dfc8cf0c-de43-47ea-9ed6-b7d8430eab32,42.2946782287764,-71.4690084140902,36,14283.46
b3c7beb5-93f5-4431-bd27-4176d97dd626,42.3021656156877,-71.3767042086544,25,4636.03
fd4c1dc1-3c32-4573-be8a-3a9651c6107f,42.296805220652,-71.4863569430326,37,9985.11
012d6ffc-b612-493c-a374-88234b7fe5f5,42.2899682694655,-71.4288342850706,46,18110.33
18ff10fa-80ce-4f49-8d61-3c978965f923,42.300620663203,-71.3502348274132,22,8710.67
2b823661-7fbc-45bc-aac0-a7fed254ae27,42.1742604478753,-71.4692283552425,8,3471.36
d89454d2-59b8-475d-8724-4381e121ba00,42.3559613440014,-71.5504121214397,29,4542.35
13f5cf06-04ba-4086-a80d-8a89787b833a,42.2767288849788,-71.3549219879462,67,14479.06
1ba4b168-ece7-49bc-9db3-73ad54e3bbf8,42.3473635224917,-71.5444200661433,55,15283.04
320755bd-42ae-4afa-92ee-4790802c99e4,42.2926437731173,-71.337907394046,13,6188.47
b44b7738-7ce5-4d95-8081-9b6f1f76665a,42.3001097023553,-71.437566217039,8,2852.6
d89454d2-59b8-475d-8724-4381e121ba00,42.3846931686814,-71.5642322042127,10,881.85
055c56fc-9140-4b97-835b-abc9145f2aa4,42.1550705823344,-71.5098128622659,25,4059.61
522e28ee-243c-4b26-8151-2475fa5a5d2e,42.3522706241769,-71.5303170103024,10,2524.86
3eae3196-8fdf-4760-8a66-21b48a13f1dc,42.2780498729974,-71.4201466095535,2,248.97
16c57625-ade0-4ab0-9451-056179830dfc,42.3723174555491,-71.5620059705976,19,3729.16
7eb551b3-dcec-4a29-a093-cdf9d4830090,42.3010377467297,-71.3872573606525,49,6806.9
4f48eaa9-89c6-49b0-a7ab-ebf904a00c42,42.2979129730411,-71.4392493032962,36,5963.09
d21fe9a4-787e-4161-b93d-3ca50d5b7de7,42.3000587403809,-71.4392265045182,31,9490.02
31481715-c247-41ac-940e-c0096e0868ba,42.1955933985468,-71.4344736298605,27,10642.68
02771dac-1a3f-4a82-a387-5d517b4b4a7f,42.3019215346528,-71.3873472146599,48,13858.42
ab5deaba-93a4-4680-9cf5-808df07f2607,42.2899682694655,-71.4288342850706,6,1884.89
d89454d2-59b8-475d-8724-4381e121ba00,42.1544778141068,-71.4921531970592,129,30494.17
f2e38f84-2a97-4d6c-9d9a-182cd2927222,42.299652385691,-71.3925010795892,32,7388.06
9f785c31-f3cc-45df-ad8d-08d9418e3073,42.0825583983993,-71.4676069597964,41,12584.33
4cebf1c5-54c8-4e64-82fe-a3337ad3146f,42.2766792641091,-71.3548187228929,113,24506.37
bd433f74-e551-4a3c-91ae-4a735e4e28eb,42.3023573936437,-71.3863427273239,49,6619.79
13f5cf06-04ba-4086-a80d-8a89787b833a,42.2771406040872,-71.3504950017032,65,14109.89
d89454d2-59b8-475d-8724-4381e121ba00,42.3465615419484,-71.5506883889847,38,6242.15
d89454d2-59b8-475d-8724-4381e121ba00,42.3789961563943,-71.5652715602679,13,1541.7
fe1b79da-593f-487c-844c-daf273066f25,42.351750275597,-71.5333626588203,11,4088.73
fd4c1dc1-3c32-4573-be8a-3a9651c6107f,42.2818693388623,-71.4206012440086,6,787.73
1291f9da-6233-4191-bfff-82c2787d82f2,42.2824245561614,-71.4213120294399,36,17042.96
9ae8aeb0-d10f-4fe2-afd8-f2dcfac6ab6c,42.347161015699,-71.5464598862207,53,15113.46
b44b7738-7ce5-4d95-8081-9b6f1f76665a,42.2792327272435,-71.4169534395309,15,5835.9
11cdf0ae-c10d-4cc1-a6d6-e1b9900d1c2e,42.1845695188385,-71.5051753226027,77,19992.68
0eda0ce6-27a8-41c6-af53-39f9365143cb,42.2934189315688,-71.4593484377473,8,953.46
004980e6-9f4c-4b6d-ba69-2c51b2ea17f2,42.1555748376593,-71.4870945505556,31,17576.59
62d689e9-a952-482a-b6c2-5a5fa078d2af,42.2941391047322,-71.4646122732527,24,3424.97
fe1b79da-593f-487c-844c-daf273066f25,42.3511454374281,-71.5384253286377,16,4957.32
ce9a7e51-0841-4de6-8a94-29f3af8be65b,42.2994606077349,-71.3758700416011,28,6101
b9968507-53ab-453c-bd4c-59b515649f1d,42.3424000944138,-71.5673301558095,26,10061.52
7ae040a5-6c96-48f1-ad52-551743a1a458,42.2766363487623,-71.3564991269409,70,14499.6
320755bd-42ae-4afa-92ee-4790802c99e4,42.2834572066937,-71.3439933266636,15,7456.72
e6097e76-5b3e-4d62-a4a9-945e230f237b,42.295270997004,-71.436867501549,19,3040.94
11cdf0ae-c10d-4cc1-a6d6-e1b9900d1c2e,42.1931150372693,-71.5039991738796,72,19021.17
35347850-d69a-4842-a5f4-bae7275cd779,42.2973711667878,-71.4513447255698,15,6119.19
30a9a51f-025f-476a-a501-9cda88fadee8,42.3115466422765,-71.4389609658099,23,4794.69
8983ebd0-b08f-4e96-a8ca-18da9a533641,42.1954391715192,-71.4342858752183,20,8283.03
e74dc2aa-7c6c-4fcb-94dc-82ccb257cce8,42.2714623672642,-71.3996961057005,6,1484.37
4cebf1c5-54c8-4e64-82fe-a3337ad3146f,42.2803351152143,-71.3581929420348,116,25122.36
9ffea29d-1305-44de-bab8-8ccc2cbd144b,42.3020999015629,-71.3846475711255,32,5353.38
4cebf1c5-54c8-4e64-82fe-a3337ad3146f,42.2891662889222,-71.3508007735491,74,17529.84
7ae040a5-6c96-48f1-ad52-551743a1a458,42.2990099965936,-71.3875014416874,26,4167.15
387741ec-af5f-4a7b-9b82-820060cdce6f,42.3005,-71.43454,18,4379.74
ab5deaba-93a4-4680-9cf5-808df07f2607,42.3123164363096,-71.5319236535981,52,18388.81
747d8707-5db7-4c6b-b0f3-86a0d2509306,42.2950349625966,-71.4912506336719,55,11065.34
b968a9c3-0fd4-4fc8-9c03-c3ab0fe551a0,42.2783355282745,-71.4093306010562,51,22286.64
161f0f86-97f5-4dfd-a54b-3ec09e77872a,42.2978110490925,-71.4487630992391,35,13528.97
3eae3196-8fdf-4760-8a66-21b48a13f1dc,42.2991923868175,-71.4340833684256,162,24952.07
dfc8cf0c-de43-47ea-9ed6-b7d8430eab32,42.2818559278164,-71.420538212093,53,20081.51
bd433f74-e551-4a3c-91ae-4a735e4e28eb,42.3012161136398,-71.3974430499937,58,7798.79
fd4c1dc1-3c32-4573-be8a-3a9651c6107f,42.2951811429966,-71.5023737551196,42,11826.3
7ae040a5-6c96-48f1-ad52-551743a1a458,42.2780981527625,-71.3721149487564,91,17511.22
1c130b25-ee37-4058-b9cb-a955999e4e80,42.2898408645296,-71.3870092563039,94,24571.09
e1bd887f-92a6-454a-b421-a0377f10ee01,42.3008607209242,-71.3493215351892,1,79.66
94059766-6fcf-458a-bee2-3d8856a98c17,42.2602534151228,-71.4818481494098,28,10509.66
d89454d2-59b8-475d-8724-4381e121ba00,42.2531844528427,-71.5289450603095,87,18081.5
d21fe9a4-787e-4161-b93d-3ca50d5b7de7,42.2988825916578,-71.4270372049235,27,8453.71
b9968507-53ab-453c-bd4c-59b515649f1d,42.35511,-71.61249,0,0
018f3677-ec1d-408c-bd2c-782f608a9df4,42.3907750779852,-71.5640364029429,31,3539.59
bd433f74-e551-4a3c-91ae-4a735e4e28eb,42.3011839271297,-71.3863990537166,46,6488.35
11cdf0ae-c10d-4cc1-a6d6-e1b9900d1c2e,42.1567630563237,-71.4933950599071,91,24035.24
ebb5d4b8-b5de-42e7-8df5-be5d2199a7bd,42.2395829701175,-71.5244992986023,35,11695.9
20df4b38-9cbe-4caa-bca0-119944aa8afa,42.3000734925314,-71.3581688021522,5,2171.73
17f0d8d7-d93f-4756-9ea9-9d76fecab7da,42.2941779967653,-71.4636574067865,1,473.38
bd433f74-e551-4a3c-91ae-4a735e4e28eb,42.3029957594273,-71.3779353426656,17,4945.62
ab5deaba-93a4-4680-9cf5-808df07f2607,42.2938614960826,-71.4673078934734,16,6675.2
7177c62b-b7d2-4327-943c-669853b0841a,42.3014937222894,-71.3457273748951,1,382.94
ae50df4e-b25b-429a-99d2-e4f28b1a7944,42.291510539741,-71.3485034613909,5,1526.24
7ae040a5-6c96-48f1-ad52-551743a1a458,42.2728906436497,-71.3567941699501,74,14956.39
1ba4b168-ece7-49bc-9db3-73ad54e3bbf8,42.3289850252262,-71.6169993053078,15,5122.62
fd4c1dc1-3c32-4573-be8a-3a9651c6107f,42.3339296778398,-71.5418129588254,53,18282.74
9ae8aeb0-d10f-4fe2-afd8-f2dcfac6ab6c,42.3537941189882,-71.5549638304093,41,13209.01
23d5cef6-e518-4901-93a5-1d112c5caad9,42.3531530709954,-71.5353327414592,13,3240.96
18ff10fa-80ce-4f49-8d61-3c978965f923,42.3024673642199,-71.3374138675579,26,9817.5
4cebf1c5-54c8-4e64-82fe-a3337ad3146f,42.28378,-71.34729,77,18209.13
16c57625-ade0-4ab0-9451-056179830dfc,42.3948372837804,-71.5960069952015,78,10951.61
e1bd887f-92a6-454a-b421-a0377f10ee01,42.2992540776285,-71.3763474748342,6,5244.41
3eae3196-8fdf-4760-8a66-21b48a13f1dc,42.2770842776945,-71.4175287733989,0,0
b3c7beb5-93f5-4431-bd27-4176d97dd626,42.3017914475078,-71.3804633248128,33,5169.29
320755bd-42ae-4afa-92ee-4790802c99e4,42.2854500881106,-71.3477564661358,25,18279.73
b3c7beb5-93f5-4431-bd27-4176d97dd626,42.3006461441902,-71.4358871540956,44,10163.44
02771dac-1a3f-4a82-a387-5d517b4b4a7f,42.3015259087995,-71.3776349352381,34,12986.67
afc65aea-c4e8-4c68-ab68-956699da953a,42.2574572120581,-71.4269433276024,18,3619.05
4ce23383-aa10-4737-9d8e-d1bb1d06920c,42.3430223669423,-71.623908676142,54,14318.46
7eb551b3-dcec-4a29-a093-cdf9d4830090,42.3030574502383,-71.3776389585518,22,5373.81
f9a10342-e44e-4a6b-8ec9-2ce051d39cf6,42.2931319351871,-71.4604977643786,16,6815.9
20df4b38-9cbe-4caa-bca0-119944aa8afa,42.2905918830986,-71.3519085259383,1,665.54
b44b7738-7ce5-4d95-8081-9b6f1f76665a,42.2936174150477,-71.469366489015,0,0
d89454d2-59b8-475d-8724-4381e121ba00,42.2427560235712,-71.5253629699566,98,19359.58
f2a9a652-ae50-4c62-935c-bcba2dfc6b9b,42.1520396859669,-71.5188036274197,30,7534.91
e6097e76-5b3e-4d62-a4a9-945e230f237b,42.2899682694655,-71.4288342850706,12,1885.81
1291f9da-6233-4191-bfff-82c2787d82f2,42.2770842776945,-71.4175287733989,37,17712.95
f52e15dd-a155-445b-a257-949f7b6efeba,42.2779975699185,-71.4167884836667,7,1052.33
4f48eaa9-89c6-49b0-a7ab-ebf904a00c42,42.2869776062356,-71.4256142929562,45,8016.8
ce9a7e51-0841-4de6-8a94-29f3af8be65b,42.2971954820869,-71.3591491496056,17,4234.49
d89454d2-59b8-475d-8724-4381e121ba00,42.3140880354695,-71.5312584657227,50,10780.8
31481715-c247-41ac-940e-c0096e0868ba,42.2436827268411,-71.4310269910709,13,4932.26
13f5cf06-04ba-4086-a80d-8a89787b833a,42.2893822067608,-71.3857513002009,1,202.71
4bd751f8-b639-4098-a1fc-a01bcb0ba4e9,42.2698061030987,-71.4037958624241,9,1144.62
7ae040a5-6c96-48f1-ad52-551743a1a458,42.3015956462381,-71.3777382002913,31,5358.94
d89454d2-59b8-475d-8724-4381e121ba00,42.3456750718161,-71.5459113744444,41,6835.78
23d5cef6-e518-4901-93a5-1d112c5caad9,42.3454564717684,-71.5503745705112,22,5089.14
d21fe9a4-787e-4161-b93d-3ca50d5b7de7,42.2991078972285,-71.3738825246026,19,4062.83
dfc8cf0c-de43-47ea-9ed6-b7d8430eab32,42.2933880861633,-71.4599760746942,40,15237.69
0743cc3d-3ccf-45a0-8f97-888a39b21570,42.29151,-71.3564,3,1013.46
320755bd-42ae-4afa-92ee-4790802c99e4,42.2828979660808,-71.3918412561322,19,11408.95
d89454d2-59b8-475d-8724-4381e121ba00,42.269103364295,-71.523144782969,60,15861.57
35347850-d69a-4842-a5f4-bae7275cd779,42.2985499977201,-71.4255029812755,19,8303.4
f2e38f84-2a97-4d6c-9d9a-182cd2927222,42.2935543831321,-71.4702744168207,1,74.96
018f3677-ec1d-408c-bd2c-782f608a9df4,42.3911680216293,-71.5661030451121,26,3237.49
320755bd-42ae-4afa-92ee-4790802c99e4,42.2991092383331,-71.3595099067396,3,1862.57
b44b7738-7ce5-4d95-8081-9b6f1f76665a,42.2973067937676,-71.4309411603773,12,3521.47
d89454d2-59b8-475d-8724-4381e121ba00,42.2245344355425,-71.5206691039008,101,21423.59
9ae8aeb0-d10f-4fe2-afd8-f2dcfac6ab6c,42.3404675627033,-71.5606581604873,29,10766.2
7eb551b3-dcec-4a29-a093-cdf9d4830090,42.3010806620765,-71.386635088124,50,6858.26
9ffea29d-1305-44de-bab8-8ccc2cbd144b,42.2933035965743,-71.3856882682853,11,3450.75
11cdf0ae-c10d-4cc1-a6d6-e1b9900d1c2e,42.3111885673516,-71.5315347332677,14,4918.63
3eae3196-8fdf-4760-8a66-21b48a13f1dc,42.3305876452081,-71.4293237882449,138,20372.49
ce9a7e51-0841-4de6-8a94-29f3af8be65b,42.2851845494023,-71.3476089446312,8,2476.37
fd4c1dc1-3c32-4573-be8a-3a9651c6107f,42.2899682694655,-71.4288342850706,10,1921.86
e6097e76-5b3e-4d62-a4a9-945e230f237b,42.2971123336025,-71.4873319260676,67,10062.92
bd433f74-e551-4a3c-91ae-4a735e4e28eb,42.294971930681,-71.3817226220204,8,3847.18
012d6ffc-b612-493c-a374-88234b7fe5f5,42.2932861622147,-71.4873037628712,26,11337.73
ae46a06e-02d7-4228-8adf-b324f50d6a00,42.273263470725,-71.4269688085895,8,1920.57
b968a9c3-0fd4-4fc8-9c03-c3ab0fe551a0,42.1914601142085,-71.4371397457802,29,11045.77
4ce23383-aa10-4737-9d8e-d1bb1d06920c,42.3503903955454,-71.5581154261896,19,4239.3
11cdf0ae-c10d-4cc1-a6d6-e1b9900d1c2e,42.3325416345919,-71.5413221145464,9,2213.1
012d6ffc-b612-493c-a374-88234b7fe5f5,42.3453371134601,-71.5455546406242,7,1042.92
3eae3196-8fdf-4760-8a66-21b48a13f1dc,42.2902700179976,-71.4135953136441,22,4114.99
62d689e9-a952-482a-b6c2-5a5fa078d2af,42.2986277817862,-71.3968435762431,48,9764.71
7ae040a5-6c96-48f1-ad52-551743a1a458,42.3010820031811,-71.3869086734598,17,3231.97
747d8707-5db7-4c6b-b0f3-86a0d2509306,42.2967448709455,-71.4868839971354,33,8919.03
d89454d2-59b8-475d-8724-4381e121ba00,42.1916478688507,-71.5043451788631,110,25371.83
3eae3196-8fdf-4760-8a66-21b48a13f1dc,42.2952012595654,-71.4327221472694,166,25449.5
7177c62b-b7d2-4327-943c-669853b0841a,42.2939473267762,-71.3481655030349,5,1292.07
387741ec-af5f-4a7b-9b82-820060cdce6f,42.2942691918772,-71.4678684751909,24,7344.51
dfc8cf0c-de43-47ea-9ed6-b7d8430eab32,42.2910103077299,-71.4294418054486,47,18814.47
b33a3d09-539e-4afa-a893-a3de7cac00ed,42.27655464,-71.41777396,7,1105.57
bd433f74-e551-4a3c-91ae-4a735e4e28eb,42.2776073084836,-71.4168045769217,98,16930.19
3eae3196-8fdf-4760-8a66-21b48a13f1dc,42.3139713593704,-71.4006657243172,94,13619.3
320755bd-42ae-4afa-92ee-4790802c99e4,42.2997811317314,-71.3308437961843,9,4761.93
afc65aea-c4e8-4c68-ab68-956699da953a,42.1804871964745,-71.4476312069673,45,13042.4
11cdf0ae-c10d-4cc1-a6d6-e1b9900d1c2e,42.3472106365687,-71.5456351068994,3,478.49
11cdf0ae-c10d-4cc1-a6d6-e1b9900d1c2e,42.2681377689921,-71.5228390111231,25,9788.1
3eae3196-8fdf-4760-8a66-21b48a13f1dc,42.2796377408289,-71.4187947761294,4,485.82
3eae3196-8fdf-4760-8a66-21b48a13f1dc,42.2912584120785,-71.4111598677134,24,4426.4
9f785c31-f3cc-45df-ad8d-08d9418e3073,42.1496699541611,-71.486609070695,1,146.96
11cdf0ae-c10d-4cc1-a6d6-e1b9900d1c2e,42.2675476829736,-71.5231300308186,32,10044.18
e74dc2aa-7c6c-4fcb-94dc-82ccb257cce8,42.2816775609063,-71.3941573437546,12,3308.34
ac1d4bc6-98b7-4fa7-b20d-2deea94683e3,42.4355156681249,-71.4555477473466,28,3366.06
13f5cf06-04ba-4086-a80d-8a89787b833a,42.2771915660615,-71.3517650277474,66,14214.46
d89454d2-59b8-475d-8724-4381e121ba00,42.247908547396,-71.529291065293,91,18679.32
13f5cf06-04ba-4086-a80d-8a89787b833a,42.2787888216251,-71.3983536600085,99,20709.48
13f5cf06-04ba-4086-a80d-8a89787b833a,42.2748835250666,-71.4039313139874,103,21468.69
bd433f74-e551-4a3c-91ae-4a735e4e28eb,42.3037065448586,-71.3975959359166,60,8082.64
bd433f74-e551-4a3c-91ae-4a735e4e28eb,42.3018061996583,-71.3874102465755,39,6222.13
d89454d2-59b8-475d-8724-4381e121ba00,42.3290963369069,-71.538921537335,47,8828.91
f2a9a652-ae50-4c62-935c-bcba2dfc6b9b,42.1556257996336,-71.5212712598605,29,7087.57
fd4c1dc1-3c32-4573-be8a-3a9651c6107f,42.2970157740722,-71.4834708859605,39,10230.32
7ae040a5-6c96-48f1-ad52-551743a1a458,42.3119905478949,-71.3604647732058,41,8985.24
11cdf0ae-c10d-4cc1-a6d6-e1b9900d1c2e,42.3055264237837,-71.5291354971609,16,5578.63
ab5deaba-93a4-4680-9cf5-808df07f2607,42.343861898414,-71.5629380382858,72,24578.28
8983ebd0-b08f-4e96-a8ca-18da9a533641,42.2205714714868,-71.4269165055106,26,11295.71
f52e15dd-a155-445b-a257-949f7b6efeba,42.2981087743109,-71.496554702315,40,11254.41
f52e15dd-a155-445b-a257-949f7b6efeba,42.2977144895622,-71.4915108079619,39,10837.54
b9968507-53ab-453c-bd4c-59b515649f1d,42.3404675627033,-71.5606581604873,29,10766.2
13f5cf06-04ba-4086-a80d-8a89787b833a,42.3039573314165,-71.3816448379543,32,5773.61
0743cc3d-3ccf-45a0-8f97-888a39b21570,42.3014695824069,-71.3458722141905,19,7498.48
9f785c31-f3cc-45df-ad8d-08d9418e3073,42.1358190259826,-71.5212524843962,20,4182.8
b3c7beb5-93f5-4431-bd27-4176d97dd626,42.3000587403809,-71.4392265045182,45,10445.55
d21fe9a4-787e-4161-b93d-3ca50d5b7de7,42.2934725757523,-71.4595241224482,34,11336.98
ebb5d4b8-b5de-42e7-8df5-be5d2199a7bd,42.3055264237837,-71.5291354971609,81,19651.37
13f5cf06-04ba-4086-a80d-8a89787b833a,42.302284973996,-71.3871286146121,22,3765.68
018f3677-ec1d-408c-bd2c-782f608a9df4,42.3505969256518,-71.5462842015197,52,8535.37
9ffea29d-1305-44de-bab8-8ccc2cbd144b,42.3023292304474,-71.3799456584421,24,4956.44
11cdf0ae-c10d-4cc1-a6d6-e1b9900d1c2e,42.2442661073366,-71.5257304326135,60,13003.92
4cebf1c5-54c8-4e64-82fe-a3337ad3146f,42.28499679476,-71.3404286706703,86,20446.11
16c57625-ade0-4ab0-9451-056179830dfc,42.3913785750495,-71.569785718309,56,7638.8
d89454d2-59b8-475d-8724-4381e121ba00,42.1906755680249,-71.5050814452816,111,25495.71
11cdf0ae-c10d-4cc1-a6d6-e1b9900d1c2e,42.2669374803863,-71.5223079337065,37,10215.31
09aed2cc-296b-477d-bca2-e055ce0c98b0,42.3018893481427,-71.3876140944728,2,278.21
340851f6-b619-4b18-9fc3-a81e3b6acb63,42.3054902139598,-71.3122480399756,67,11805.42
23d5cef6-e518-4901-93a5-1d112c5caad9,42.3472656218568,-71.5448639717617,20,4470.79
11cdf0ae-c10d-4cc1-a6d6-e1b9900d1c2e,42.2708695990366,-71.5228591276919,21,9478.53
f2a9a652-ae50-4c62-935c-bcba2dfc6b9b,42.1577715669734,-71.5374731443806,16,4325.65
16c57625-ade0-4ab0-9451-056179830dfc,42.3958739576265,-71.5988152682075,71,10443.35
012d6ffc-b612-493c-a374-88234b7fe5f5,42.2971257446483,-71.4864830068638,28,11816.94
d21fe9a4-787e-4161-b93d-3ca50d5b7de7,42.3010471344618,-71.3605264640168,12,2812.64
13f5cf06-04ba-4086-a80d-8a89787b833a,42.273838804593,-71.3553591880416,77,15461.96
30a9a51f-025f-476a-a501-9cda88fadee8,42.3131251223758,-71.4011069477264,71,13144.47
02771dac-1a3f-4a82-a387-5d517b4b4a7f,42.2953125712462,-71.4696977418481,12,4407.99
3eae3196-8fdf-4760-8a66-21b48a13f1dc,42.2932083781486,-71.410946632084,25,4643.79
1ba4b168-ece7-49bc-9db3-73ad54e3bbf8,42.3412239456906,-71.5713615161992,25,9705.55
fd4c1dc1-3c32-4573-be8a-3a9651c6107f,42.297220963074,-71.4864615491904,23,8129.18
b968a9c3-0fd4-4fc8-9c03-c3ab0fe551a0,42.188890557819,-71.4396368825219,28,10693.93
11cdf0ae-c10d-4cc1-a6d6-e1b9900d1c2e,42.2053284767466,-71.5110211974991,69,17533.12
b44b7738-7ce5-4d95-8081-9b6f1f76665a,42.2934041794183,-71.4673226456238,1,169.66
d89454d2-59b8-475d-8724-4381e121ba00,42.3792348730108,-71.5648786166238,11,1490.69
7ae040a5-6c96-48f1-ad52-551743a1a458,42.3091889804118,-71.3799630928018,34,6635.43
7177c62b-b7d2-4327-943c-669853b0841a,42.300620663203,-71.3502348274132,0,0
1fb235dd-c407-4f25-b6f2-a11c46c7349b,42.09066537563,-71.435372169934,9,880.84
b968a9c3-0fd4-4fc8-9c03-c3ab0fe551a0,42.2422772492336,-71.4309264082269,40,17163.41
35347850-d69a-4842-a5f4-bae7275cd779,42.2986572860871,-71.4462780324386,16,6559.46
62d689e9-a952-482a-b6c2-5a5fa078d2af,42.2997556507442,-71.4319161434124,44,6854.79
d89454d2-59b8-475d-8724-4381e121ba00,42.3533676477294,-71.5480356841109,30,4890.41
bd433f74-e551-4a3c-91ae-4a735e4e28eb,42.3014856756619,-71.3896177047263,52,6913.72
1fb235dd-c407-4f25-b6f2-a11c46c7349b,42.1502654045978,-71.5044618549622,59,14604.98
23d5cef6-e518-4901-93a5-1d112c5caad9,42.345519503684,-71.5487062364046,23,5226.34
d89454d2-59b8-475d-8724-4381e121ba00,42.1536932679232,-71.4905894691103,130,30649.71
d21fe9a4-787e-4161-b93d-3ca50d5b7de7,42.2968280194299,-71.3509751171455,8,1714.98
ce9a7e51-0841-4de6-8a94-29f3af8be65b,42.2997154176066,-71.3762670085589,29,6144.2
0743cc3d-3ccf-45a0-8f97-888a39b21570,42.300620663203,-71.3502348274132,18,7127.73
d89454d2-59b8-475d-8724-4381e121ba00,42.2584509705574,-71.5263996438026,83,17457.94
f2e38f84-2a97-4d6c-9d9a-182cd2927222,42.2979129730411,-71.4392493032962,18,3194.65
7ae040a5-6c96-48f1-ad52-551743a1a458,42.3085050170723,-71.3838187684905,33,6309.6
1fb235dd-c407-4f25-b6f2-a11c46c7349b,42.0815847564688,-71.4629425980414,23,3417.64
16c57625-ade0-4ab0-9451-056179830dfc,42.3945274886207,-71.5948429164197,80,11074.61
ae50df4e-b25b-429a-99d2-e4f28b1a7944,42.2823172677944,-71.3591585373377,8,3356.53
d89454d2-59b8-475d-8724-4381e121ba00,42.378808401752,-71.5654915014202,14,1569.29
ebb5d4b8-b5de-42e7-8df5-be5d2199a7bd,42.1499207407189,-71.4883605532861,0,0
018f3677-ec1d-408c-bd2c-782f608a9df4,42.3462825921942,-71.5469440249767,56,9092.45
11cdf0ae-c10d-4cc1-a6d6-e1b9900d1c2e,42.1805274296121,-71.5066250566617,78,20457.43
b3c7beb5-93f5-4431-bd27-4176d97dd626,42.3010471344618,-71.3605264640168,12,2812.64
1fb235dd-c407-4f25-b6f2-a11c46c7349b,42.0919233317329,-71.4361701271635,6,625.4
bd433f74-e551-4a3c-91ae-4a735e4e28eb,42.291503834218,-71.4265517250628,85,14393.52
30a9a51f-025f-476a-a501-9cda88fadee8,42.2912570709739,-71.4135443516698,124,20668.4
4cebf1c5-54c8-4e64-82fe-a3337ad3146f,42.2904255861298,-71.3524825187017,73,17333.14
11cdf0ae-c10d-4cc1-a6d6-e1b9900d1c2e,42.1619531310769,-71.5085133319207,83,22546.74
1fb235dd-c407-4f25-b6f2-a11c46c7349b,42.1492944448766,-71.4991926550384,62,15075.17
1c130b25-ee37-4058-b9cb-a955999e4e80,42.3008513331921,-71.3799242007687,73,20240.81
387741ec-af5f-4a7b-9b82-820060cdce6f,42.2984346627256,-71.4243107392973,17,3508.25
11cdf0ae-c10d-4cc1-a6d6-e1b9900d1c2e,42.1916478688507,-71.5043451788631,73,19186.67
9ae8aeb0-d10f-4fe2-afd8-f2dcfac6ab6c,42.3536975594579,-71.613264329032,2,231.45
1fb235dd-c407-4f25-b6f2-a11c46c7349b,42.0873032264294,-71.4766151593098,32,4765.56
b9968507-53ab-453c-bd4c-59b515649f1d,42.3542943509993,-71.6119138367125,1,102.24
2b823661-7fbc-45bc-aac0-a7fed254ae27,42.2045761170731,-71.4283528285237,23,8602.89
e74dc2aa-7c6c-4fcb-94dc-82ccb257cce8,42.2787807749975,-71.3984596072709,10,2638.5
e74dc2aa-7c6c-4fcb-94dc-82ccb257cce8,42.2694466870694,-71.406724834843,4,860.19
f2a9a652-ae50-4c62-935c-bcba2dfc6b9b,42.1505966574309,-71.5041453542796,45,10964.78
0743cc3d-3ccf-45a0-8f97-888a39b21570,42.2991682469349,-71.3749205395532,16,5091.31
1c130b25-ee37-4058-b9cb-a955999e4e80,42.269564704273,-71.4048821571399,6,1020.48
1fb235dd-c407-4f25-b6f2-a11c46c7349b,42.1441419210519,-71.5124186284792,56,13594.59
3eae3196-8fdf-4760-8a66-21b48a13f1dc,42.2982965289531,-71.4083810990084,28,5370.63
ac1d4bc6-98b7-4fa7-b20d-2deea94683e3,42.4055433217015,-71.5488202302945,70,13543.31
11cdf0ae-c10d-4cc1-a6d6-e1b9900d1c2e,42.2245344355425,-71.5206691039008,64,15238.43
b3c7beb5-93f5-4431-bd27-4176d97dd626,42.302639025607,-71.3758499250322,26,4723.76
d89454d2-59b8-475d-8724-4381e121ba00,42.249751225099,-71.529629023649,89,18467.13
bd433f74-e551-4a3c-91ae-4a735e4e28eb,42.3018544794234,-71.3877321116764,40,6249.12
f52e15dd-a155-445b-a257-949f7b6efeba,42.2969862697712,-71.483010887087,38,10134.25
13f5cf06-04ba-4086-a80d-8a89787b833a,42.3175078521674,-71.3639355518779,36,8257.91
17f0d8d7-d93f-4756-9ea9-9d76fecab7da,42.3012550056729,-71.3901474410384,14,6955.14
340851f6-b619-4b18-9fc3-a81e3b6acb63,42.3025035740437,-71.3099011069477,63,11173.98
23d5cef6-e518-4901-93a5-1d112c5caad9,42.3517931909438,-71.5359979293345,14,3401.64
d21fe9a4-787e-4161-b93d-3ca50d5b7de7,42.2994404911661,-71.3802836167981,22,4595.65
13f5cf06-04ba-4086-a80d-8a89787b833a,42.2815836835852,-71.3947594997144,97,20082.78
ae46a06e-02d7-4228-8adf-b324f50d6a00,42.2600012874604,-71.4515686900359,23,4914.2
5bbefffd-60cf-4aab-a384-eb8026cde85f,42.3074629788079,-71.5513897866839,20,6296.27
387741ec-af5f-4a7b-9b82-820060cdce6f,42.2941632446148,-71.4875599138474,35,9364.85
11cdf0ae-c10d-4cc1-a6d6-e1b9900d1c2e,42.1544778141068,-71.4921531970592,92,24309.01
d8ddafe1-b85e-493c-a030-1401b0ea9545,42.2965396819436,-71.527318300445,57,10771.44
747d8707-5db7-4c6b-b0f3-86a0d2509306,42.2928489621192,-71.4878013126732,40,9396.72
1c130b25-ee37-4058-b9cb-a955999e4e80,42.2802546489391,-71.3581138168641,25,6882.83
fd4c1dc1-3c32-4573-be8a-3a9651c6107f,42.2960193333637,-71.4871937922951,24,8275.64
d8ddafe1-b85e-493c-a030-1401b0ea9545,42.3383150898406,-71.5886349432847,3,199.9
402fe3ba-d292-4403-bc24-833e5ba04561,42.2906602794326,-71.3565809343208,2,1049.69
13f5cf06-04ba-4086-a80d-8a89787b833a,42.2901238375976,-71.3873820833792,2,360.07
d8ddafe1-b85e-493c-a030-1401b0ea9545,42.3314767975495,-71.5863161734531,25,1776.51
055c56fc-9140-4b97-835b-abc9145f2aa4,42.1502895444804,-71.5101239985301,27,4599.42
b33a3d09-539e-4afa-a893-a3de7cac00ed,42.2388721846862,-71.4327020307006,24,6149.47
35347850-d69a-4842-a5f4-bae7275cd779,42.2982442258742,-71.407660925845,21,9779.37
9ae8aeb0-d10f-4fe2-afd8-f2dcfac6ab6c,42.3424000944138,-71.5673301558095,26,10061.52
d21fe9a4-787e-4161-b93d-3ca50d5b7de7,42.2942758974001,-71.4642944314655,36,11744.24
340851f6-b619-4b18-9fc3-a81e3b6acb63,42.3182186375987,-71.2662696103018,15,2778.18
b9968507-53ab-453c-bd4c-59b515649f1d,42.34129100092,-71.5644642153063,27,10327.22
1ba4b168-ece7-49bc-9db3-73ad54e3bbf8,42.3387724065049,-71.5901892835014,23,8133.27
9ae8aeb0-d10f-4fe2-afd8-f2dcfac6ab6c,42.3416933322962,-71.5601646339992,30,10908.31
0743cc3d-3ccf-45a0-8f97-888a39b21570,42.3001378655516,-71.3588500832826,6,2018.72
d89454d2-59b8-475d-8724-4381e121ba00,42.2395829701175,-71.5244992986023,99,19719.26
d8ddafe1-b85e-493c-a030-1401b0ea9545,42.3274655537287,-71.5856040469172,30,2855.42
7177c62b-b7d2-4327-943c-669853b0841a,42.300620663203,-71.3502348274132,12,4426.51
d89454d2-59b8-475d-8724-4381e121ba00,42.3111885673516,-71.5315347332677,51,11103.79
a19fb124-594e-4ddd-b6da-f8ca9171f8db,42.342434963133,-71.5678679387491,22,5916.44
62d689e9-a952-482a-b6c2-5a5fa078d2af,42.2968105850703,-71.4834990491568,8,1010.06
d21fe9a4-787e-4161-b93d-3ca50d5b7de7,42.2986666738192,-71.4466991392791,32,10123.37
ce9a7e51-0841-4de6-8a94-29f3af8be65b,42.2857196501326,-71.3481655030349,10,2551.4
d89454d2-59b8-475d-8724-4381e121ba00,42.3643016734303,-71.5550764831946,25,3514.48
bd433f74-e551-4a3c-91ae-4a735e4e28eb,42.3001351833424,-71.3769214675976,10,4566.62
b44b7738-7ce5-4d95-8081-9b6f1f76665a,42.2999527931185,-71.4347834250202,9,3081.98
402fe3ba-d292-4403-bc24-833e5ba04561,42.3010605455077,-71.3880995743334,20,9689
b33a3d09-539e-4afa-a893-a3de7cac00ed,42.2014862121037,-71.4291722434266,31,10494.32
d89454d2-59b8-475d-8724-4381e121ba00,42.3762924895461,-71.564705614132,18,1861.61
d89454d2-59b8-475d-8724-4381e121ba00,42.2205781770097,-71.5191710900766,102,21880.16
4cebf1c5-54c8-4e64-82fe-a3337ad3146f,42.279562638972,-71.3620606876648,118,25452.99
d89454d2-59b8-475d-8724-4381e121ba00,42.3448060360435,-71.5448036220553,42,6968.45
11cdf0ae-c10d-4cc1-a6d6-e1b9900d1c2e,42.3094183092963,-71.530610712207,15,5129.49
ae50df4e-b25b-429a-99d2-e4f28b1a7944,42.300620663203,-71.3502348274132,0,0
16c57625-ade0-4ab0-9451-056179830dfc,42.3936638172665,-71.5941012855829,86,11580.4
004980e6-9f4c-4b6d-ba69-2c51b2ea17f2,42.143891134494,-71.512607724226,37,20268.05
11cdf0ae-c10d-4cc1-a6d6-e1b9900d1c2e,42.3290963369069,-71.538921537335,10,2643.75
9f785c31-f3cc-45df-ad8d-08d9418e3073,42.1503002733171,-71.5025977195858,9,1640.2
30a9a51f-025f-476a-a501-9cda88fadee8,42.2895270460562,-71.4132385798239,119,20434.36
e74dc2aa-7c6c-4fcb-94dc-82ccb257cce8,42.282049046877,-71.3878152601609,15,3831.49
f2a9a652-ae50-4c62-935c-bcba2dfc6b9b,42.1414342308899,-71.5367596767401,4,1176.91
340851f6-b619-4b18-9fc3-a81e3b6acb63,42.2995129108139,-71.2697363656602,45,7115.67
b9968507-53ab-453c-bd4c-59b515649f1d,42.3531195433807,-71.5355406126702,55,16347.96
387741ec-af5f-4a7b-9b82-820060cdce6f,42.2988651572982,-71.3967966375826,11,1236.64
1c130b25-ee37-4058-b9cb-a955999e4e80,42.2737878426187,-71.356999358952,29,7718.2
2b823661-7fbc-45bc-aac0-a7fed254ae27,42.2744972869454,-71.4179203759384,47,16978.3
b3c7beb5-93f5-4431-bd27-4176d97dd626,42.2968280194299,-71.3509751171455,8,1714.98
fd4c1dc1-3c32-4573-be8a-3a9651c6107f,42.296805220652,-71.4838383486174,38,10192.12
9ae8aeb0-d10f-4fe2-afd8-f2dcfac6ab6c,42.3458252755299,-71.5524331660529,48,14411.35
d47c2a5a-3fe8-4a30-830f-690bbe96c7b4,42.3012550056729,-71.3902802103925,3,508.39
d8ddafe1-b85e-493c-a030-1401b0ea9545,42.3386570715104,-71.5908745879456,9,464.72
ac1d4bc6-98b7-4fa7-b20d-2deea94683e3,42.4346774777578,-71.5292548554692,56,9724.88
d21fe9a4-787e-4161-b93d-3ca50d5b7de7,42.3000386238121,-71.4323895533317,28,8911.98
35347850-d69a-4842-a5f4-bae7275cd779,42.2969460366336,-71.4726870639734,10,4088.07
bd433f74-e551-4a3c-91ae-4a735e4e28eb,42.302262175218,-71.3781526016088,25,5379.71
11cdf0ae-c10d-4cc1-a6d6-e1b9900d1c2e,42.2602252519265,-71.5266987101256,44,11074.06
747d8707-5db7-4c6b-b0f3-86a0d2509306,42.2982227682008,-71.4963106212801,61,11774.86
d8ddafe1-b85e-493c-a030-1401b0ea9545,42.3280958728847,-71.5849174013684,31,2945.35
9ae8aeb0-d10f-4fe2-afd8-f2dcfac6ab6c,42.343861898414,-71.5629380382858,31,11239.9
522e28ee-243c-4b26-8151-2475fa5a5d2e,42.3517931909438,-71.5359979293345,14,3394.57
dfc8cf0c-de43-47ea-9ed6-b7d8430eab32,42.2998401403332,-71.488204985154,27,11933.83
94059766-6fcf-458a-bee2-3d8856a98c17,42.2562663111845,-71.4783304320771,34,11445.13
5bbefffd-60cf-4aab-a384-eb8026cde85f,42.331667234401,-71.5856617144144,61,13233.42
0743cc3d-3ccf-45a0-8f97-888a39b21570,42.2987377523623,-71.370451979068,9,2992.33
387741ec-af5f-4a7b-9b82-820060cdce6f,42.2979102908319,-71.4200688254874,16,3154.77
f2a9a652-ae50-4c62-935c-bcba2dfc6b9b,42.1435236718371,-71.5154455015329,41,9659.93
018f3677-ec1d-408c-bd2c-782f608a9df4,42.3547342333039,-71.5492051273111,50,8012.61
d21fe9a4-787e-4161-b93d-3ca50d5b7de7,42.2951033589306,-71.3497815340627,6,1476.85
5bbefffd-60cf-4aab-a384-eb8026cde85f,42.3300230401768,-71.5853881290786,58,13034.64
340851f6-b619-4b18-9fc3-a81e3b6acb63,42.3000346004984,-71.3794789540457,84,18234.54
a19fb124-594e-4ddd-b6da-f8ca9171f8db,42.3501302212554,-71.5581006740392,6,1644.49
4cebf1c5-54c8-4e64-82fe-a3337ad3146f,42.3093351608119,-71.3613700188023,60,14423.61
1ba4b168-ece7-49bc-9db3-73ad54e3bbf8,42.3486979215561,-71.5067725781663,73,19452.29
5bbefffd-60cf-4aab-a384-eb8026cde85f,42.3133021481813,-71.5655397811854,25,7812.92
055c56fc-9140-4b97-835b-abc9145f2aa4,42.1499958425758,-71.4862536779793,1,173.77
d89454d2-59b8-475d-8724-4381e121ba00,42.3325416345919,-71.5413221145464,46,8398.26
bd433f74-e551-4a3c-91ae-4a735e4e28eb,42.3043087008184,-71.3985642134287,61,8186.61
13f5cf06-04ba-4086-a80d-8a89787b833a,42.2744007274151,-71.3542688700121,78,15571.21
d89454d2-59b8-475d-8724-4381e121ba00,42.1622575618182,-71.5067390505516,121,28881.91
7177c62b-b7d2-4327-943c-669853b0841a,42.2972397385382,-71.3479804306019,4,925.9
f048fe5c-d1d1-4c9c-af90-f7bd939d73ac,42.2686245899573,-71.5150820621897,41,10724.7
d89454d2-59b8-475d-8724-4381e121ba00,42.2669374803863,-71.5223079337065,74,16400.47
d8ddafe1-b85e-493c-a030-1401b0ea9545,42.3389775955068,-71.5898540073546,8,373.64
b9968507-53ab-453c-bd4c-59b515649f1d,42.3502442151454,-71.5274980084597,60,17397.69
62d689e9-a952-482a-b6c2-5a5fa078d2af,42.2984373449348,-71.4405582213734,35,5840.74
d21fe9a4-787e-4161-b93d-3ca50d5b7de7,42.2993627071001,-71.3745973333476,20,4128.05
ce9a7e51-0841-4de6-8a94-29f3af8be65b,42.3006461441902,-71.4358871540956,51,12031.22
f048fe5c-d1d1-4c9c-af90-f7bd939d73ac,42.315376836978,-71.5778578268205,57,20709.08
b44b7738-7ce5-4d95-8081-9b6f1f76665a,42.2940318163652,-71.4638773479389,3,507.31
402fe3ba-d292-4403-bc24-833e5ba04561,42.302639025607,-71.3758499250322,14,8534.96
d89454d2-59b8-475d-8724-4381e121ba00,42.2053284767466,-71.5110211974991,106,23718.28
d89454d2-59b8-475d-8724-4381e121ba00,42.1595968103169,-71.5004358589909,124,29490.63
d8ddafe1-b85e-493c-a030-1401b0ea9545,42.3261123792,-71.5876760535047,29,2628.3
4cebf1c5-54c8-4e64-82fe-a3337ad3146f,42.2782000767112,-71.3740367516301,123,26456.99
9f785c31-f3cc-45df-ad8d-08d9418e3073,42.1384797774839,-71.5216655446092,18,3884.83
11cdf0ae-c10d-4cc1-a6d6-e1b9900d1c2e,42.22826314,-71.52213335,63,14806.93
d89454d2-59b8-475d-8724-4381e121ba00,42.2677662830214,-71.5229945792552,64,16018.67
b968a9c3-0fd4-4fc8-9c03-c3ab0fe551a0,42.1977592824554,-71.4313689727407,31,11894.99
340851f6-b619-4b18-9fc3-a81e3b6acb63,42.2958584008132,-71.2987216591073,61,9967.03
b9968507-53ab-453c-bd4c-59b515649f1d,42.3412239456906,-71.5713615161992,25,9705.55
11cdf0ae-c10d-4cc1-a6d6-e1b9900d1c2e,42.2456823137809,-71.5264801100779,58,12834.53
ae50df4e-b25b-429a-99d2-e4f28b1a7944,42.2842967381654,-71.3473420648183,6,2333.5
5bbefffd-60cf-4aab-a384-eb8026cde85f,42.3307418722356,-71.5855960002897,59,13116.32
ce9a7e51-0841-4de6-8a94-29f3af8be65b,42.2954989847838,-71.3584732328936,16,4037.96
f048fe5c-d1d1-4c9c-af90-f7bd939d73ac,42.268596426761,-71.5184804212141,42,11004.16
5bbefffd-60cf-4aab-a384-eb8026cde85f,42.3141135164567,-71.5633108653611,26,8017.06
f2a9a652-ae50-4c62-935c-bcba2dfc6b9b,42.1326982756077,-71.5288431363608,0,0
402fe3ba-d292-4403-bc24-833e5ba04561,42.2965557751987,-71.358227810754,3,1718.64
4f48eaa9-89c6-49b0-a7ab-ebf904a00c42,42.2910773629592,-71.4883565299724,0,0
f048fe5c-d1d1-4c9c-af90-f7bd939d73ac,42.3169687281232,-71.5804421353604,58,20985.45
f2a9a652-ae50-4c62-935c-bcba2dfc6b9b,42.1648163893709,-71.528715731425,22,5597.36
4f48eaa9-89c6-49b0-a7ab-ebf904a00c42,42.2953273233966,-71.4368393383526,39,6399.34
9ae8aeb0-d10f-4fe2-afd8-f2dcfac6ab6c,42.3454148975262,-71.5513388247096,49,14512.13
2b823661-7fbc-45bc-aac0-a7fed254ae27,42.2546140703329,-71.4280738787695,38,14447.23
ce9a7e51-0841-4de6-8a94-29f3af8be65b,42.2993627071001,-71.3745973333476,27,5995.83
f048fe5c-d1d1-4c9c-af90-f7bd939d73ac,42.2678145627865,-71.522784025835,43,11368.55
d21fe9a4-787e-4161-b93d-3ca50d5b7de7,42.2939473267762,-71.3481655030349,5,1292.07
08c7abdf-7fce-4d50-958b-b6ff0aa5098c,42.33189790439,-71.5774045334699,0,0
320755bd-42ae-4afa-92ee-4790802c99e4,42.2938091930037,-71.3330512543351,12,5768.83
11cdf0ae-c10d-4cc1-a6d6-e1b9900d1c2e,42.2676522891314,-71.5235082223122,28,9877.61
ac1d4bc6-98b7-4fa7-b20d-2deea94683e3,42.3913678462129,-71.5642228164806,86,16091.7
08c7abdf-7fce-4d50-958b-b6ff0aa5098c,42.3073074106757,-71.5639291145759,18,5116.13
dfc8cf0c-de43-47ea-9ed6-b7d8430eab32,42.2884045415166,-71.4274609939731,49,19147.78
f048fe5c-d1d1-4c9c-af90-f7bd939d73ac,42.3235522105427,-71.5784331606885,61,21737.52
9f785c31-f3cc-45df-ad8d-08d9418e3073,42.1435960914848,-71.5128330297967,15,2888.41
50888a2c-e355-4664-b663-e6811b0a7c25,42.2669334570726,-71.5232104970938,0,0
747d8707-5db7-4c6b-b0f3-86a0d2509306,42.3005562901828,-71.4820104230648,69,13076.66
a19fb124-594e-4ddd-b6da-f8ca9171f8db,42.3478168158422,-71.5550174745928,14,3268.58
ae46a06e-02d7-4228-8adf-b324f50d6a00,42.2379924200769,-71.4931241567805,31,9501.69
dfc8cf0c-de43-47ea-9ed6-b7d8430eab32,42.3002089440947,-71.490454017547,26,11744.5
16c57625-ade0-4ab0-9451-056179830dfc,42.3956634042062,-71.5953981337189,84,11234.66
4f48eaa9-89c6-49b0-a7ab-ebf904a00c42,42.2933585818624,-71.4673226456238,21,3146.52
62d689e9-a952-482a-b6c2-5a5fa078d2af,42.297204869819,-71.4514949292836,29,4643.59
f2a9a652-ae50-4c62-935c-bcba2dfc6b9b,42.1489175944875,-71.4979159234712,47,11598.83
50888a2c-e355-4664-b663-e6811b0a7c25,42.33189790439,-71.5774045334699,29,12434.74
4ce23383-aa10-4737-9d8e-d1bb1d06920c,42.3477926759596,-71.5553272697524,7,1098.79
d21fe9a4-787e-4161-b93d-3ca50d5b7de7,42.3006461441902,-71.4358871540956,30,9207.91
f048fe5c-d1d1-4c9c-af90-f7bd939d73ac,42.2691060465041,-71.5231944038388,44,11515.97
4cebf1c5-54c8-4e64-82fe-a3337ad3146f,42.2758746013567,-71.411843831053,0,0
23d5cef6-e518-4901-93a5-1d112c5caad9,42.3491632848479,-71.50511899621,1,123.24
1ba4b168-ece7-49bc-9db3-73ad54e3bbf8,42.350092670327,-71.5581489538043,34,12276.48
30a9a51f-025f-476a-a501-9cda88fadee8,42.3013529063078,-71.4344991108476,16,3430.9
50888a2c-e355-4664-b663-e6811b0a7c25,42.3169687281232,-71.5804421353604,17,9786.67
695762db-d0d4-4ddc-a7ae-10275473090c,42.4089188819479,-71.5419349993429,74,9604.05
d89454d2-59b8-475d-8724-4381e121ba00,42.3459821847667,-71.545981111883,33,5752.56
08c7abdf-7fce-4d50-958b-b6ff0aa5098c,42.33233644559,-71.5806915808136,3,334.36
7177c62b-b7d2-4327-943c-669853b0841a,42.2979666172246,-71.3477953581688,3,843.71
9f785c31-f3cc-45df-ad8d-08d9418e3073,42.0867949477908,-71.4872326843281,35,10760.33
d89454d2-59b8-475d-8724-4381e121ba00,42.3856225541605,-71.5635978617428,8,765.78
018f3677-ec1d-408c-bd2c-782f608a9df4,42.3842304875988,-71.563990805387,34,4270.85
d21fe9a4-787e-4161-b93d-3ca50d5b7de7,42.2978432356026,-71.4188779246138,26,7773.23
62d689e9-a952-482a-b6c2-5a5fa078d2af,42.2939070936386,-71.4672287683027,22,3207.96
08c7abdf-7fce-4d50-958b-b6ff0aa5098c,42.3058187845837,-71.5293299573261,21,7967.7
50888a2c-e355-4664-b663-e6811b0a7c25,42.3185565959547,-71.5801242935732,18,9965.04
fb476a4a-c0d7-413f-9c4a-799a1b2d4dd6,42.2945816692461,-71.2973430035915,24,8857.88
b44b7738-7ce5-4d95-8081-9b6f1f76665a,42.2862896195823,-71.4225431634511,14,4927.01
50888a2c-e355-4664-b663-e6811b0a7c25,42.3139968403576,-71.5634986200034,13,8173.4
08c7abdf-7fce-4d50-958b-b6ff0aa5098c,42.3317798871863,-71.5832772304581,4,555.58
ce9a7e51-0841-4de6-8a94-29f3af8be65b,42.2941002126992,-71.466519323976,58,14751.46
d89454d2-59b8-475d-8724-4381e121ba00,42.346049239996,-71.55065486137,37,6185.16
ac1d4bc6-98b7-4fa7-b20d-2deea94683e3,42.4611280835347,-71.4570403967524,2,100.69
08c7abdf-7fce-4d50-958b-b6ff0aa5098c,42.3118725306912,-71.5660829285433,17,4578.86
ab5deaba-93a4-4680-9cf5-808df07f2607,42.3213300002414,-71.5297456997481,55,19407.16
11cdf0ae-c10d-4cc1-a6d6-e1b9900d1c2e,42.1502466291336,-71.4864964179096,95,25025.15
d89454d2-59b8-475d-8724-4381e121ba00,42.2540494653016,-71.5285011546911,86,17978.68
fd4c1dc1-3c32-4573-be8a-3a9651c6107f,42.2929817314733,-71.4875719837887,28,8647
08c7abdf-7fce-4d50-958b-b6ff0aa5098c,42.3021025837721,-71.5274631397404,22,8408.22
402fe3ba-d292-4403-bc24-833e5ba04561,42.3001244545057,-71.3578362082145,32,12817.27
11cdf0ae-c10d-4cc1-a6d6-e1b9900d1c2e,42.1575140748926,-71.4937625225641,90,23946.47
ae50df4e-b25b-429a-99d2-e4f28b1a7944,42.2977828858961,-71.3479697017652,4,827.88
50888a2c-e355-4664-b663-e6811b0a7c25,42.3156960198698,-71.5652205982936,14,8409.35
35347850-d69a-4842-a5f4-bae7275cd779,42.2996953010378,-71.4411684239607,17,6994.97
08c7abdf-7fce-4d50-958b-b6ff0aa5098c,42.2669334570726,-71.5232104970938,29,12434.74
50888a2c-e355-4664-b663-e6811b0a7c25,42.315376836978,-71.5778578268205,16,9510.3
b968a9c3-0fd4-4fc8-9c03-c3ab0fe551a0,42.1684789459991,-71.4781212197614,21,6599.24
23d5cef6-e518-4901-93a5-1d112c5caad9,42.3510944754538,-71.5410002494454,17,3868.76
08c7abdf-7fce-4d50-958b-b6ff0aa5098c,42.3322318394322,-71.5787885534041,2,177.6
320755bd-42ae-4afa-92ee-4790802c99e4,42.300620663203,-71.3502348274132,24,16581.71
62d689e9-a952-482a-b6c2-5a5fa078d2af,42.2968454537896,-71.4833421399201,10,1105.7
35790a43-db65-4f9e-93e2-e64c2084cc4f,42.2644162037621,-71.4893583350991,33,8475.32
055c56fc-9140-4b97-835b-abc9145f2aa4,42.1293401497209,-71.5230173780332,45,8689.39
16c57625-ade0-4ab0-9451-056179830dfc,42.3946455058244,-71.5946337041041,81,11096.21
9ae8aeb0-d10f-4fe2-afd8-f2dcfac6ab6c,42.3453692999702,-71.5502605766213,50,14600.83
387741ec-af5f-4a7b-9b82-820060cdce6f,42.2977694748503,-71.4170245180741,15,2904.07
35790a43-db65-4f9e-93e2-e64c2084cc4f,42.275902764553,-71.4281516628356,10,2073.3
ce9a7e51-0841-4de6-8a94-29f3af8be65b,42.2853401175344,-71.3464314548034,7,2378.04
08c7abdf-7fce-4d50-958b-b6ff0aa5098c,42.3064571503673,-71.5441169765065,20,6750.44
a19fb124-594e-4ddd-b6da-f8ca9171f8db,42.338297655481,-71.6225648893454,49,13194.02
30a9a51f-025f-476a-a501-9cda88fadee8,42.329304208118,-71.4323372502528,39,7483.02
35790a43-db65-4f9e-93e2-e64c2084cc4f,42.3313547570321,-71.5857904604548,64,22853.35
b135140e-109e-4613-95af-0631d00cbd1e,42.3012536645683,-71.3901340299925,3,497.03
50888a2c-e355-4664-b663-e6811b0a7c25,42.3118725306912,-71.5660829285433,12,7855.88
35347850-d69a-4842-a5f4-bae7275cd779,42.2941779967653,-71.4636574067865,13,4952.53
35790a43-db65-4f9e-93e2-e64c2084cc4f,42.2674055258873,-71.5006477535157,37,9495.03
8983ebd0-b08f-4e96-a8ca-18da9a533641,42.2417917693729,-71.4313850659958,30,13818.87
d21fe9a4-787e-4161-b93d-3ca50d5b7de7,42.2985580443477,-71.3699732047304,17,3734.71
35790a43-db65-4f9e-93e2-e64c2084cc4f,42.2745334967693,-71.4267166809271,8,1863.12
747d8707-5db7-4c6b-b0f3-86a0d2509306,42.2976487754374,-71.4921089406078,58,11389.93
08c7abdf-7fce-4d50-958b-b6ff0aa5098c,42.3139968403576,-71.5634986200034,16,4261.34
4cebf1c5-54c8-4e64-82fe-a3337ad3146f,42.2893822067608,-71.3857513002009,19,5336.78
b9968507-53ab-453c-bd4c-59b515649f1d,42.3536103876597,-71.6152290472525,3,393.08
ac1d4bc6-98b7-4fa7-b20d-2deea94683e3,42.4505440861311,-71.4543005200804,14,1554.63
11cdf0ae-c10d-4cc1-a6d6-e1b9900d1c2e,42.186173479925,-71.5054743889257,76,19812.75
f048fe5c-d1d1-4c9c-af90-f7bd939d73ac,42.3283292250829,-71.5853277793722,62,22513.8
57c05cab-d8c5-43f8-8d8f-9ecfcba3dbb3,42.2977855681053,-71.4501551658008,41,12015.08
695762db-d0d4-4ddc-a7ae-10275473090c,42.4079814498413,-71.5428590204036,73,9475.22
62d689e9-a952-482a-b6c2-5a5fa078d2af,42.2979129730411,-71.4392493032962,36,5963.09
012d6ffc-b612-493c-a374-88234b7fe5f5,42.2948351380131,-71.4882130317815,27,11525.38
f2a9a652-ae50-4c62-935c-bcba2dfc6b9b,42.149484881728,-71.5402519130857,6,2137.25
16c57625-ade0-4ab0-9451-056179830dfc,42.3907844657173,-71.5639653243998,39,6329.03
ab5deaba-93a4-4680-9cf5-808df07f2607,42.2910773629592,-71.4883565299724,24,9768.44
340851f6-b619-4b18-9fc3-a81e3b6acb63,42.3232182755004,-71.2626606978572,11,2135.54
08c7abdf-7fce-4d50-958b-b6ff0aa5098c,42.2670662264267,-71.5222891582423,28,12357.55
9f785c31-f3cc-45df-ad8d-08d9418e3073,42.0864516250164,-71.4828204502356,36,11126.18
13f5cf06-04ba-4086-a80d-8a89787b833a,42.2784522043736,-71.346878042631,62,13679.87
4cebf1c5-54c8-4e64-82fe-a3337ad3146f,42.286106,-71.337616,90,20912.4
fb476a4a-c0d7-413f-9c4a-799a1b2d4dd6,42.2982831179072,-71.2818036247375,29,10279.39
23d5cef6-e518-4901-93a5-1d112c5caad9,42.3465508131117,-71.5507795840966,21,4963.07
d21fe9a4-787e-4161-b93d-3ca50d5b7de7,42.2986277817862,-71.3712727350755,18,3841.8
7177c62b-b7d2-4327-943c-669853b0841a,42.2854500881106,-71.3477564661358,6,2236.88
35790a43-db65-4f9e-93e2-e64c2084cc4f,42.3185565959547,-71.5801242935732,59,21163.82
ce9a7e51-0841-4de6-8a94-29f3af8be65b,42.3014937222894,-71.3457273748951,1,382.94
1ba4b168-ece7-49bc-9db3-73ad54e3bbf8,42.3538276466028,-71.5328785200643,63,16812.68
f048fe5c-d1d1-4c9c-af90-f7bd939d73ac,42.3203416061605,-71.5792726921602,60,21374.15
dfc8cf0c-de43-47ea-9ed6-b7d8430eab32,42.3431028332176,-71.5429971541761,5,960.49
d89454d2-59b8-475d-8724-4381e121ba00,42.2913361961446,-71.5266893223935,55,13361.22
35790a43-db65-4f9e-93e2-e64c2084cc4f,42.2657304862577,-71.4847516408415,32,8069.32
d89454d2-59b8-475d-8724-4381e121ba00,42.2442661073366,-71.5257304326135,97,19189.08
ac1d4bc6-98b7-4fa7-b20d-2deea94683e3,42.4353024324955,-71.4558360848329,29,3399.54
35790a43-db65-4f9e-93e2-e64c2084cc4f,42.2744503482849,-71.4261118427582,7,1812.54
004980e6-9f4c-4b6d-ba69-2c51b2ea17f2,42.2014862121037,-71.4291722434266,22,10277.9
35347850-d69a-4842-a5f4-bae7275cd779,42.2986277817862,-71.3968435762431,22,10669.47
d21fe9a4-787e-4161-b93d-3ca50d5b7de7,42.2979666172246,-71.3477953581688,3,843.71
ac1d4bc6-98b7-4fa7-b20d-2deea94683e3,42.4274972037969,-71.5335530956717,59,10598.54
35790a43-db65-4f9e-93e2-e64c2084cc4f,42.3381085597341,-71.5914499218136,75,24101.89
4cebf1c5-54c8-4e64-82fe-a3337ad3146f,42.2778554128322,-71.3573118363209,115,24837.45
ab5deaba-93a4-4680-9cf5-808df07f2607,42.3456616607703,-71.5600197947037,74,24893.32
402fe3ba-d292-4403-bc24-833e5ba04561,42.299132037111,-71.3766411767388,12,8062.01
35790a43-db65-4f9e-93e2-e64c2084cc4f,42.3203416061605,-71.5792726921602,60,21374.15
0743cc3d-3ccf-45a0-8f97-888a39b21570,42.2785313295443,-71.409373516403,29,14572.24
3eae3196-8fdf-4760-8a66-21b48a13f1dc,42.3005,-71.43454,160,24799.7
11cdf0ae-c10d-4cc1-a6d6-e1b9900d1c2e,42.2575376783334,-71.5266061739091,47,11375.68
f048fe5c-d1d1-4c9c-af90-f7bd939d73ac,42.3185565959547,-71.5801242935732,59,21163.82
16c57625-ade0-4ab0-9451-056179830dfc,42.3948292371529,-71.5948925372894,82,11125.67
d89454d2-59b8-475d-8724-4381e121ba00,42.2708695990366,-71.5228591276919,58,15663.69
a19fb124-594e-4ddd-b6da-f8ca9171f8db,42.3395207428647,-71.5615701116067,20,5298.39
d89454d2-59b8-475d-8724-4381e121ba00,42.2675476829736,-71.5231300308186,69,16229.34
50888a2c-e355-4664-b663-e6811b0a7c25,42.3324169118653,-71.577352230391,28,12376.91
35347850-d69a-4842-a5f4-bae7275cd779,42.2932056959394,-71.4601919925327,14,5257.18
387741ec-af5f-4a7b-9b82-820060cdce6f,42.3011825860252,-71.3908300632733,6,505.14
055c56fc-9140-4b97-835b-abc9145f2aa4,42.1274170057426,-71.5187996041059,44,8281.36
7ae040a5-6c96-48f1-ad52-551743a1a458,42.2843181958388,-71.381255917624,100,18974.72
055c56fc-9140-4b97-835b-abc9145f2aa4,42.1518157215009,-71.5105464464752,26,4426.3
e2961827-77cf-4cf6-bafb-7d0da257ec97,42.2934189315688,-71.4593484377473,8,953.46
f048fe5c-d1d1-4c9c-af90-f7bd939d73ac,42.3301343518576,-71.5854310444254,63,22714.56
dfc8cf0c-de43-47ea-9ed6-b7d8430eab32,42.3216947806892,-71.5305315870364,7,3640.77
08c7abdf-7fce-4d50-958b-b6ff0aa5098c,42.3138908930952,-71.5719703776819,14,3435.61
11cdf0ae-c10d-4cc1-a6d6-e1b9900d1c2e,42.2631850697508,-71.5257773712741,42,10735.92
ce9a7e51-0841-4de6-8a94-29f3af8be65b,42.2988825916578,-71.4270372049235,48,11277.02
b9968507-53ab-453c-bd4c-59b515649f1d,42.3416933322962,-71.5601646339992,30,10908.31
62d689e9-a952-482a-b6c2-5a5fa078d2af,42.2982442258742,-71.407660925845,47,8874.61
11cdf0ae-c10d-4cc1-a6d6-e1b9900d1c2e,42.3140880354695,-71.5312584657227,13,4595.64
695762db-d0d4-4ddc-a7ae-10275473090c,42.4099756723628,-71.5416104520327,75,9724.46
30a9a51f-025f-476a-a501-9cda88fadee8,42.3291687565546,-71.4327824969758,38,7443.47
16c57625-ade0-4ab0-9451-056179830dfc,42.3467680720549,-71.5483280449109,3,263.75
5bbefffd-60cf-4aab-a384-eb8026cde85f,42.3336131771572,-71.5875432841506,77,14958.89
d21fe9a4-787e-4161-b93d-3ca50d5b7de7,42.2986639916101,-71.3593503152937,11,2530.73
9ae8aeb0-d10f-4fe2-afd8-f2dcfac6ab6c,42.3543278786139,-71.5555740329965,40,13131.37
9f785c31-f3cc-45df-ad8d-08d9418e3073,42.1499207407189,-71.4883605532861,0,0
2260c7a3-179f-47c7-a6e4-41f856c4d622,42.286699997586,-71.5260402277732,8,2284.7
4cebf1c5-54c8-4e64-82fe-a3337ad3146f,42.2766873107366,-71.3572662387649,114,24707.6
747d8707-5db7-4c6b-b0f3-86a0d2509306,42.2932942088422,-71.4874928586181,50,10582.05
fb476a4a-c0d7-413f-9c4a-799a1b2d4dd6,42.3084379618429,-71.2570857260874,50,14010.22
2260c7a3-179f-47c7-a6e4-41f856c4d622,42.2849686315637,-71.5259262338833,7,2092.08
9ae8aeb0-d10f-4fe2-afd8-f2dcfac6ab6c,42.3473635224917,-71.5444200661433,54,15282.49
522e28ee-243c-4b26-8151-2475fa5a5d2e,42.3538115533478,-71.5328195114624,12,3014.92
ac1d4bc6-98b7-4fa7-b20d-2deea94683e3,42.4329139252254,-71.4825629581549,42,5754.5
f048fe5c-d1d1-4c9c-af90-f7bd939d73ac,42.3313547570321,-71.5857904604548,64,22853.35
2260c7a3-179f-47c7-a6e4-41f856c4d622,42.3381380640351,-71.5893551164481,60,13048.37
f2a9a652-ae50-4c62-935c-bcba2dfc6b9b,42.1640921928938,-71.5262105480558,24,5868.99
b3c7beb5-93f5-4431-bd27-4176d97dd626,42.2994404911661,-71.3802836167981,36,5551.18
62d689e9-a952-482a-b6c2-5a5fa078d2af,42.2939298924166,-71.4663302282292,23,3281.86
b968a9c3-0fd4-4fc8-9c03-c3ab0fe551a0,42.1828314472932,-71.4450039830806,25,9821.88
7903a5c3-a394-4988-98b4-6f3f4c5ccd69,42.2755111620135,-71.4270948724207,49,21927.35
b968a9c3-0fd4-4fc8-9c03-c3ab0fe551a0,42.1996636509695,-71.4298441368249,32,12141.03
94059766-6fcf-458a-bee2-3d8856a98c17,42.2361376724325,-71.5063809756268,17,5393.98
1c130b25-ee37-4058-b9cb-a955999e4e80,42.28378,-71.34729,46,9880.18
402fe3ba-d292-4403-bc24-833e5ba04561,42.3018289984363,-71.3818164993415,24,10289.14
2260c7a3-179f-47c7-a6e4-41f856c4d622,42.3276948826131,-71.5845606675482,40,11115.99
d89454d2-59b8-475d-8724-4381e121ba00,42.360737017437,-71.5522360236786,27,3982.64
4cebf1c5-54c8-4e64-82fe-a3337ad3146f,42.2857853642574,-71.3383606873966,89,20841.57
2260c7a3-179f-47c7-a6e4-41f856c4d622,42.3139163740823,-71.571810786236,30,8833.94
20df4b38-9cbe-4caa-bca0-119944aa8afa,42.2965557751987,-71.358227810754,3,1718.64
35347850-d69a-4842-a5f4-bae7275cd779,42.2963814316023,-71.470686135929,11,4264.09
d21fe9a4-787e-4161-b93d-3ca50d5b7de7,42.2984319805164,-71.4072170202266,24,6812.12
4cebf1c5-54c8-4e64-82fe-a3337ad3146f,42.2982120393641,-71.3852121761568,45,9509.22
2260c7a3-179f-47c7-a6e4-41f856c4d622,42.3069332424959,-71.5501439005222,19,6178.17
b9968507-53ab-453c-bd4c-59b515649f1d,42.3516577393805,-71.533165516446,58,16833.37
f048fe5c-d1d1-4c9c-af90-f7bd939d73ac,42.3316739399239,-71.5854672542493,65,22897.65
1ba4b168-ece7-49bc-9db3-73ad54e3bbf8,42.3490613608993,-71.5057278576927,74,19547.12
2260c7a3-179f-47c7-a6e4-41f856c4d622,42.3139163740823,-71.5726047201517,31,8899.18
0743cc3d-3ccf-45a0-8f97-888a39b21570,42.2926746185228,-71.3569577847098,4,1150.75
d89454d2-59b8-475d-8724-4381e121ba00,42.2653509536595,-71.5239856555453,77,16638.63
161f0f86-97f5-4dfd-a54b-3ec09e77872a,42.3466661481062,-71.549335214456,5,624.13
c8d23e47-25a2-4935-8987-25adf1a844b3,42.3337660630802,-71.587925498958,20,1433.97
ac1d4bc6-98b7-4fa7-b20d-2deea94683e3,42.4040077569489,-71.551337483605,71,13811.22
2260c7a3-179f-47c7-a6e4-41f856c4d622,42.3060373846315,-71.5373350106081,15,5112.19
d89454d2-59b8-475d-8724-4381e121ba00,42.1650229194774,-71.5086045270326,119,28390.7
a19fb124-594e-4ddd-b6da-f8ca9171f8db,42.329557676885,-71.6306893009358,46,11993.53
2260c7a3-179f-47c7-a6e4-41f856c4d622,42.2705249351576,-71.5227732969984,4,458.47
fd4c1dc1-3c32-4573-be8a-3a9651c6107f,42.2924654062072,-71.4881567053888,29,8721.85
ac1d4bc6-98b7-4fa7-b20d-2deea94683e3,42.4620239413991,-71.4561271045284,4,225.25
2260c7a3-179f-47c7-a6e4-41f856c4d622,42.3059528950425,-71.5410002494454,16,5413.55
d21fe9a4-787e-4161-b93d-3ca50d5b7de7,42.2999393820726,-71.3607920027251,15,2963.33
018f3677-ec1d-408c-bd2c-782f608a9df4,42.3522062511567,-71.5469842581144,51,8347.53
1ba4b168-ece7-49bc-9db3-73ad54e3bbf8,42.3291405933583,-71.6239180638741,12,4450.56
012d6ffc-b612-493c-a374-88234b7fe5f5,42.3054996016919,-71.5295968371389,12,5867.15
35347850-d69a-4842-a5f4-bae7275cd779,42.300134,-71.435702,18,7446.88
2260c7a3-179f-47c7-a6e4-41f856c4d622,42.334975739418,-71.5914458984998,48,12201.1
3eae3196-8fdf-4760-8a66-21b48a13f1dc,42.3118363208673,-71.4388147854099,152,23322.93
2260c7a3-179f-47c7-a6e4-41f856c4d622,42.3358702561778,-71.5934696253222,52,12399.71
11cdf0ae-c10d-4cc1-a6d6-e1b9900d1c2e,42.2669334570726,-71.5232104970938,31,9975.61
1c130b25-ee37-4058-b9cb-a955999e4e80,42.2936764236496,-71.3577557419393,62,14428.95
b9968507-53ab-453c-bd4c-59b515649f1d,42.3536975594579,-71.613264329032,2,231.45
e878f995-434e-4d2c-907f-09935bb474c7,42.2964055714849,-71.4836331596156,0,0
2260c7a3-179f-47c7-a6e4-41f856c4d622,42.3369471631615,-71.5933931823607,54,12567.88
d89454d2-59b8-475d-8724-4381e121ba00,42.2610728300257,-71.5265498475164,80,17164.24
d1aedfe4-3b3d-448f-844d-ca7fb9a70ab2,42.3035241546347,-71.3108626789369,39,8965.7
4cebf1c5-54c8-4e64-82fe-a3337ad3146f,42.2993157684395,-71.3875684969168,43,9266.8
695762db-d0d4-4ddc-a7ae-10275473090c,42.3567029748382,-71.5508265227572,12,1644.71
5bbefffd-60cf-4aab-a384-eb8026cde85f,42.3354799947429,-71.593005603135,82,15454.5
0eda0ce6-27a8-41c6-af53-39f9365143cb,42.2987806677091,-71.376828931381,44,9884.74
055c56fc-9140-4b97-835b-abc9145f2aa4,42.1596786176967,-71.4966874716692,6,1612.07
2260c7a3-179f-47c7-a6e4-41f856c4d622,42.2679258744672,-71.5227464749066,2,155.81
9f785c31-f3cc-45df-ad8d-08d9418e3073,42.0837171127628,-71.4517953367111,45,13946.21
161f0f86-97f5-4dfd-a54b-3ec09e77872a,42.3023117960877,-71.505609840489,19,7489.15
b3c7beb5-93f5-4431-bd27-4176d97dd626,42.2986666738192,-71.4466991392791,46,11078.9
747d8707-5db7-4c6b-b0f3-86a0d2509306,42.3004798472214,-71.4927312131364,63,12164.18
2260c7a3-179f-47c7-a6e4-41f856c4d622,42.3315854270211,-71.585884337776,43,11576.36
fb476a4a-c0d7-413f-9c4a-799a1b2d4dd6,42.3250448599484,-71.2604290998238,62,16834.27
161f0f86-97f5-4dfd-a54b-3ec09e77872a,42.3018450916913,-71.5095929211136,18,7157.72
dfc8cf0c-de43-47ea-9ed6-b7d8430eab32,42.2873195879054,-71.425787295448,50,19330.71
23d5cef6-e518-4901-93a5-1d112c5caad9,42.3510797233033,-71.5363385698997,15,3485.71
30a9a51f-025f-476a-a501-9cda88fadee8,42.3294530707272,-71.4318678636472,40,7524.98
2260c7a3-179f-47c7-a6e4-41f856c4d622,42.319673736076,-71.5795342075547,37,9990.03
11cdf0ae-c10d-4cc1-a6d6-e1b9900d1c2e,42.1497343271812,-71.4865889541262,96,25082.59
ab5deaba-93a4-4680-9cf5-808df07f2607,42.2978110490925,-71.4487630992391,12,4671.04
13f5cf06-04ba-4086-a80d-8a89787b833a,42.3009827614416,-71.3881371252618,23,3932.44
ce9a7e51-0841-4de6-8a94-29f3af8be65b,42.2994404911661,-71.3802836167981,43,7418.96
62d689e9-a952-482a-b6c2-5a5fa078d2af,42.2924359019063,-71.4882116906769,2,202.76
2260c7a3-179f-47c7-a6e4-41f856c4d622,42.2769099340981,-71.5250451281694,5,1192.15
11cdf0ae-c10d-4cc1-a6d6-e1b9900d1c2e,42.2427560235712,-71.5253629699566,61,13174.42
b33a3d09-539e-4afa-a893-a3de7cac00ed,42.2418869877986,-71.4312750954196,20,5610.01
23be88fa-b8dd-4094-bb1d-0092c0557a1c,42.3004007220507,-71.4373234771087,22,4892.71
747d8707-5db7-4c6b-b0f3-86a0d2509306,42.2941900667065,-71.4875746659979,38,9239.04
9ae8aeb0-d10f-4fe2-afd8-f2dcfac6ab6c,42.3508208901179,-71.4998578429137,77,20337.29
2260c7a3-179f-47c7-a6e4-41f856c4d622,42.3286081748371,-71.585477983086,41,11242.39
d21fe9a4-787e-4161-b93d-3ca50d5b7de7,42.293551700923,-71.4617503560633,35,11520.18
402fe3ba-d292-4403-bc24-833e5ba04561,42.2986733793422,-71.3695373457394,31,11842.15
b4ccc300-ae7b-45c9-91ad-79e50bd98bd6,42.2968535004171,-71.3767270074324,14,9429.34
ac1d4bc6-98b7-4fa7-b20d-2deea94683e3,42.4029831530442,-71.5595597958302,75,14530.01
c8d23e47-25a2-4935-8987-25adf1a844b3,42.2669334570726,-71.5232104970938,59,13372.31
4cebf1c5-54c8-4e64-82fe-a3337ad3146f,42.2850638499894,-71.3406848216465,78,18770.56
3eae3196-8fdf-4760-8a66-21b48a13f1dc,42.3013153553793,-71.3898993366897,69,10747.04
31481715-c247-41ac-940e-c0096e0868ba,42.1979054628554,-71.4311678070526,26,10268.42
4f48eaa9-89c6-49b0-a7ab-ebf904a00c42,42.2788625823773,-71.4181738447054,49,9111.09
62d689e9-a952-482a-b6c2-5a5fa078d2af,42.296752917573,-71.4783277498679,11,1517.97
2260c7a3-179f-47c7-a6e4-41f856c4d622,42.3064571503673,-71.5465162126134,18,5875.39
9ae8aeb0-d10f-4fe2-afd8-f2dcfac6ab6c,42.3464408425355,-71.5533115895576,47,14311.93
4bd751f8-b639-4098-a1fc-a01bcb0ba4e9,42.2614201761139,-71.4221716774804,39,9096.96
4cebf1c5-54c8-4e64-82fe-a3337ad3146f,42.2752871975474,-71.4107763118014,1,109.38
23d5cef6-e518-4901-93a5-1d112c5caad9,42.3467439321723,-71.5487799971569,24,5362.53
fd4c1dc1-3c32-4573-be8a-3a9651c6107f,42.3047365131817,-71.5152537235769,45,13554.21
2260c7a3-179f-47c7-a6e4-41f856c4d622,42.3141135164567,-71.5633108653611,26,8017.06
9ae8aeb0-d10f-4fe2-afd8-f2dcfac6ab6c,42.3381380640351,-71.5893551164481,22,8034.97
f367b809-4934-4ba5-b7ef-2e80c636be42,42.2973443446961,-71.3777730690106,7,4187.88
30a9a51f-025f-476a-a501-9cda88fadee8,42.3225799097168,-71.3988659619609,66,11969.31
0743cc3d-3ccf-45a0-8f97-888a39b21570,42.2987028836431,-71.376874528937,15,4922.59
2260c7a3-179f-47c7-a6e4-41f856c4d622,42.301287192183,-71.527587862467,11,3911.38
161f0f86-97f5-4dfd-a54b-3ec09e77872a,42.29773,-71.43723,37,14809.1
1c130b25-ee37-4058-b9cb-a955999e4e80,42.2819913793797,-71.3895466261832,15,3715.35
f9a10342-e44e-4a6b-8ec9-2ce051d39cf6,42.2936174150477,-71.469366489015,20,7639.23
3eae3196-8fdf-4760-8a66-21b48a13f1dc,42.28400571847,-71.4193245124414,12,1886.25
636e5ba5-1fdd-459c-82bb-59f2aead5ecf,42.3005831122746,-71.3607772505746,84,16363.72
3eae3196-8fdf-4760-8a66-21b48a13f1dc,42.2788384424948,-71.4179324458797,174,27938.65
62d689e9-a952-482a-b6c2-5a5fa078d2af,42.3014669001977,-71.3863507739515,54,10859.49
8983ebd0-b08f-4e96-a8ca-18da9a533641,42.2522255630628,-71.4291963833091,35,15427.93
7eb551b3-dcec-4a29-a093-cdf9d4830090,42.283446477857,-71.4065907243842,5,1045.67
afc65aea-c4e8-4c68-ab68-956699da953a,42.2764794395256,-71.4104517644913,1,132.73
ab5deaba-93a4-4680-9cf5-808df07f2607,42.3455905822271,-71.552380862974,79,25682.55
afc65aea-c4e8-4c68-ab68-956699da953a,42.1797898220891,-71.4504877597384,47,13290.64
018f3677-ec1d-408c-bd2c-782f608a9df4,42.3961958227274,-71.5950802919316,2,384.94
fd4c1dc1-3c32-4573-be8a-3a9651c6107f,42.2929978247284,-71.4874673776309,34,9498.9
747d8707-5db7-4c6b-b0f3-86a0d2509306,42.295124816604,-71.4882197373044,53,10799.45
d89454d2-59b8-475d-8724-4381e121ba00,42.366246275082,-71.5592540239843,24,3109.1
d1aedfe4-3b3d-448f-844d-ca7fb9a70ab2,42.3250448599484,-71.2604290998238,78,18138.07
54365a02-9e28-4fe0-a588-fe484d81157e,42.2940318163652,-71.467110751099,22,6874.01
35347850-d69a-4842-a5f4-bae7275cd779,42.2949236509158,-71.4880534403356,1,428.12
f2a9a652-ae50-4c62-935c-bcba2dfc6b9b,42.1482524066122,-71.487691342097,49,12457.68
fb476a4a-c0d7-413f-9c4a-799a1b2d4dd6,42.3331813414801,-71.2431033696594,69,18681.43
dc75feae-3e40-4fb9-98b1-32d25959fe8d,42.3024056734089,-71.3848004570484,35,5755.43
afc65aea-c4e8-4c68-ab68-956699da953a,42.2095972126482,-71.4272786037492,34,9266.37
0eda0ce6-27a8-41c6-af53-39f9365143cb,42.2992567598377,-71.3791611122585,19,8163.02
afc65aea-c4e8-4c68-ab68-956699da953a,42.2524039299729,-71.4296402889276,21,4264.27
b9968507-53ab-453c-bd4c-59b515649f1d,42.351343920907,-71.556378695749,35,12492.97
30a9a51f-025f-476a-a501-9cda88fadee8,42.3269854382864,-71.4032916070993,55,10167.54
54365a02-9e28-4fe0-a588-fe484d81157e,42.2791844474783,-71.416754956052,8,1262.47
636e5ba5-1fdd-459c-82bb-59f2aead5ecf,42.2966161249051,-71.292953568277,55,9058.21
afc65aea-c4e8-4c68-ab68-956699da953a,42.1499207407189,-71.4883605532861,58,18434.17
636e5ba5-1fdd-459c-82bb-59f2aead5ecf,42.3047512653322,-71.3221628261902,65,12210.14
62d689e9-a952-482a-b6c2-5a5fa078d2af,42.294035839679,-71.4677491168826,15,2508.21
16c57625-ade0-4ab0-9451-056179830dfc,42.3938287731307,-71.5980374275468,75,10749.6
9f785c31-f3cc-45df-ad8d-08d9418e3073,42.0889514439673,-71.4409337306579,53,15625.98
02771dac-1a3f-4a82-a387-5d517b4b4a7f,42.2936174150477,-71.469366489015,14,4843.7
b8c19c65-25bf-4a3b-a108-e0728086b3d2,42.2770172224651,-71.4167683670979,3,938.13
d828c9b3-ae08-49b6-a382-d9587ab3b310,42.3014669001977,-71.3863507739515,0,0
ab5deaba-93a4-4680-9cf5-808df07f2607,42.2967408476318,-71.471362052641,17,7137.16
1ba4b168-ece7-49bc-9db3-73ad54e3bbf8,42.3502442151454,-71.5274980084597,66,17619.27
fe1b79da-593f-487c-844c-daf273066f25,42.3538115533478,-71.5328195114624,12,4322.08
9ae8aeb0-d10f-4fe2-afd8-f2dcfac6ab6c,42.3391224348022,-71.5889326685031,24,8243.57
b9968507-53ab-453c-bd4c-59b515649f1d,42.3495575695966,-71.5191724311812,63,18127.5
e6eeab87-0cca-49d4-bccc-4c5d879fbcbf,42.2778259085313,-71.4141786941396,5,788.97
2b823661-7fbc-45bc-aac0-a7fed254ae27,42.1797898220891,-71.4504877597384,11,5143.53
a9376080-2b82-4edb-9474-164efab669c5,42.2788733112141,-71.4167200873327,5,1136.14
012d6ffc-b612-493c-a374-88234b7fe5f5,42.305753070459,-71.5260227934136,13,6162.21
b33a3d09-539e-4afa-a893-a3de7cac00ed,42.2008277297513,-71.4294619220174,32,10571.28
a19fb124-594e-4ddd-b6da-f8ca9171f8db,42.3283305661875,-71.6274210290564,44,11680.64
13f5cf06-04ba-4086-a80d-8a89787b833a,42.2904430204894,-71.3549380812012,54,11997.21
636e5ba5-1fdd-459c-82bb-59f2aead5ecf,42.301094,-71.359134,78,15879.97
636e5ba5-1fdd-459c-82bb-59f2aead5ecf,42.3020650328436,-71.3806779015468,99,18267.01
636e5ba5-1fdd-459c-82bb-59f2aead5ecf,42.3002223551406,-71.3590740477487,70,15290.74
ac1d4bc6-98b7-4fa7-b20d-2deea94683e3,42.4343636592843,-71.4919439847436,48,6590.44
e6097e76-5b3e-4d62-a4a9-945e230f237b,42.2968535004171,-71.4482803015876,33,4777.98
e6eeab87-0cca-49d4-bccc-4c5d879fbcbf,42.2802117335923,-71.417775536643,10,1353.2
02771dac-1a3f-4a82-a387-5d517b4b4a7f,42.2910773629592,-71.4883565299724,0,0
ab5deaba-93a4-4680-9cf5-808df07f2607,42.3234476043849,-71.5314301271099,56,19680.15
2b823661-7fbc-45bc-aac0-a7fed254ae27,42.1541787477838,-71.4886703484458,3,684.88
695762db-d0d4-4ddc-a7ae-10275473090c,42.4127906508917,-71.5420731331154,77,10045.02
ac1d4bc6-98b7-4fa7-b20d-2deea94683e3,42.4358992240369,-71.4550729963227,27,3308.33
30a9a51f-025f-476a-a501-9cda88fadee8,42.3272576825176,-71.4008199513447,63,11423.31
7ae040a5-6c96-48f1-ad52-551743a1a458,42.2975830613126,-71.3778428064491,5,1693.12
9ae8aeb0-d10f-4fe2-afd8-f2dcfac6ab6c,42.3537444981184,-71.5548820230294,37,12798.16
94059766-6fcf-458a-bee2-3d8856a98c17,42.2778607772506,-71.4116949684438,56,18643.08
d47c2a5a-3fe8-4a30-830f-690bbe96c7b4,42.2977413116539,-71.4194492351681,9,3173.31
31481715-c247-41ac-940e-c0096e0868ba,42.1713650030711,-71.4728694541972,38,15013.21
a9376080-2b82-4edb-9474-164efab669c5,42.2794231640949,-71.4171237598135,7,1221.74
8983ebd0-b08f-4e96-a8ca-18da9a533641,42.1783427702393,-71.4583063994829,10,4551.15
ac1d4bc6-98b7-4fa7-b20d-2deea94683e3,42.4323680956583,-71.4840985229074,44,5896.93
1ba4b168-ece7-49bc-9db3-73ad54e3bbf8,42.3416933322962,-71.5601646339992,30,10908.31
2b823661-7fbc-45bc-aac0-a7fed254ae27,42.1825551797482,-71.4456021157266,14,5675.88
0eda0ce6-27a8-41c6-af53-39f9365143cb,42.3025880636327,-71.3760953471717,29,8873.47
636e5ba5-1fdd-459c-82bb-59f2aead5ecf,42.3010766387627,-71.3867075077717,117,19108.47
0eda0ce6-27a8-41c6-af53-39f9365143cb,42.2991172849606,-71.3831120063729,18,7837.93
b9968507-53ab-453c-bd4c-59b515649f1d,42.3291405933583,-71.6239180638741,12,4450.56
02771dac-1a3f-4a82-a387-5d517b4b4a7f,42.2977560638044,-71.4196597885883,22,9156.24
161f0f86-97f5-4dfd-a54b-3ec09e77872a,42.278457568792,-71.409526402326,53,18998.71
3eae3196-8fdf-4760-8a66-21b48a13f1dc,42.2790825235297,-71.4200741899058,3,363.87
ac1d4bc6-98b7-4fa7-b20d-2deea94683e3,42.4334691425246,-71.4869751922474,46,6163.8
4cebf1c5-54c8-4e64-82fe-a3337ad3146f,42.3020462573794,-71.3807758021817,28,7598.38
4bd751f8-b639-4098-a1fc-a01bcb0ba4e9,42.2749371692501,-71.4230460776714,18,4915.78
35347850-d69a-4842-a5f4-bae7275cd779,42.3018571616326,-71.3877414994086,27,11642.32
dfc8cf0c-de43-47ea-9ed6-b7d8430eab32,42.2919249410585,-71.487736939653,19,9902.33
fe1b79da-593f-487c-844c-daf273066f25,42.3476987986385,-71.5141017147363,6,2312.02
7ae040a5-6c96-48f1-ad52-551743a1a458,42.2877621524192,-71.3830878664904,102,19389.34
7eb551b3-dcec-4a29-a093-cdf9d4830090,42.2879794113624,-71.4034605862773,6,1611.29
ac1d4bc6-98b7-4fa7-b20d-2deea94683e3,42.4000327229519,-71.5641101636952,79,15052.29
d828c9b3-ae08-49b6-a382-d9587ab3b310,42.2973443446961,-71.3777730690106,3,1145.71
afc65aea-c4e8-4c68-ab68-956699da953a,42.1955933985468,-71.4344736298605,38,10985.92
30a9a51f-025f-476a-a501-9cda88fadee8,42.3290842669656,-71.4331955571887,37,7408.26
dc75feae-3e40-4fb9-98b1-32d25959fe8d,42.2922441239502,-71.388461672572,10,3194.18
2b823661-7fbc-45bc-aac0-a7fed254ae27,42.2775094078487,-71.4140432425763,54,17682.66
2b2c7804-d94b-4a51-8e79-454d4cd759d1,42.2572077666049,-71.4259093359655,6,1950.09
3eae3196-8fdf-4760-8a66-21b48a13f1dc,42.3282299833435,-71.4220764590547,134,19676.95
f2a9a652-ae50-4c62-935c-bcba2dfc6b9b,42.1499207407189,-71.4883605532861,51,12793.17
d1aedfe4-3b3d-448f-844d-ca7fb9a70ab2,42.3089663570503,-71.2551317367036,65,15143.05
636e5ba5-1fdd-459c-82bb-59f2aead5ecf,42.3036113264329,-71.3319703240377,66,13026.04
1c130b25-ee37-4058-b9cb-a955999e4e80,42.3033618809796,-71.3814262379066,72,19935.75
636e5ba5-1fdd-459c-82bb-59f2aead5ecf,42.3020073653464,-71.3815455962149,100,18338.61
62d689e9-a952-482a-b6c2-5a5fa078d2af,42.2968655703584,-71.443091567939,33,5551.84
4bd751f8-b639-4098-a1fc-a01bcb0ba4e9,42.2668288509148,-71.4200299334544,37,8461.01
09aed2cc-296b-477d-bca2-e055ce0c98b0,42.2996953010378,-71.3968838093808,7,1193.09
3eae3196-8fdf-4760-8a66-21b48a13f1dc,42.282877849512,-71.4175958286283,13,2075.73
02771dac-1a3f-4a82-a387-5d517b4b4a7f,42.2986572860871,-71.4462780324386,18,6924.01
afc65aea-c4e8-4c68-ab68-956699da953a,42.1825551797482,-71.4456021157266,44,12758.29
420ecf08-6cea-4604-b918-890ae8b88a60,42.2758746013567,-71.411843831053,19,5320.45
018f3677-ec1d-408c-bd2c-782f608a9df4,42.3750613555349,-71.5643046238604,37,5301.27
dc75feae-3e40-4fb9-98b1-32d25959fe8d,42.3019483567446,-71.3832045425894,31,5598.53
a9376080-2b82-4edb-9474-164efab669c5,42.278964506326,-71.4180719207568,10,1539.6
a9376080-2b82-4edb-9474-164efab669c5,42.2802144158014,-71.4177353035054,8,1323.02
1ba4b168-ece7-49bc-9db3-73ad54e3bbf8,42.355019888581,-71.5542114707358,39,12995.61
b9968507-53ab-453c-bd4c-59b515649f1d,42.3527601273513,-71.556355896971,36,12650.35
636e5ba5-1fdd-459c-82bb-59f2aead5ecf,42.3001633465387,-71.360682032149,85,16411.02
636e5ba5-1fdd-459c-82bb-59f2aead5ecf,42.3011034608545,-71.3865385285937,118,19122.67
636e5ba5-1fdd-459c-82bb-59f2aead5ecf,42.3006179809939,-71.359547457668,71,15349.45
dc75feae-3e40-4fb9-98b1-32d25959fe8d,42.3015312732179,-71.3776630984344,17,4737.25
018f3677-ec1d-408c-bd2c-782f608a9df4,42.3593704318625,-71.5520898432785,48,7435.85
e6eeab87-0cca-49d4-bccc-4c5d879fbcbf,42.279640423038,-71.4188403736854,11,1461.34
b8c19c65-25bf-4a3b-a108-e0728086b3d2,42.2936174150477,-71.469366489015,16,6998.77
4ce23383-aa10-4737-9d8e-d1bb1d06920c,42.3466956524071,-71.548912766511,1,253.32
a19fb124-594e-4ddd-b6da-f8ca9171f8db,42.3497614174939,-71.6202796471286,53,14841.03
3eae3196-8fdf-4760-8a66-21b48a13f1dc,42.2826552261505,-71.4217304540712,6,902.47
340851f6-b619-4b18-9fc3-a81e3b6acb63,42.3023064316694,-71.3796264755503,81,17923.25
4cebf1c5-54c8-4e64-82fe-a3337ad3146f,42.2991736113533,-71.3786085771685,47,10080.21
e6097e76-5b3e-4d62-a4a9-945e230f237b,42.2980819522191,-71.4497246712282,35,4993.65
b9968507-53ab-453c-bd4c-59b515649f1d,42.3485772221432,-71.5616680122416,33,11957.33
f2a9a652-ae50-4c62-935c-bcba2dfc6b9b,42.145548739764,-71.5236704959673,36,8755.2
1c130b25-ee37-4058-b9cb-a955999e4e80,42.2820530701907,-71.3760524318249,22,4936.83
931ec04b-5aa1-4946-a947-7077ed74e335,42.2762353584907,-71.4109291977244,10,1468.39
0eda0ce6-27a8-41c6-af53-39f9365143cb,42.3025143028804,-71.3759062514249,30,8891.04
4f48eaa9-89c6-49b0-a7ab-ebf904a00c42,42.2939647611359,-71.4671965817926,16,2554.31
2b2c7804-d94b-4a51-8e79-454d4cd759d1,42.2751879558079,-71.410884941273,16,4839.05
9f785c31-f3cc-45df-ad8d-08d9418e3073,42.0815700043184,-71.4641603210068,42,12889.06
13f5cf06-04ba-4086-a80d-8a89787b833a,42.3024338366052,-71.361211768461,50,10549.74
f2e38f84-2a97-4d6c-9d9a-182cd2927222,42.2977560638044,-71.4196597885883,28,5118.49
16c57625-ade0-4ab0-9451-056179830dfc,42.3841017415584,-71.5642550029906,29,5125.02
004980e6-9f4c-4b6d-ba69-2c51b2ea17f2,42.2703130406328,-71.4192051541332,12,2175.61
31481715-c247-41ac-940e-c0096e0868ba,42.2744972869454,-71.41058587495,2,353.26
dfc8cf0c-de43-47ea-9ed6-b7d8430eab32,42.2910773629592,-71.4883565299724,18,9795.26
ac1d4bc6-98b7-4fa7-b20d-2deea94683e3,42.4386967682062,-71.4523009331406,22,2890.29
1ba4b168-ece7-49bc-9db3-73ad54e3bbf8,42.343861898414,-71.5629380382858,31,11239.9
695762db-d0d4-4ddc-a7ae-10275473090c,42.4157410809839,-71.5407789671885,78,10389.63
1c130b25-ee37-4058-b9cb-a955999e4e80,42.2825828065027,-71.3777972088931,19,4684.35
1c130b25-ee37-4058-b9cb-a955999e4e80,42.282003449321,-71.3777073548858,20,4749.15
2b823661-7fbc-45bc-aac0-a7fed254ae27,42.1499207407189,-71.4883605532861,0,0
ac1d4bc6-98b7-4fa7-b20d-2deea94683e3,42.4066859428099,-71.5453320172627,68,13223.09
d47c2a5a-3fe8-4a30-830f-690bbe96c7b4,42.2952388104939,-71.4880467348126,20,9287.28
b968a9c3-0fd4-4fc8-9c03-c3ab0fe551a0,42.144251891628,-71.512025684835,3,765.08
afc65aea-c4e8-4c68-ab68-956699da953a,42.1832096387869,-71.4446150627503,43,12649.23
4bd751f8-b639-4098-a1fc-a01bcb0ba4e9,42.2721624238588,-71.409526402326,5,521.73
afc65aea-c4e8-4c68-ab68-956699da953a,42.1680725913091,-71.4784632014312,52,15990.91
7ae040a5-6c96-48f1-ad52-551743a1a458,42.3131090291207,-71.3603038406553,40,8860.25
fb476a4a-c0d7-413f-9c4a-799a1b2d4dd6,42.3083320145805,-71.2613772607671,52,14383.03
fd4c1dc1-3c32-4573-be8a-3a9651c6107f,42.279010103882,-71.4200339567682,4,376.41
02771dac-1a3f-4a82-a387-5d517b4b4a7f,42.2932056959394,-71.4601919925327,16,5621.73
7eb551b3-dcec-4a29-a093-cdf9d4830090,42.2844523062976,-71.423807825077,98,15826.7
17f0d8d7-d93f-4756-9ea9-9d76fecab7da,42.2989000260174,-71.393580668782,11,6460.2
340851f6-b619-4b18-9fc3-a81e3b6acb63,42.3340289195793,-71.2444659319202,1,146.28
b9968507-53ab-453c-bd4c-59b515649f1d,42.3481158821652,-71.5046254697219,69,19466.26
2b823661-7fbc-45bc-aac0-a7fed254ae27,42.2634653606096,-71.4207380366765,42,15713.69
ac1d4bc6-98b7-4fa7-b20d-2deea94683e3,42.4214072478656,-71.5391656183699,61,11418.79
dc75feae-3e40-4fb9-98b1-32d25959fe8d,42.2768911586339,-71.410462493328,2,188.8
ab5deaba-93a4-4680-9cf5-808df07f2607,42.3455315736253,-71.5485935836192,66,23036.32
7ae040a5-6c96-48f1-ad52-551743a1a458,42.279494242638,-71.3483264355854,65,13683.79
afc65aea-c4e8-4c68-ab68-956699da953a,42.1572083030467,-71.486540674361,54,17369.68
ab5deaba-93a4-4680-9cf5-808df07f2607,42.3419776464687,-71.5604797935772,70,24286.07
7eb551b3-dcec-4a29-a093-cdf9d4830090,42.2911229605152,-71.3972418843056,8,2453.06
1c130b25-ee37-4058-b9cb-a955999e4e80,42.2810552883777,-71.3330673475902,50,11289.58
30a9a51f-025f-476a-a501-9cda88fadee8,42.3104818052341,-71.438141550907,22,4658.55
02771dac-1a3f-4a82-a387-5d517b4b4a7f,42.2982361792467,-71.4964205918563,5,1413.92
018f3677-ec1d-408c-bd2c-782f608a9df4,42.3912270302312,-71.5655598977542,27,3282.55
161f0f86-97f5-4dfd-a54b-3ec09e77872a,42.2938816126514,-71.4317069310967,40,15766.59
4f48eaa9-89c6-49b0-a7ab-ebf904a00c42,42.2972115753419,-71.4416136706837,34,5679.25
ac1d4bc6-98b7-4fa7-b20d-2deea94683e3,42.4538016291738,-71.4546585950052,12,1191.46
31481715-c247-41ac-940e-c0096e0868ba,42.1499207407189,-71.4883605532861,45,18044.76
fd4c1dc1-3c32-4573-be8a-3a9651c6107f,42.2910773629592,-71.4883565299724,31,8926.44
018f3677-ec1d-408c-bd2c-782f608a9df4,42.3940339621326,-71.5781944440719,18,2142.32
d1aedfe4-3b3d-448f-844d-ca7fb9a70ab2,42.3023681224804,-71.3864272169129,1,100.34
1c130b25-ee37-4058-b9cb-a955999e4e80,42.2766537831219,-71.3564213428748,27,7365.93
d1aedfe4-3b3d-448f-844d-ca7fb9a70ab2,42.3000533759626,-71.3590820943762,12,3214.75
6422848d-c373-4a3b-b3be-88feeced52ed,42.2839131822534,-71.3473085372036,2,176.31
387741ec-af5f-4a7b-9b82-820060cdce6f,42.296905803496,-71.4729217572762,27,7859.11
636e5ba5-1fdd-459c-82bb-59f2aead5ecf,42.2993224739625,-71.3659324566086,87,16865.64
dc75feae-3e40-4fb9-98b1-32d25959fe8d,42.3022045077207,-71.3787601219869,22,5222.27
7eb551b3-dcec-4a29-a093-cdf9d4830090,42.3013596118307,-71.3897142642566,57,7310.29
4f48eaa9-89c6-49b0-a7ab-ebf904a00c42,42.2940344985744,-71.4635246374324,25,3515.12
31481715-c247-41ac-940e-c0096e0868ba,42.2353598317718,-71.4314762611077,16,5896.88
30a9a51f-025f-476a-a501-9cda88fadee8,42.3146016785265,-71.4008186102401,70,12978.69
1c130b25-ee37-4058-b9cb-a955999e4e80,42.2816735375925,-71.3942552443895,101,26729.96
1c130b25-ee37-4058-b9cb-a955999e4e80,42.2742853924206,-71.4020577908789,9,2072.51
b9968507-53ab-453c-bd4c-59b515649f1d,42.3295321958978,-71.6305538493725,9,3836.11
57c05cab-d8c5-43f8-8d8f-9ecfcba3dbb3,42.2941458102551,-71.4637351908526,39,10732.29
d1aedfe4-3b3d-448f-844d-ca7fb9a70ab2,42.3008218288911,-71.3603896713489,26,4408.2
4f48eaa9-89c6-49b0-a7ab-ebf904a00c42,42.2903357321224,-71.4290206986082,43,7533.66
16c57625-ade0-4ab0-9451-056179830dfc,42.3929785128223,-71.5734321816821,62,7994.19
31481715-c247-41ac-940e-c0096e0868ba,42.2095972126482,-71.4272786037492,23,8925.77
4bd751f8-b639-4098-a1fc-a01bcb0ba4e9,42.27324737747,-71.410462493328,3,377.67
f2a9a652-ae50-4c62-935c-bcba2dfc6b9b,42.1511988133907,-71.5186735402747,31,7628.96
ac1d4bc6-98b7-4fa7-b20d-2deea94683e3,42.4619220174505,-71.4562317106862,3,211.04
4bd751f8-b639-4098-a1fc-a01bcb0ba4e9,42.2701977056383,-71.4298629122891,22,5737.73
1ba4b168-ece7-49bc-9db3-73ad54e3bbf8,42.3506237477436,-71.4928800757456,80,20912.05
7eb551b3-dcec-4a29-a093-cdf9d4830090,42.2946084913378,-71.408973867236,82,11764.29
9ae8aeb0-d10f-4fe2-afd8-f2dcfac6ab6c,42.3517931909438,-71.5359979293345,58,16279.24
b9968507-53ab-453c-bd4c-59b515649f1d,42.3448704090637,-71.6243807449568,6,1901.59
9f785c31-f3cc-45df-ad8d-08d9418e3073,42.0859674862604,-71.4451756444678,46,14546.67
7eb551b3-dcec-4a29-a093-cdf9d4830090,42.2758746013567,-71.411843831053,0,0
a19fb124-594e-4ddd-b6da-f8ca9171f8db,42.345905,-71.559561,17,4339.54
d1aedfe4-3b3d-448f-844d-ca7fb9a70ab2,42.314678121488,-71.2671936313625,74,16705.88
7eb551b3-dcec-4a29-a093-cdf9d4830090,42.3001351833424,-71.3769214675976,15,4598.85
dc75feae-3e40-4fb9-98b1-32d25959fe8d,42.2760180995475,-71.4107897228473,1,88.12
e2961827-77cf-4cf6-bafb-7d0da257ec97,42.2936174150477,-71.469366489015,0,0
340851f6-b619-4b18-9fc3-a81e3b6acb63,42.3216746641204,-71.2634076931124,12,2317.71
31481715-c247-41ac-940e-c0096e0868ba,42.2649177768778,-71.4206495237738,9,2363.73
4ce23383-aa10-4737-9d8e-d1bb1d06920c,42.3528030426981,-71.5564967129526,12,2582.03
2b823661-7fbc-45bc-aac0-a7fed254ae27,42.2416026736261,-71.4316988844692,35,12956.46
695762db-d0d4-4ddc-a7ae-10275473090c,42.3610870457343,-71.5523956151244,15,2155.72
8983ebd0-b08f-4e96-a8ca-18da9a533641,42.2758746013567,-71.411843831053,53,19874.26
02771dac-1a3f-4a82-a387-5d517b4b4a7f,42.3008862019113,-71.492394595885,6,1856.87
dfc8cf0c-de43-47ea-9ed6-b7d8430eab32,42.2824245561614,-71.4213120294399,52,19991.85
ab5deaba-93a4-4680-9cf5-808df07f2607,42.3006193220984,-71.4925702805859,31,11628.23
4bd751f8-b639-4098-a1fc-a01bcb0ba4e9,42.2788558768544,-71.3984327851792,14,2688.06
2b823661-7fbc-45bc-aac0-a7fed254ae27,42.2770775721716,-71.4157021889509,53,17538.07
1ba4b168-ece7-49bc-9db3-73ad54e3bbf8,42.3512299270171,-71.5365464411108,58,16202.68
fd4c1dc1-3c32-4573-be8a-3a9651c6107f,42.3459580448841,-71.5506749779388,59,20381.55
17f0d8d7-d93f-4756-9ea9-9d76fecab7da,42.299652385691,-71.3925010795892,12,6582.11
636e5ba5-1fdd-459c-82bb-59f2aead5ecf,42.3012308657903,-71.3863883248799,119,19141.45
9f785c31-f3cc-45df-ad8d-08d9418e3073,42.0871329061468,-71.4749132975884,38,11788.19
ac1d4bc6-98b7-4fa7-b20d-2deea94683e3,42.4138340302607,-71.541729810341,63,12286.93
b9968507-53ab-453c-bd4c-59b515649f1d,42.3543278786139,-71.5555740329965,40,13146.7
7eb551b3-dcec-4a29-a093-cdf9d4830090,42.3038379731082,-71.3997873008124,74,9968.04
fd4c1dc1-3c32-4573-be8a-3a9651c6107f,42.3057289305764,-71.5292602198875,49,14775.88
1c130b25-ee37-4058-b9cb-a955999e4e80,42.3020663739482,-71.3843444814887,77,21029.93
420ecf08-6cea-4604-b918-890ae8b88a60,42.2921301300603,-71.3885568909977,11,2233.21
2b823661-7fbc-45bc-aac0-a7fed254ae27,42.2758746013567,-71.411843831053,58,18434.17
dc75feae-3e40-4fb9-98b1-32d25959fe8d,42.2871050111714,-71.4039648416021,5,1458.26
4cebf1c5-54c8-4e64-82fe-a3337ad3146f,42.3023345948657,-71.386820160557,32,8106.16
636e5ba5-1fdd-459c-82bb-59f2aead5ecf,42.301027017893,-71.3598787105011,72,15402.43
4bd751f8-b639-4098-a1fc-a01bcb0ba4e9,42.258514002473,-71.4246983185231,40,9480.97
ac1d4bc6-98b7-4fa7-b20d-2deea94683e3,42.3968087075239,-71.5646171012293,82,15483.35
7ae040a5-6c96-48f1-ad52-551743a1a458,42.2893822067608,-71.3857513002009,1,202.71
055c56fc-9140-4b97-835b-abc9145f2aa4,42.1390819334437,-71.5211747003302,39,6919.39
2b823661-7fbc-45bc-aac0-a7fed254ae27,42.2401408696259,-71.4320730526491,33,12761.71
fb476a4a-c0d7-413f-9c4a-799a1b2d4dd6,42.3036113264329,-71.3319703240377,16,5494.4
4f48eaa9-89c6-49b0-a7ab-ebf904a00c42,42.2780565785203,-71.413040096345,52,9671.9
fb476a4a-c0d7-413f-9c4a-799a1b2d4dd6,42.3021978021978,-71.3388716482444,14,4902.54
018f3677-ec1d-408c-bd2c-782f608a9df4,42.3583511923761,-71.5520120592124,49,7549.29
17f0d8d7-d93f-4756-9ea9-9d76fecab7da,42.3011356473646,-71.3926687176626,13,6747.5
d1aedfe4-3b3d-448f-844d-ca7fb9a70ab2,42.302408355618,-71.2549895796174,60,14267.94
d1aedfe4-3b3d-448f-844d-ca7fb9a70ab2,42.295823532094,-71.2966858623437,45,10636.72
2b823661-7fbc-45bc-aac0-a7fed254ae27,42.2436827268411,-71.4310269910709,36,13194.11
ac1d4bc6-98b7-4fa7-b20d-2deea94683e3,42.4614861584596,-71.4552607509649,6,318.28
d1aedfe4-3b3d-448f-844d-ca7fb9a70ab2,42.3002558827553,-71.27022452773,57,12966.13
31481715-c247-41ac-940e-c0096e0868ba,42.2735062106553,-71.4106757289574,3,463.64
31481715-c247-41ac-940e-c0096e0868ba,42.1832096387869,-71.4446150627503,31,12285.83
7ae040a5-6c96-48f1-ad52-551743a1a458,42.302115994818,-71.3848406901861,20,3535.58
dc75feae-3e40-4fb9-98b1-32d25959fe8d,42.3020261408106,-71.3782652543941,21,5177.03
636e5ba5-1fdd-459c-82bb-59f2aead5ecf,42.2986116885311,-71.3709937853214,89,17291.73
ae46a06e-02d7-4228-8adf-b324f50d6a00,42.2741915150995,-71.4380664490501,14,2922.51
94059766-6fcf-458a-bee2-3d8856a98c17,42.2604586041247,-71.4819406856263,32,10876.42
2b823661-7fbc-45bc-aac0-a7fed254ae27,42.2760999069273,-71.4190214228047,50,17243.19
57c05cab-d8c5-43f8-8d8f-9ecfcba3dbb3,42.2939929243322,-71.4673065523688,37,10436.17
b8c19c65-25bf-4a3b-a108-e0728086b3d2,42.2912450010326,-71.4261628047325,5,2719.59
4bd751f8-b639-4098-a1fc-a01bcb0ba4e9,42.2805121410198,-71.399772548662,15,2902.55
7eb551b3-dcec-4a29-a093-cdf9d4830090,42.2756533190997,-71.4108165449391,1,87.97
ac1d4bc6-98b7-4fa7-b20d-2deea94683e3,42.4358388743304,-71.4746946975407,37,4995.01
16c57625-ade0-4ab0-9451-056179830dfc,42.3908595675742,-71.5641249158457,33,5888.73
018f3677-ec1d-408c-bd2c-782f608a9df4,42.3950786826061,-71.5953283962803,4,513.89
fd4c1dc1-3c32-4573-be8a-3a9651c6107f,42.278749929592,-71.420001770258,3,347.38
7eb551b3-dcec-4a29-a093-cdf9d4830090,42.2821026910605,-71.4210625839867,99,16171.81
7eb551b3-dcec-4a29-a093-cdf9d4830090,42.3043087008184,-71.3985642134287,67,8590.21
6422848d-c373-4a3b-b3be-88feeced52ed,42.2758746013567,-71.411843831053,14,5907.26
387741ec-af5f-4a7b-9b82-820060cdce6f,42.2931493695467,-71.4875290684419,36,9477.54
1ba4b168-ece7-49bc-9db3-73ad54e3bbf8,42.3502321452041,-71.5582012568832,44,13715.92
1ba4b168-ece7-49bc-9db3-73ad54e3bbf8,42.34129100092,-71.5644642153063,27,10327.22
4cebf1c5-54c8-4e64-82fe-a3337ad3146f,42.2787807749975,-71.3984596072709,10,2638.5
4cebf1c5-54c8-4e64-82fe-a3337ad3146f,42.2921824331392,-71.3886494272142,21,5745.5
340851f6-b619-4b18-9fc3-a81e3b6acb63,42.3023413003887,-71.379276447253,80,17894.22
1291f9da-6233-4191-bfff-82c2787d82f2,42.296967494307,-71.4845021953882,17,9863.61
018f3677-ec1d-408c-bd2c-782f608a9df4,42.3949016568006,-71.5945518967242,7,644.68
31481715-c247-41ac-940e-c0096e0868ba,42.2045761170731,-71.4283528285237,24,9490.68
b968a9c3-0fd4-4fc8-9c03-c3ab0fe551a0,42.2385945760366,-71.4326457043079,39,16730.44
a19fb124-594e-4ddd-b6da-f8ca9171f8db,42.3410858119181,-71.5806003857017,25,6997.11
0eda0ce6-27a8-41c6-af53-39f9365143cb,42.2934967156349,-71.4672958235321,1,170.73
2b823661-7fbc-45bc-aac0-a7fed254ae27,42.277966724513,-71.4094325250049,56,18116.14
2b823661-7fbc-45bc-aac0-a7fed254ae27,42.1680725913091,-71.4784632014312,6,2443.26
30a9a51f-025f-476a-a501-9cda88fadee8,42.2791817652692,-71.4184796165514,143,24116.34
ac1d4bc6-98b7-4fa7-b20d-2deea94683e3,42.4352085551744,-71.460204062474,31,3771.51
16c57625-ade0-4ab0-9451-056179830dfc,42.3919203813029,-71.5705045503679,60,7726.21
ae46a06e-02d7-4228-8adf-b324f50d6a00,42.2736161812315,-71.433253224686,12,2518.31
7eb551b3-dcec-4a29-a093-cdf9d4830090,42.2762192652356,-71.410807157207,2,150.86
02771dac-1a3f-4a82-a387-5d517b4b4a7f,42.2986277817862,-71.3968435762431,24,11034.02
35347850-d69a-4842-a5f4-bae7275cd779,42.294988023936,-71.4898438149598,2,575.45
30a9a51f-025f-476a-a501-9cda88fadee8,42.3063230399086,-71.4030609371102,73,13930.57
695762db-d0d4-4ddc-a7ae-10275473090c,42.3637638904908,-71.5542892548018,16,2491.36
7eb551b3-dcec-4a29-a093-cdf9d4830090,42.302323866029,-71.3792925405081,31,5898.26
dfc8cf0c-de43-47ea-9ed6-b7d8430eab32,42.3020690561574,-71.5100153690586,11,7136.62
dfc8cf0c-de43-47ea-9ed6-b7d8430eab32,42.2978110490925,-71.4487630992391,41,16282.18
636e5ba5-1fdd-459c-82bb-59f2aead5ecf,42.2996148347625,-71.3761664257149,92,17731.49
636e5ba5-1fdd-459c-82bb-59f2aead5ecf,42.3013529063078,-71.360682032149,73,15477.73
0eda0ce6-27a8-41c6-af53-39f9365143cb,42.2941605624056,-71.4644660928527,4,444.38
e2961827-77cf-4cf6-bafb-7d0da257ec97,42.2992326199551,-71.3763970957039,22,8391.66
2a01e672-f3f1-4e63-b448-bcb1e805c3d3,42.346049239996,-71.55065486137,4,542.61
b8c19c65-25bf-4a3b-a108-e0728086b3d2,42.3003873110048,-71.4389649891236,9,4299.31
b8c19c65-25bf-4a3b-a108-e0728086b3d2,42.2941323992093,-71.4644057431463,14,6586.58
4cebf1c5-54c8-4e64-82fe-a3337ad3146f,42.2728906436497,-71.3567941699501,105,23743.75
23be88fa-b8dd-4094-bb1d-0092c0557a1c,42.3037950577614,-71.4898827069928,34,9828.88
2b823661-7fbc-45bc-aac0-a7fed254ae27,42.2156093845135,-71.4258033887031,27,9896.92
7eb551b3-dcec-4a29-a093-cdf9d4830090,42.288104134089,-71.4274462418226,96,15301.79
7eb551b3-dcec-4a29-a093-cdf9d4830090,42.2996751844689,-71.3968261418835,63,8023.81
012d6ffc-b612-493c-a374-88234b7fe5f5,42.2956102964646,-71.4927191431951,20,9860.68
5241a39d-5323-49ab-a402-b50a155e8369,42.2759108111805,-71.4108380026125,12,1485.97
dc75feae-3e40-4fb9-98b1-32d25959fe8d,42.3023292304474,-71.3799456584421,25,5322.06
09aed2cc-296b-477d-bca2-e055ce0c98b0,42.2942758974001,-71.4644969382582,15,7131.38
4cebf1c5-54c8-4e64-82fe-a3337ad3146f,42.2804745900914,-71.39953517315,11,2846.45
ae46a06e-02d7-4228-8adf-b324f50d6a00,42.2448561933551,-71.4772199974787,30,7987.27
012d6ffc-b612-493c-a374-88234b7fe5f5,42.2938199218404,-71.4317672808032,45,17619.1
4bd751f8-b639-4098-a1fc-a01bcb0ba4e9,42.2426715339822,-71.4312885064655,45,11394.81
e6097e76-5b3e-4d62-a4a9-945e230f237b,42.297711807353,-71.4491023986997,32,4661.1
4f48eaa9-89c6-49b0-a7ab-ebf904a00c42,42.2968105850703,-71.4834990491568,8,1010.06
31481715-c247-41ac-940e-c0096e0868ba,42.2416026736261,-71.4316988844692,14,5169.91
9f785c31-f3cc-45df-ad8d-08d9418e3073,42.1493293135958,-71.486609070695,2,184.81
ac1d4bc6-98b7-4fa7-b20d-2deea94683e3,42.441879209392,-71.4524390669131,20,2536.39
4cebf1c5-54c8-4e64-82fe-a3337ad3146f,42.2832989563524,-71.3362752697632,80,19200.39
636e5ba5-1fdd-459c-82bb-59f2aead5ecf,42.3022742451593,-71.3611085034078,74,15585.94
3eae3196-8fdf-4760-8a66-21b48a13f1dc,42.3035000147522,-71.4338634272732,158,24461.37
4f48eaa9-89c6-49b0-a7ab-ebf904a00c42,42.2935919340606,-71.4673548321339,17,2597.73
afc65aea-c4e8-4c68-ab68-956699da953a,42.1869432739582,-71.4399895930284,41,12074.17
fb476a4a-c0d7-413f-9c4a-799a1b2d4dd6,42.3264154688368,-71.2549117955513,65,17317.91
4bd751f8-b639-4098-a1fc-a01bcb0ba4e9,42.2798053789023,-71.4031118990846,16,3188.1
d1aedfe4-3b3d-448f-844d-ca7fb9a70ab2,42.2996443390634,-71.3598062908534,27,4547.55
ac1d4bc6-98b7-4fa7-b20d-2deea94683e3,42.4329729338272,-71.4813841272226,41,5657.6
23be88fa-b8dd-4094-bb1d-0092c0557a1c,42.3069707934243,-71.4844700088781,32,9254.68
340851f6-b619-4b18-9fc3-a81e3b6acb63,42.3001418888653,-71.2764110431916,51,8001.86
7eb551b3-dcec-4a29-a093-cdf9d4830090,42.2808514404804,-71.4197348904452,100,16348.58
7eb551b3-dcec-4a29-a093-cdf9d4830090,42.2777856753937,-71.4093829041352,3,360.64
fb476a4a-c0d7-413f-9c4a-799a1b2d4dd6,42.2997288286524,-71.2687184672784,39,11578.05
b9968507-53ab-453c-bd4c-59b515649f1d,42.3537444981184,-71.5548820230294,37,12813.49
9ffea29d-1305-44de-bab8-8ccc2cbd144b,42.302408355618,-71.3851330509861,36,5418.76
31481715-c247-41ac-940e-c0096e0868ba,42.2156093845135,-71.4258033887031,20,8196.65
7eb551b3-dcec-4a29-a093-cdf9d4830090,42.3037065448586,-71.3975959359166,66,8486.24
2b823661-7fbc-45bc-aac0-a7fed254ae27,42.2524039299729,-71.4296402889276,37,14169.9
ac1d4bc6-98b7-4fa7-b20d-2deea94683e3,42.4434563483868,-71.4532933505352,18,2346.84
018f3677-ec1d-408c-bd2c-782f608a9df4,42.3935122724481,-71.5763826117744,19,2301.91
4f48eaa9-89c6-49b0-a7ab-ebf904a00c42,42.2934631880202,-71.461884466522,26,3664.13
13f5cf06-04ba-4086-a80d-8a89787b833a,42.2780981527625,-71.3721149487564,89,17620.76
1ba4b168-ece7-49bc-9db3-73ad54e3bbf8,42.3282554643306,-71.6275095419591,11,4139.56
837fca5f-265a-4a4c-9c28-0c273254ae78,42.3424000944138,-71.5673301558095,4,2086.79
d1aedfe4-3b3d-448f-844d-ca7fb9a70ab2,42.2997154176066,-71.3588929986294,13,3255.39
2b823661-7fbc-45bc-aac0-a7fed254ae27,42.1631346442184,-71.4819245923712,5,1824.91
2b823661-7fbc-45bc-aac0-a7fed254ae27,42.2748714551253,-71.4173611353255,48,17040.29
522e28ee-243c-4b26-8151-2475fa5a5d2e,42.3491632848479,-71.50511899621,1,123.24
340851f6-b619-4b18-9fc3-a81e3b6acb63,42.325052906576,-71.2606101489431,9,1870.52
31481715-c247-41ac-940e-c0096e0868ba,42.2264428273703,-71.4317015666784,18,6889.83
7eb551b3-dcec-4a29-a093-cdf9d4830090,42.2787968682526,-71.4095666354636,4,474.01
afc65aea-c4e8-4c68-ab68-956699da953a,42.1713650030711,-71.4728694541972,51,15402.62
ac1d4bc6-98b7-4fa7-b20d-2deea94683e3,42.4367588720774,-71.5097739702328,51,8080.73
23be88fa-b8dd-4094-bb1d-0092c0557a1c,42.277752147779,-71.409311825592,3,325.7
636e5ba5-1fdd-459c-82bb-59f2aead5ecf,42.3023064316694,-71.3796264755503,97,18172.82
7eb551b3-dcec-4a29-a093-cdf9d4830090,42.2890026741626,-71.4094338661095,84,12388.54
8983ebd0-b08f-4e96-a8ca-18da9a533641,42.2628162659893,-71.4209485900968,39,16885.61
420ecf08-6cea-4604-b918-890ae8b88a60,42.2943670925121,-71.3828585376059,10,1702.95
6422848d-c373-4a3b-b3be-88feeced52ed,42.2815219927741,-71.3931488331049,9,4127.08
387741ec-af5f-4a7b-9b82-820060cdce6f,42.296077000861,-71.4872058622364,32,9111.12
16c57625-ade0-4ab0-9451-056179830dfc,42.3931220110132,-71.574128214963,63,8053.49
0eda0ce6-27a8-41c6-af53-39f9365143cb,42.2987565278266,-71.378408752585,42,9749.36
ab5deaba-93a4-4680-9cf5-808df07f2607,42.2948753711507,-71.4904352420828,27,10460.82
13f5cf06-04ba-4086-a80d-8a89787b833a,42.2778554128322,-71.3573118363209,82,16159.63
4bd751f8-b639-4098-a1fc-a01bcb0ba4e9,42.27655464,-71.41777396,17,4446.52
695762db-d0d4-4ddc-a7ae-10275473090c,42.3656052270892,-71.5579598580575,17,2855.62
b8c19c65-25bf-4a3b-a108-e0728086b3d2,42.2937582310294,-71.4671804885376,15,6818.41
2b823661-7fbc-45bc-aac0-a7fed254ae27,42.1756431267049,-71.4641656854251,9,3915.68
23be88fa-b8dd-4094-bb1d-0092c0557a1c,42.3148524650843,-71.5192984950124,47,13684.18
2b823661-7fbc-45bc-aac0-a7fed254ae27,42.1782113419897,-71.4583037172737,10,4476.45
23be88fa-b8dd-4094-bb1d-0092c0557a1c,42.2758746013567,-71.411843831053,0,0
fb476a4a-c0d7-413f-9c4a-799a1b2d4dd6,42.3023050905648,-71.3093365019164,20,7519.66
9ae8aeb0-d10f-4fe2-afd8-f2dcfac6ab6c,42.3495575695966,-71.5191724311812,68,18348.53
ac1d4bc6-98b7-4fa7-b20d-2deea94683e3,42.436445053604,-71.4733656628946,36,4866.88
7eb551b3-dcec-4a29-a093-cdf9d4830090,42.3020033420326,-71.384310953874,38,6318.49
62d689e9-a952-482a-b6c2-5a5fa078d2af,42.2931493695467,-71.4704286438482,20,2890.16
31481715-c247-41ac-940e-c0096e0868ba,42.2711941463467,-71.419218565179,7,1656.44
ab5deaba-93a4-4680-9cf5-808df07f2607,42.3454926815923,-71.5504080981259,67,23185.41
8983ebd0-b08f-4e96-a8ca-18da9a533641,42.2112534768136,-71.425150270769,25,10250.14
004980e6-9f4c-4b6d-ba69-2c51b2ea17f2,42.1598771011756,-71.4847100665992,30,17059.75
4cebf1c5-54c8-4e64-82fe-a3337ad3146f,42.2781571613644,-71.3763139472195,124,26644.27
57c05cab-d8c5-43f8-8d8f-9ecfcba3dbb3,42.2939325746258,-71.4671415965046,38,10451.3
31481715-c247-41ac-940e-c0096e0868ba,42.1889884584539,-71.4391661548118,29,11474.35
d1aedfe4-3b3d-448f-844d-ca7fb9a70ab2,42.3166468630223,-71.2685722868784,75,16952.24
57c05cab-d8c5-43f8-8d8f-9ecfcba3dbb3,42.2927215571834,-71.4362264535562,44,13970.12
dc75feae-3e40-4fb9-98b1-32d25959fe8d,42.2997435808029,-71.3765888736599,16,4519.87
004980e6-9f4c-4b6d-ba69-2c51b2ea17f2,42.1802685964268,-71.4486209421528,26,13171.18
b8c19c65-25bf-4a3b-a108-e0728086b3d2,42.2982361792467,-71.4495235055401,11,5199.99
7eb551b3-dcec-4a29-a093-cdf9d4830090,42.3012161136398,-71.3974430499937,64,8202.39
d1aedfe4-3b3d-448f-844d-ca7fb9a70ab2,42.2965732095583,-71.2928637142696,46,10961.73
23be88fa-b8dd-4094-bb1d-0092c0557a1c,42.3198105287439,-71.5270608083642,50,14530.68
31481715-c247-41ac-940e-c0096e0868ba,42.2764794395256,-71.4104517644913,1,132.73
16c57625-ade0-4ab0-9451-056179830dfc,42.3588165556679,-71.5520174236308,11,1892.71
31481715-c247-41ac-940e-c0096e0868ba,42.2742988034665,-71.4142537959965,4,770.74
31481715-c247-41ac-940e-c0096e0868ba,42.1541787477838,-71.4886703484458,42,17359.88
57c05cab-d8c5-43f8-8d8f-9ecfcba3dbb3,42.287444310632,-71.4258208230627,48,15242.38
9ffea29d-1305-44de-bab8-8ccc2cbd144b,42.2908547395977,-71.3953790900337,8,2587.01
d1aedfe4-3b3d-448f-844d-ca7fb9a70ab2,42.3038889350825,-71.2545121463842,61,14437.08
b9968507-53ab-453c-bd4c-59b515649f1d,42.3486979215561,-71.5067725781663,67,19232.74
31481715-c247-41ac-940e-c0096e0868ba,42.2634653606096,-71.4207380366765,10,2525.29
1c130b25-ee37-4058-b9cb-a955999e4e80,42.2721731526955,-71.4096202796471,3,467.39
23be88fa-b8dd-4094-bb1d-0092c0557a1c,42.2981087743109,-71.496554702315,37,10693.95
31481715-c247-41ac-940e-c0096e0868ba,42.2014057458285,-71.4294257121936,25,9853.87
4cebf1c5-54c8-4e64-82fe-a3337ad3146f,42.2837871184222,-71.3390473329453,79,18966.13
ae46a06e-02d7-4228-8adf-b324f50d6a00,42.2072556440387,-71.5460012284518,42,16842.29
dfc8cf0c-de43-47ea-9ed6-b7d8430eab32,42.2927912946219,-71.4879756562695,17,9602.25
4cebf1c5-54c8-4e64-82fe-a3337ad3146f,42.2744007274151,-71.3542688700121,111,24249.03
1ba4b168-ece7-49bc-9db3-73ad54e3bbf8,42.3391224348022,-71.5889326685031,24,8243.57
23be88fa-b8dd-4094-bb1d-0092c0557a1c,42.3226241661682,-71.5306402165079,52,14987.79
7eb551b3-dcec-4a29-a093-cdf9d4830090,42.2984038173201,-71.4064512495071,79,11212.26
ac1d4bc6-98b7-4fa7-b20d-2deea94683e3,42.4015669465999,-71.5614078379516,77,14765.68
13f5cf06-04ba-4086-a80d-8a89787b833a,42.301855820528,-71.3596654748717,48,10399.14
b9968507-53ab-453c-bd4c-59b515649f1d,42.3537941189882,-71.5549638304093,41,13224.34
afc65aea-c4e8-4c68-ab68-956699da953a,42.2436827268411,-71.4310269910709,22,5240.06
afc65aea-c4e8-4c68-ab68-956699da953a,42.2045761170731,-71.4283528285237,35,9831.28
9ffea29d-1305-44de-bab8-8ccc2cbd144b,42.3010632277169,-71.3880338602086,43,5733.48
7eb551b3-dcec-4a29-a093-cdf9d4830090,42.3017297566968,-71.3778280542986,18,5164.42
012d6ffc-b612-493c-a374-88234b7fe5f5,42.2933880861633,-71.4599760746942,39,14408.39
62d689e9-a952-482a-b6c2-5a5fa078d2af,42.2996497034818,-71.4332720001502,43,6742.73
62d689e9-a952-482a-b6c2-5a5fa078d2af,42.2962017235876,-71.4455659059027,32,5335.5
ac1d4bc6-98b7-4fa7-b20d-2deea94683e3,42.4344387611412,-71.5246092691785,54,9340.07
16c57625-ade0-4ab0-9451-056179830dfc,42.3654054025057,-71.5573496554702,14,2796.9
837fca5f-265a-4a4c-9c28-0c273254ae78,42.3453692999702,-71.5502605766213,28,6626.1
b8c19c65-25bf-4a3b-a108-e0728086b3d2,42.2933854039541,-71.4604964232741,13,6254.7
fb476a4a-c0d7-413f-9c4a-799a1b2d4dd6,42.3112234360709,-71.263808683384,54,14761.9
ebb5d4b8-b5de-42e7-8df5-be5d2199a7bd,42.2196568381582,-71.5178581486856,31,9386.15
fb476a4a-c0d7-413f-9c4a-799a1b2d4dd6,42.3279134826608,-71.2525273115949,66,17574.97
ac1d4bc6-98b7-4fa7-b20d-2deea94683e3,42.399980419873,-71.5650328436514,80,15128.23
2b2c7804-d94b-4a51-8e79-454d4cd759d1,42.2738361223838,-71.4156525680812,12,4200.84
2b823661-7fbc-45bc-aac0-a7fed254ae27,42.2572667752067,-71.4258704439324,41,14905.86
1c130b25-ee37-4058-b9cb-a955999e4e80,42.29726656063,-71.3775276468711,92,23215.04
57c05cab-d8c5-43f8-8d8f-9ecfcba3dbb3,42.3106548077258,-71.5176717351479,24,5418.76
b8c19c65-25bf-4a3b-a108-e0728086b3d2,42.2980095325714,-71.4329112430162,7,3672.6
7eb551b3-dcec-4a29-a093-cdf9d4830090,42.2873437277879,-71.4256612316168,97,15471.11
d47c2a5a-3fe8-4a30-830f-690bbe96c7b4,42.3014669001977,-71.3863507739515,0,0
b968a9c3-0fd4-4fc8-9c03-c3ab0fe551a0,42.2699241203024,-71.4206709814472,45,20610.62
1ba4b168-ece7-49bc-9db3-73ad54e3bbf8,42.3359319469888,-71.6000450611141,18,6747.56
0eda0ce6-27a8-41c6-af53-39f9365143cb,42.299024748744,-71.3788030373337,41,9705.33
7eb551b3-dcec-4a29-a093-cdf9d4830090,42.2972102342373,-71.3782759832308,13,4234.1
2b823661-7fbc-45bc-aac0-a7fed254ae27,42.2113151676247,-71.4253138855287,25,9417.98
31481715-c247-41ac-940e-c0096e0868ba,42.2113151676247,-71.4253138855287,22,8675.59
4f48eaa9-89c6-49b0-a7ab-ebf904a00c42,42.2937877353303,-71.4315419752325,42,7097.67
94059766-6fcf-458a-bee2-3d8856a98c17,42.2530194969785,-71.4695783835398,36,12274.31
b9968507-53ab-453c-bd4c-59b515649f1d,42.3289340632519,-71.6202528250368,13,4752.53
dc75feae-3e40-4fb9-98b1-32d25959fe8d,42.2776850925496,-71.4095384722673,3,305.22
31481715-c247-41ac-940e-c0096e0868ba,42.2690470379023,-71.419709409458,8,1898.42
31481715-c247-41ac-940e-c0096e0868ba,42.238960697589,-71.4329058785978,15,5479.82
e2961827-77cf-4cf6-bafb-7d0da257ec97,42.2989496468872,-71.3735928460117,23,8624.27
f2e38f84-2a97-4d6c-9d9a-182cd2927222,42.3001271367149,-71.4360480866461,24,3740.04
e6097e76-5b3e-4d62-a4a9-945e230f237b,42.297695714098,-71.4385854565254,22,3428.18
f52e15dd-a155-445b-a257-949f7b6efeba,42.2984856246999,-71.4464510349304,23,5691.55
ac1d4bc6-98b7-4fa7-b20d-2deea94683e3,42.4369654021839,-71.4532249542013,25,3115.5
f52e15dd-a155-445b-a257-949f7b6efeba,42.2960072634224,-71.4536380144142,25,6343.85
b968a9c3-0fd4-4fc8-9c03-c3ab0fe551a0,42.1505175322603,-71.4866305283684,14,3983.64
d1aedfe4-3b3d-448f-844d-ca7fb9a70ab2,42.2993184506487,-71.3602005756021,28,4596.15
b968a9c3-0fd4-4fc8-9c03-c3ab0fe551a0,42.180556933913,-71.4474407701159,24,9499.17
9f785c31-f3cc-45df-ad8d-08d9418e3073,42.0892183237802,-71.4990920721944,32,9707.29
fd4c1dc1-3c32-4573-be8a-3a9651c6107f,42.3417067433421,-71.560184750568,63,21442.59
2b823661-7fbc-45bc-aac0-a7fed254ae27,42.2700689595979,-71.4199789714801,45,16456.26
31481715-c247-41ac-940e-c0096e0868ba,42.2310991424977,-71.4312093812948,17,6370.84
d1aedfe4-3b3d-448f-844d-ca7fb9a70ab2,42.319397468531,-71.2645905473584,76,17399.96
e6097e76-5b3e-4d62-a4a9-945e230f237b,42.2960568842922,-71.4703991395473,53,7566.41
d1aedfe4-3b3d-448f-844d-ca7fb9a70ab2,42.2993881880872,-71.3592068171028,14,3299.97
0eda0ce6-27a8-41c6-af53-39f9365143cb,42.300620663203,-71.3502348274132,52,12145.65
ac1d4bc6-98b7-4fa7-b20d-2deea94683e3,42.4345084985798,-71.4934460218815,49,6714.67
23be88fa-b8dd-4094-bb1d-0092c0557a1c,42.3000050961974,-71.4516759784028,24,6217.67
31481715-c247-41ac-940e-c0096e0868ba,42.2546140703329,-71.4280738787695,11,3679.14
474b7e9c-16d3-4964-ba1e-1c40e6d6be04,42.3468270806567,-71.5477272300558,2,320.48
9f785c31-f3cc-45df-ad8d-08d9418e3073,42.088370745681,-71.4405313992817,47,15013.57
ab5deaba-93a4-4680-9cf5-808df07f2607,42.2776783870267,-71.4195216548158,1,176.65
4ce23383-aa10-4737-9d8e-d1bb1d06920c,42.3359775445448,-71.5995233714296,43,9737.79
23be88fa-b8dd-4094-bb1d-0092c0557a1c,42.3211341989716,-71.5300139206656,51,14814.41
e6097e76-5b3e-4d62-a4a9-945e230f237b,42.3464730290457,-71.5533370705448,109,20435.49
fd4c1dc1-3c32-4573-be8a-3a9651c6107f,42.3123164363096,-71.5319236535981,50,15539.9
a19fb124-594e-4ddd-b6da-f8ca9171f8db,42.3292720216079,-71.6287862735263,45,11834.01
7eb551b3-dcec-4a29-a093-cdf9d4830090,42.3074482266574,-71.4005959868786,69,8977.51
7eb551b3-dcec-4a29-a093-cdf9d4830090,42.2998057,-71.39492154,62,7866.6
16c57625-ade0-4ab0-9451-056179830dfc,42.3914134437688,-71.5642523207815,34,5951.16
fd4c1dc1-3c32-4573-be8a-3a9651c6107f,42.2776166962157,-71.4201130819388,2,221.12
b33a3d09-539e-4afa-a893-a3de7cac00ed,42.2777829931845,-71.4094834869792,3,324.45
dc75feae-3e40-4fb9-98b1-32d25959fe8d,42.3019148291299,-71.3873257569865,42,5982.71
9ffea29d-1305-44de-bab8-8ccc2cbd144b,42.3023158194015,-71.3792040276053,22,4895.17
e6097e76-5b3e-4d62-a4a9-945e230f237b,42.3450648692289,-71.5452300933141,103,19373.62
1c130b25-ee37-4058-b9cb-a955999e4e80,42.272948311147,-71.3566453073409,32,7985.17
7eb551b3-dcec-4a29-a093-cdf9d4830090,42.2797222304179,-71.4188376914762,101,16494.13
b8c19c65-25bf-4a3b-a108-e0728086b3d2,42.29380516969,-71.4587945615527,12,6107.24
4cebf1c5-54c8-4e64-82fe-a3337ad3146f,42.2994203745973,-71.3767256663278,48,10237.37
004980e6-9f4c-4b6d-ba69-2c51b2ea17f2,42.1925611610747,-71.4365617297031,24,11444.55
4ce23383-aa10-4737-9d8e-d1bb1d06920c,42.3410858119181,-71.5806003857017,29,7585.06
4cebf1c5-54c8-4e64-82fe-a3337ad3146f,42.2805322575886,-71.3470792083191,93,22114.18
1c130b25-ee37-4058-b9cb-a955999e4e80,42.2851309052188,-71.3408725762887,56,12489.03
fd4c1dc1-3c32-4573-be8a-3a9651c6107f,42.3459285405832,-71.5593908166522,67,22192.07
4cebf1c5-54c8-4e64-82fe-a3337ad3146f,42.2928476210146,-71.3574379001521,71,16794.21
afc65aea-c4e8-4c68-ab68-956699da953a,42.1979054628554,-71.4311678070526,37,10611.66
b968a9c3-0fd4-4fc8-9c03-c3ab0fe551a0,42.2703291338878,-71.419225270702,43,20483.1
13f5cf06-04ba-4086-a80d-8a89787b833a,42.3017968119262,-71.3609033144059,46,10138.82
018f3677-ec1d-408c-bd2c-782f608a9df4,42.3920719261212,-71.5708478731422,21,2786.53
23be88fa-b8dd-4094-bb1d-0092c0557a1c,42.307995397329,-71.4750299736875,30,8431.94
ac1d4bc6-98b7-4fa7-b20d-2deea94683e3,42.4574695502203,-71.4543581875776,10,783.12
7eb551b3-dcec-4a29-a093-cdf9d4830090,42.302967596231,-71.3972029922726,65,8398.01
4f48eaa9-89c6-49b0-a7ab-ebf904a00c42,42.2818009425283,-71.4204443347719,48,8734.99
ebb5d4b8-b5de-42e7-8df5-be5d2199a7bd,42.2184458207158,-71.5171218822671,30,9238.57
4cebf1c5-54c8-4e64-82fe-a3337ad3146f,42.2826672960917,-71.3771548197958,128,27308.14
b968a9c3-0fd4-4fc8-9c03-c3ab0fe551a0,42.2700689595979,-71.4199789714801,44,20551.49
31481715-c247-41ac-940e-c0096e0868ba,42.1856196037304,-71.440774139212,30,11871.42
8983ebd0-b08f-4e96-a8ca-18da9a533641,42.2700689595979,-71.4199789714801,41,17776.59
7ae040a5-6c96-48f1-ad52-551743a1a458,42.2994431733753,-71.3766331301113,6,1922.48
e6097e76-5b3e-4d62-a4a9-945e230f237b,42.3433992173314,-71.5429663087706,102,19111.27
837fca5f-265a-4a4c-9c28-0c273254ae78,42.3531195433807,-71.5355406126702,39,8594.81
4f48eaa9-89c6-49b0-a7ab-ebf904a00c42,42.2969500599474,-71.4855643502214,7,839.6
7eb551b3-dcec-4a29-a093-cdf9d4830090,42.2766309843439,-71.4168018947126,108,17456.85
ac1d4bc6-98b7-4fa7-b20d-2deea94683e3,42.4064472261934,-71.5470647243896,69,13367.71
1ba4b168-ece7-49bc-9db3-73ad54e3bbf8,42.3381380640351,-71.5893551164481,22,8034.97
837fca5f-265a-4a4c-9c28-0c273254ae78,42.3397460484353,-71.5916001255274,0,0
23be88fa-b8dd-4094-bb1d-0092c0557a1c,42.304027068855,-71.4567373071156,26,6828.55
02771dac-1a3f-4a82-a387-5d517b4b4a7f,42.2964069125895,-71.4835151424119,9,3196.07
747d8707-5db7-4c6b-b0f3-86a0d2509306,42.2770842776945,-71.4175287733989,0,0
d89454d2-59b8-475d-8724-4381e121ba00,42.2828081120734,-71.5256271675603,56,14312.87
ac1d4bc6-98b7-4fa7-b20d-2deea94683e3,42.4525061221424,-71.4545204612327,13,1335.86
837fca5f-265a-4a4c-9c28-0c273254ae78,42.3527601273513,-71.556355896971,14,4660.29
d1aedfe4-3b3d-448f-844d-ca7fb9a70ab2,42.2977547226998,-71.2895967834948,47,11260.62
57c05cab-d8c5-43f8-8d8f-9ecfcba3dbb3,42.3209102345056,-71.5293084996526,19,3866.05
d47c2a5a-3fe8-4a30-830f-690bbe96c7b4,42.2931735094293,-71.4876309923906,21,9519.31
fe1b79da-593f-487c-844c-daf273066f25,42.3472186831962,-71.5433163370679,19,5643.67
747d8707-5db7-4c6b-b0f3-86a0d2509306,42.2800427544142,-71.4191072534983,5,508.06
57c05cab-d8c5-43f8-8d8f-9ecfcba3dbb3,42.3044736566826,-71.5153221199108,27,6143.94
2b823661-7fbc-45bc-aac0-a7fed254ae27,42.238960697589,-71.4329058785978,32,12613.75
d1aedfe4-3b3d-448f-844d-ca7fb9a70ab2,42.304488408833,-71.2534634025969,62,14546.01
340851f6-b619-4b18-9fc3-a81e3b6acb63,42.3036113264329,-71.3319703240377,69,13440.26
f52e15dd-a155-445b-a257-949f7b6efeba,42.2781316803772,-71.4201197874618,10,1485.37
f9a10342-e44e-4a6b-8ec9-2ce051d39cf6,42.2942758974001,-71.4644969382582,17,7168.34
e2961827-77cf-4cf6-bafb-7d0da257ec97,42.2928449388054,-71.4619662739018,7,729.03
2b823661-7fbc-45bc-aac0-a7fed254ae27,42.2690470379023,-71.419709409458,44,16340.56
7eb551b3-dcec-4a29-a093-cdf9d4830090,42.2899682694655,-71.4288342850706,95,15065.3
35347850-d69a-4842-a5f4-bae7275cd779,42.3011356473646,-71.3926687176626,25,11226.65
ac1d4bc6-98b7-4fa7-b20d-2deea94683e3,42.4096216207517,-71.5416587317979,66,12763.38
e6097e76-5b3e-4d62-a4a9-945e230f237b,42.3167514691801,-71.5306482631354,94,15812.94
6422848d-c373-4a3b-b3be-88feeced52ed,42.2821013499559,-71.3596265828387,3,1208.8
636e5ba5-1fdd-459c-82bb-59f2aead5ecf,42.302200484407,-71.3869918219442,108,18821.93
ac1d4bc6-98b7-4fa7-b20d-2deea94683e3,42.4375112317509,-71.4523813994158,23,3022.19
e6097e76-5b3e-4d62-a4a9-945e230f237b,42.2949612018443,-71.4884571128164,61,9204.25
d89454d2-59b8-475d-8724-4381e121ba00,42.2678199272048,-71.5226177288662,71,16298.84
7eb551b3-dcec-4a29-a093-cdf9d4830090,42.3072993640482,-71.4005249083355,70,8995.05
e6097e76-5b3e-4d62-a4a9-945e230f237b,42.2970922170336,-71.4848307660121,57,8775.1
a19fb124-594e-4ddd-b6da-f8ca9171f8db,42.334783961462,-71.6065976981281,40,9745.88
8983ebd0-b08f-4e96-a8ca-18da9a533641,42.2697900098437,-71.420691098016,42,17842.84
ae46a06e-02d7-4228-8adf-b324f50d6a00,42.2113191909384,-71.5504000514984,35,15176.01
8983ebd0-b08f-4e96-a8ca-18da9a533641,42.1808318603535,-71.444495704442,14,6361.87
2a01e672-f3f1-4e63-b448-bcb1e805c3d3,42.3477926759596,-71.5553272697524,7,1053.45
d1aedfe4-3b3d-448f-844d-ca7fb9a70ab2,42.2994109868652,-71.3609100199288,29,4655.36
7eb551b3-dcec-4a29-a093-cdf9d4830090,42.3021079481904,-71.3806832659652,33,6017.53
7eb551b3-dcec-4a29-a093-cdf9d4830090,42.278902815515,-71.417967314599,102,16609.94
dc75feae-3e40-4fb9-98b1-32d25959fe8d,42.3010632277169,-71.3880338602086,44,6099.1
e6097e76-5b3e-4d62-a4a9-945e230f237b,42.308830905487,-71.5307153183648,91,14908.89
0eda0ce6-27a8-41c6-af53-39f9365143cb,42.3022380353354,-71.3787373232089,37,9200.54
9ae8aeb0-d10f-4fe2-afd8-f2dcfac6ab6c,42.3490613608993,-71.5057278576927,73,19546.57
fe1b79da-593f-487c-844c-daf273066f25,42.3522706241769,-71.5303170103024,10,3832.02
fb476a4a-c0d7-413f-9c4a-799a1b2d4dd6,42.3024003089905,-71.3855796388137,4,367.29
e2961827-77cf-4cf6-bafb-7d0da257ec97,42.2993117451258,-71.377089105671,21,8334.11
837fca5f-265a-4a4c-9c28-0c273254ae78,42.349218270136,-71.5257076338355,45,9830.59
afc65aea-c4e8-4c68-ab68-956699da953a,42.1631346442184,-71.4819245923712,53,16609.26
636e5ba5-1fdd-459c-82bb-59f2aead5ecf,42.3288951712188,-71.2510158867249,5,945.7
57c05cab-d8c5-43f8-8d8f-9ecfcba3dbb3,42.283914523358,-71.4232043280127,49,15689.72
9ae8aeb0-d10f-4fe2-afd8-f2dcfac6ab6c,42.3503340691527,-71.6238416209126,5,1292.86
9ffea29d-1305-44de-bab8-8ccc2cbd144b,42.2986639916101,-71.3770113216049,15,4394.98
dc75feae-3e40-4fb9-98b1-32d25959fe8d,42.3023560525391,-71.3863936892983,39,5888.28
387741ec-af5f-4a7b-9b82-820060cdce6f,42.2918310637373,-71.4894361191652,38,9699.19
9ae8aeb0-d10f-4fe2-afd8-f2dcfac6ab6c,42.3465146032879,-71.5539901884788,46,14255.6
9f785c31-f3cc-45df-ad8d-08d9418e3073,42.1430502619177,-71.5164674232285,16,3193.94
b968a9c3-0fd4-4fc8-9c03-c3ab0fe551a0,42.1507790476548,-71.4877087764566,13,3890.18
d1aedfe4-3b3d-448f-844d-ca7fb9a70ab2,42.2995048641863,-71.3597124135323,15,3343.5
fb476a4a-c0d7-413f-9c4a-799a1b2d4dd6,42.3010431111481,-71.388032519104,6,639.11
2a01e672-f3f1-4e63-b448-bcb1e805c3d3,42.3395408594335,-71.586713140411,30,8070.33
9ffea29d-1305-44de-bab8-8ccc2cbd144b,42.302246081963,-71.3847454717604,33,5371.51
ebb5d4b8-b5de-42e7-8df5-be5d2199a7bd,42.2121171481679,-71.5142438718226,29,8496.51
ae46a06e-02d7-4228-8adf-b324f50d6a00,42.258322224517,-71.4567614469982,25,5390.04
9ae8aeb0-d10f-4fe2-afd8-f2dcfac6ab6c,42.3506237477436,-71.4928800757456,79,20911.5
387741ec-af5f-4a7b-9b82-820060cdce6f,42.2931319351871,-71.4604977643786,21,6707.53
ab5deaba-93a4-4680-9cf5-808df07f2607,42.3454095331078,-71.5590850448063,75,24975.04
fe1b79da-593f-487c-844c-daf273066f25,42.3502710372371,-71.5278306023974,9,3530.25
e6097e76-5b3e-4d62-a4a9-945e230f237b,42.2776783870267,-71.4195216548158,1,176.65
e2961827-77cf-4cf6-bafb-7d0da257ec97,42.3002612471736,-71.437059279505,11,2959.51
13f5cf06-04ba-4086-a80d-8a89787b833a,42.299115943856,-71.3832072247986,28,4568.13
d1aedfe4-3b3d-448f-844d-ca7fb9a70ab2,42.323258508638,-71.2629932917949,77,17848.62
636e5ba5-1fdd-459c-82bb-59f2aead5ecf,42.3267896370166,-71.2539689990264,6,1282.74
ac1d4bc6-98b7-4fa7-b20d-2deea94683e3,42.434319402833,-71.5262038425329,55,9471.52
1ba4b168-ece7-49bc-9db3-73ad54e3bbf8,42.3475392071926,-71.5113256282404,71,19044.48
23be88fa-b8dd-4094-bb1d-0092c0557a1c,42.326196868789,-71.5347574075912,53,15509.35
9ae8aeb0-d10f-4fe2-afd8-f2dcfac6ab6c,42.3502442151454,-71.5274980084597,65,17618.72
387741ec-af5f-4a7b-9b82-820060cdce6f,42.2952951368866,-71.4695086461013,25,7521.06
747d8707-5db7-4c6b-b0f3-86a0d2509306,42.298303234476,-71.440735247179,11,3674.89
7eb551b3-dcec-4a29-a093-cdf9d4830090,42.2848372033141,-71.4214877141409,92,13961.75
d47c2a5a-3fe8-4a30-830f-690bbe96c7b4,42.2998057,-71.39492154,6,1031.18
f2e38f84-2a97-4d6c-9d9a-182cd2927222,42.2931493695467,-71.4704286438482,2,121.72
d1aedfe4-3b3d-448f-844d-ca7fb9a70ab2,42.2975602625346,-71.2867134086319,48,11498.59
837fca5f-265a-4a4c-9c28-0c273254ae78,42.3537444981184,-71.5548820230294,15,4823.43
ac1d4bc6-98b7-4fa7-b20d-2deea94683e3,42.3917259211377,-71.5643850901356,85,16049.74
62d689e9-a952-482a-b6c2-5a5fa078d2af,42.2979867337934,-71.4495865374557,30,4822.9
57c05cab-d8c5-43f8-8d8f-9ecfcba3dbb3,42.3469155935595,-71.547147872874,3,362.21
fe1b79da-593f-487c-844c-daf273066f25,42.3474801985908,-71.5108093029743,5,2040.54
474b7e9c-16d3-4964-ba1e-1c40e6d6be04,42.3512299270171,-71.5365464411108,7,1519.65
02771dac-1a3f-4a82-a387-5d517b4b4a7f,42.2987846910229,-71.3906436497357,26,11544.11
09aed2cc-296b-477d-bca2-e055ce0c98b0,42.2984467326669,-71.4041713717086,9,1915.4
d1aedfe4-3b3d-448f-844d-ca7fb9a70ab2,42.3052997771084,-71.2533199044061,63,14636.94
ac1d4bc6-98b7-4fa7-b20d-2deea94683e3,42.4328710098786,-71.4799974250792,39,5540.81
1c130b25-ee37-4058-b9cb-a955999e4e80,42.2735907002443,-71.3568732951208,33,8058.97
f52e15dd-a155-445b-a257-949f7b6efeba,42.2940707083983,-71.4673695842844,29,7566.83
62d689e9-a952-482a-b6c2-5a5fa078d2af,42.2931828971614,-71.4874861530951,3,304.97
d47c2a5a-3fe8-4a30-830f-690bbe96c7b4,42.294334906002,-71.4681125562258,15,7410.29
e6097e76-5b3e-4d62-a4a9-945e230f237b,42.3024271310823,-71.5105625397302,81,12840.46
57c05cab-d8c5-43f8-8d8f-9ecfcba3dbb3,42.3233403160179,-71.5313375908934,17,3542.41
f367b809-4934-4ba5-b7ef-2e80c636be42,42.3014669001977,-71.3863507739515,10,5333.59
09aed2cc-296b-477d-bca2-e055ce0c98b0,42.2981811939586,-71.4497380822741,13,5731.6
2b823661-7fbc-45bc-aac0-a7fed254ae27,42.1869432739582,-71.4399895930284,17,6360
e6097e76-5b3e-4d62-a4a9-945e230f237b,42.2966536758336,-71.4372068010096,20,3197.09
4cebf1c5-54c8-4e64-82fe-a3337ad3146f,42.2758746013567,-71.411843831053,140,31031.83
f52e15dd-a155-445b-a257-949f7b6efeba,42.3044736566826,-71.5153221199108,44,13021.52
f52e15dd-a155-445b-a257-949f7b6efeba,42.3074093346244,-71.5174303363222,46,13506.84
4f48eaa9-89c6-49b0-a7ab-ebf904a00c42,42.2936482604532,-71.4588736867234,28,3919.7
afc65aea-c4e8-4c68-ab68-956699da953a,42.2748714551253,-71.4173611353255,10,1393.88
1c130b25-ee37-4058-b9cb-a955999e4e80,42.2744034096243,-71.3541401239717,36,8334.87
f367b809-4934-4ba5-b7ef-2e80c636be42,42.3017176867555,-71.3804391849303,8,4720.96
747d8707-5db7-4c6b-b0f3-86a0d2509306,42.2940640028753,-71.4320153851518,8,2396.24
6422848d-c373-4a3b-b3be-88feeced52ed,42.2811491656988,-71.3969937799569,10,4445.88
636e5ba5-1fdd-459c-82bb-59f2aead5ecf,42.3328058321956,-71.2460537997516,2,334.65
f52e15dd-a155-445b-a257-949f7b6efeba,42.2938816126514,-71.4317069310967,17,3638.17
f52e15dd-a155-445b-a257-949f7b6efeba,42.2759577498411,-71.4108822590639,1,79.6
ac1d4bc6-98b7-4fa7-b20d-2deea94683e3,42.4125210888696,-71.542006077886,64,12434.57
e6097e76-5b3e-4d62-a4a9-945e230f237b,42.2936174150477,-71.469366489015,47,6998.61
3eae3196-8fdf-4760-8a66-21b48a13f1dc,42.3175051699582,-71.3985963999388,100,14117.14
0eda0ce6-27a8-41c6-af53-39f9365143cb,42.2985982774853,-71.3777998911023,43,9802.4
b9968507-53ab-453c-bd4c-59b515649f1d,42.3279872434132,-71.6198639047065,14,4862.48
a19fb124-594e-4ddd-b6da-f8ca9171f8db,42.3457448092547,-71.5595732068761,4,927.23
1c130b25-ee37-4058-b9cb-a955999e4e80,42.285188572716,-71.3381300174075,53,12063.26
636e5ba5-1fdd-459c-82bb-59f2aead5ecf,42.3143656441191,-71.2670179466616,17,3318.54
f52e15dd-a155-445b-a257-949f7b6efeba,42.279647128561,-71.4187625896193,12,1709.87
b33a3d09-539e-4afa-a893-a3de7cac00ed,42.2730971737562,-71.4217103375024,10,1657.63
e878f995-434e-4d2c-907f-09935bb474c7,42.2824245561614,-71.4213120294399,26,7401.12
7eb551b3-dcec-4a29-a093-cdf9d4830090,42.2864505521328,-71.4108983523189,85,12696.63
3eae3196-8fdf-4760-8a66-21b48a13f1dc,42.30596451,-71.40172177,82,12401.14
387741ec-af5f-4a7b-9b82-820060cdce6f,42.2951073822443,-71.4882063262586,34,9247.25
16c57625-ade0-4ab0-9451-056179830dfc,42.393564575527,-71.5764885590368,64,8253.34
0eda0ce6-27a8-41c6-af53-39f9365143cb,42.3021642745831,-71.3801521885486,39,9320.29
9ae8aeb0-d10f-4fe2-afd8-f2dcfac6ab6c,42.3489996700883,-71.5233553363893,67,17999.47
420ecf08-6cea-4604-b918-890ae8b88a60,42.3014669001977,-71.3863507739515,0,0
e6eeab87-0cca-49d4-bccc-4c5d879fbcbf,42.2787780927883,-71.4167536149474,7,1154.63
636e5ba5-1fdd-459c-82bb-59f2aead5ecf,42.3023801924217,-71.3865760795221,107,18782.35
e1bd887f-92a6-454a-b421-a0377f10ee01,42.2985379277788,-71.4002298653263,17,9313.4
e2961827-77cf-4cf6-bafb-7d0da257ec97,42.300620663203,-71.3502348274132,28,10609.87
340851f6-b619-4b18-9fc3-a81e3b6acb63,42.3267896370166,-71.2539689990264,6,1282.74
636e5ba5-1fdd-459c-82bb-59f2aead5ecf,42.3015688241463,-71.3777046726766,94,17983.64
7eb551b3-dcec-4a29-a093-cdf9d4830090,42.3020033420326,-71.3813725937231,34,6075.36
3eae3196-8fdf-4760-8a66-21b48a13f1dc,42.3080785458135,-71.4000045597556,78,12059.45
9ffea29d-1305-44de-bab8-8ccc2cbd144b,42.2768911586339,-71.410462493328,2,188.8
f52e15dd-a155-445b-a257-949f7b6efeba,42.2929951425192,-71.4349537453028,19,3922.75
b968a9c3-0fd4-4fc8-9c03-c3ab0fe551a0,42.1495760768399,-71.4864494792491,15,4089.31
4cebf1c5-54c8-4e64-82fe-a3337ad3146f,42.3015956462381,-71.3777382002913,49,10493.01
ab5deaba-93a4-4680-9cf5-808df07f2607,42.3465722707851,-71.5508452982214,68,23310.63
636e5ba5-1fdd-459c-82bb-59f2aead5ecf,42.330087413197,-71.2484436481264,4,696.3
9ffea29d-1305-44de-bab8-8ccc2cbd144b,42.2936563070808,-71.3842573096906,12,3574.73
23be88fa-b8dd-4094-bb1d-0092c0557a1c,42.3102766162322,-71.517772317992,46,13160.47
30a9a51f-025f-476a-a501-9cda88fadee8,42.2818599511301,-71.4205368709884,141,23773.86
1ba4b168-ece7-49bc-9db3-73ad54e3bbf8,42.345905,-71.559561,32,11598.32
420ecf08-6cea-4604-b918-890ae8b88a60,42.2906790548968,-71.3930254514829,12,2634.35
7eb551b3-dcec-4a29-a093-cdf9d4830090,42.3077566807125,-71.399350100717,71,9104.15
747d8707-5db7-4c6b-b0f3-86a0d2509306,42.2930192824018,-71.4672515670807,21,7051.85
636e5ba5-1fdd-459c-82bb-59f2aead5ecf,42.3019054413978,-71.3068500940114,59,10500.35
fb476a4a-c0d7-413f-9c4a-799a1b2d4dd6,42.3002236962452,-71.2619016326607,43,12346.37
30a9a51f-025f-476a-a501-9cda88fadee8,42.2776582704579,-71.4178425918724,147,24304.24
ac1d4bc6-98b7-4fa7-b20d-2deea94683e3,42.3964090583568,-71.5644843318751,83,15529.08
23be88fa-b8dd-4094-bb1d-0092c0557a1c,42.3459540215703,-71.5458765057252,59,18009.11
387741ec-af5f-4a7b-9b82-820060cdce6f,42.3018893481427,-71.3876140944728,4,229.21
636e5ba5-1fdd-459c-82bb-59f2aead5ecf,42.3057570937727,-71.2539743634447,35,5328.09
7eb551b3-dcec-4a29-a093-cdf9d4830090,42.2770842776945,-71.4175287733989,103,16815.21
3eae3196-8fdf-4760-8a66-21b48a13f1dc,42.3078116660006,-71.3973196683716,75,11831.81
420ecf08-6cea-4604-b918-890ae8b88a60,42.3023815335263,-71.3864714733643,2,141.03
837fca5f-265a-4a4c-9c28-0c273254ae78,42.3468270806567,-71.5477272300558,31,7028.78
94059766-6fcf-458a-bee2-3d8856a98c17,42.2720618410147,-71.4295759159074,51,17026.94
1c130b25-ee37-4058-b9cb-a955999e4e80,42.2782496975809,-71.3763367459975,23,5360.11
636e5ba5-1fdd-459c-82bb-59f2aead5ecf,42.311931539293,-71.2629611052848,20,3839.33
bd433f74-e551-4a3c-91ae-4a735e4e28eb,42.2890026741626,-71.4094338661095,78,11984.94
e6097e76-5b3e-4d62-a4a9-945e230f237b,42.346049239996,-71.55065486137,123,22855.12
d1aedfe4-3b3d-448f-844d-ca7fb9a70ab2,42.2997958838818,-71.360958299694,30,4698.31
837fca5f-265a-4a4c-9c28-0c273254ae78,42.3489996700883,-71.5233553363893,46,10025.29
62d689e9-a952-482a-b6c2-5a5fa078d2af,42.2967059789125,-71.486547379884,6,754.37
ac1d4bc6-98b7-4fa7-b20d-2deea94683e3,42.4369117580004,-71.5138643392244,52,8416.61
e6097e76-5b3e-4d62-a4a9-945e230f237b,42.29773,-71.43723,21,3316.71
d47c2a5a-3fe8-4a30-830f-690bbe96c7b4,42.295501666993,-71.4696293455141,16,7590.16
57c05cab-d8c5-43f8-8d8f-9ecfcba3dbb3,42.3202155423293,-71.527831943502,20,4009.84
f2e38f84-2a97-4d6c-9d9a-182cd2927222,42.2997556507442,-71.4319161434124,26,4086.35
d1aedfe4-3b3d-448f-844d-ca7fb9a70ab2,42.3016036928656,-71.3607678628426,16,3592.33
7eb551b3-dcec-4a29-a093-cdf9d4830090,42.3031124355264,-71.4016903282219,75,10143.99
747d8707-5db7-4c6b-b0f3-86a0d2509306,42.2924962516127,-71.4363645873287,9,2793.92
4f48eaa9-89c6-49b0-a7ab-ebf904a00c42,42.2977949558374,-71.438287731307,37,6043.2
57c05cab-d8c5-43f8-8d8f-9ecfcba3dbb3,42.3432221915258,-71.5427825774421,9,1029.15
2b823661-7fbc-45bc-aac0-a7fed254ae27,42.1804871964745,-71.4476312069673,13,5391.77
e2961827-77cf-4cf6-bafb-7d0da257ec97,42.2985714553935,-71.3996572136675,14,6064.5
e6097e76-5b3e-4d62-a4a9-945e230f237b,42.3447604384876,-71.5618799067664,113,21630.57
d828c9b3-ae08-49b6-a382-d9587ab3b310,42.2909700745922,-71.3962856767348,6,2873.78
fb476a4a-c0d7-413f-9c4a-799a1b2d4dd6,42.3298326033254,-71.2489251046732,67,17939.73
636e5ba5-1fdd-459c-82bb-59f2aead5ecf,42.3331813414801,-71.2431033696594,0,0
4bd751f8-b639-4098-a1fc-a01bcb0ba4e9,42.26926563795,-71.4326832552364,25,6087.95
e2961827-77cf-4cf6-bafb-7d0da257ec97,42.2992567598377,-71.3791611122585,19,8163.02
3095b873-eb06-438b-a330-1338c12a12ae,42.2758746013567,-71.411843831053,0,0
e6097e76-5b3e-4d62-a4a9-945e230f237b,42.3467385677539,-71.5487518339605,105,19821.49
f52e15dd-a155-445b-a257-949f7b6efeba,42.277752147779,-71.409311825592,3,325.7
4f48eaa9-89c6-49b0-a7ab-ebf904a00c42,42.284551548037,-71.4235972716568,46,8333.29
ac1d4bc6-98b7-4fa7-b20d-2deea94683e3,42.4005436837997,-71.5625853277794,78,14914.89
fe1b79da-593f-487c-844c-daf273066f25,42.3517931909438,-71.5359979293345,14,4701.73
8983ebd0-b08f-4e96-a8ca-18da9a533641,42.2565841529718,-71.4265141741344,36,15960.13
d828c9b3-ae08-49b6-a382-d9587ab3b310,42.2946151968607,-71.3823623289086,4,1629.71
fb476a4a-c0d7-413f-9c4a-799a1b2d4dd6,42.2992755353019,-71.378762804196,9,1576.91
a19fb124-594e-4ddd-b6da-f8ca9171f8db,42.343861898414,-71.5629380382858,18,4697.96
e6097e76-5b3e-4d62-a4a9-945e230f237b,42.2942691918772,-71.4679999034405,51,7284.65
f52e15dd-a155-445b-a257-949f7b6efeba,42.3218141389974,-71.5302767771648,50,16342.22
f52e15dd-a155-445b-a257-949f7b6efeba,42.2770842776945,-71.4175287733989,9,1242.62
4f48eaa9-89c6-49b0-a7ab-ebf904a00c42,42.2924359019063,-71.4882116906769,2,202.76
fe1b79da-593f-487c-844c-daf273066f25,42.3472656218568,-71.5448639717617,20,5770.88
837fca5f-265a-4a4c-9c28-0c273254ae78,42.3394925796683,-71.5619791485059,6,2638.14
e878f995-434e-4d2c-907f-09935bb474c7,42.29811145652,-71.440036531689,18,4649.91
636e5ba5-1fdd-459c-82bb-59f2aead5ecf,42.3071263615564,-71.2558760497496,32,5105.53
fb476a4a-c0d7-413f-9c4a-799a1b2d4dd6,42.300620663203,-71.3502348274132,12,3946.92
62d689e9-a952-482a-b6c2-5a5fa078d2af,42.299652385691,-71.3925010795892,50,10156.5
0eda0ce6-27a8-41c6-af53-39f9365143cb,42.3023104549831,-71.3796425688054,38,9275.37
e6097e76-5b3e-4d62-a4a9-945e230f237b,42.2976595042741,-71.4889385693633,73,10906.54
e1bd887f-92a6-454a-b421-a0377f10ee01,42.302639025607,-71.3758499250322,8,5745.05
f52e15dd-a155-445b-a257-949f7b6efeba,42.3018450916913,-71.5095929211136,43,12467.43
4f48eaa9-89c6-49b0-a7ab-ebf904a00c42,42.2824057806972,-71.4213267815904,47,8636.1
1ba4b168-ece7-49bc-9db3-73ad54e3bbf8,42.3512017638207,-71.5355178138922,60,16356.43
420ecf08-6cea-4604-b918-890ae8b88a60,42.28636203923,-71.4044181349527,15,3962.64
02771dac-1a3f-4a82-a387-5d517b4b4a7f,42.2987846910229,-71.3932735558315,25,11327.96
9ffea29d-1305-44de-bab8-8ccc2cbd144b,42.3019483567446,-71.3832045425894,30,5232.91
e6097e76-5b3e-4d62-a4a9-945e230f237b,42.2945830103506,-71.4686516802699,52,7348.57
f52e15dd-a155-445b-a257-949f7b6efeba,42.281896160954,-71.4206092906361,13,2002.28
f52e15dd-a155-445b-a257-949f7b6efeba,42.2883173697184,-71.4275669412355,16,2932.41
4f48eaa9-89c6-49b0-a7ab-ebf904a00c42,42.2931828971614,-71.4874861530951,3,304.97
4cebf1c5-54c8-4e64-82fe-a3337ad3146f,42.2737462683765,-71.3567821000089,108,24006.75
b968a9c3-0fd4-4fc8-9c03-c3ab0fe551a0,42.1501728683813,-71.4862791589665,16,4157.09
b33a3d09-539e-4afa-a893-a3de7cac00ed,42.2272340790769,-71.4320529360803,27,7466.66
636e5ba5-1fdd-459c-82bb-59f2aead5ecf,42.3001257956103,-71.3767042086544,93,17803.44
420ecf08-6cea-4604-b918-890ae8b88a60,42.2975093005603,-71.3779004739464,9,1166.31
f9a10342-e44e-4a6b-8ec9-2ce051d39cf6,42.2931145008275,-71.4673293511468,19,7462.71
30a9a51f-025f-476a-a501-9cda88fadee8,42.2912570709739,-71.4135443516698,114,20232.4
30a9a51f-025f-476a-a501-9cda88fadee8,42.2776408360982,-71.4177084814136,148,24315.44
4cebf1c5-54c8-4e64-82fe-a3337ad3146f,42.3119905478949,-71.3604647732058,59,14119.31
180be292-bc10-4779-a17a-f90a68994351,42.301287192183,-71.527587862467,11,3911.38
180be292-bc10-4779-a17a-f90a68994351,42.3381380640351,-71.5893551164481,59,13049.54
f048fe5c-d1d1-4c9c-af90-f7bd939d73ac,42.2608689821284,-71.4537171395849,22,5161.37
1c130b25-ee37-4058-b9cb-a955999e4e80,42.2816239167228,-71.3942525621803,14,3326.32
180be292-bc10-4779-a17a-f90a68994351,42.3379154406736,-71.592069512133,55,12722.63
1ba4b168-ece7-49bc-9db3-73ad54e3bbf8,42.3485772221432,-71.5616680122416,33,11942
180be292-bc10-4779-a17a-f90a68994351,42.3389775955068,-71.5897252613142,58,12951.42
180be292-bc10-4779-a17a-f90a68994351,42.3238378658198,-71.5786262797491,38,10458.72
f048fe5c-d1d1-4c9c-af90-f7bd939d73ac,42.3156960198698,-71.5652205982936,55,19608.13
7eb551b3-dcec-4a29-a093-cdf9d4830090,42.2769608960724,-71.4179096471017,104,16849.39
695762db-d0d4-4ddc-a7ae-10275473090c,42.403341227969,-71.5543496045083,63,8376.81
180be292-bc10-4779-a17a-f90a68994351,42.30002923608,-71.5276254133955,10,3771.56
57c05cab-d8c5-43f8-8d8f-9ecfcba3dbb3,42.2769568727587,-71.4104732221647,61,17805.94
180be292-bc10-4779-a17a-f90a68994351,42.3344942828711,-71.5898969227014,46,12064.24
180be292-bc10-4779-a17a-f90a68994351,42.2769099340981,-71.5250451281694,5,1192.15
e2961827-77cf-4cf6-bafb-7d0da257ec97,42.2939097758478,-71.466389236831,3,283.87
180be292-bc10-4779-a17a-f90a68994351,42.3171591649746,-71.5807438838925,36,9693.46
16c57625-ade0-4ab0-9451-056179830dfc,42.3664353708288,-71.5596965884982,15,3021.01
180be292-bc10-4779-a17a-f90a68994351,42.3156222591175,-71.5658039787891,28,8302.4
1ba4b168-ece7-49bc-9db3-73ad54e3bbf8,42.348480662613,-71.5559642944315,45,13983.55
57c05cab-d8c5-43f8-8d8f-9ecfcba3dbb3,42.3257556453798,-71.5343590995288,16,3176.82
180be292-bc10-4779-a17a-f90a68994351,42.3138895519906,-71.5740973695575,32,9021.87
180be292-bc10-4779-a17a-f90a68994351,42.3060373846315,-71.5373350106081,15,5112.19
fd4c1dc1-3c32-4573-be8a-3a9651c6107f,42.3468726782127,-71.5458376136921,55,19791.56
f048fe5c-d1d1-4c9c-af90-f7bd939d73ac,42.2677582363938,-71.5120994455874,40,10461.22
30a9a51f-025f-476a-a501-9cda88fadee8,42.3022098721391,-71.386995845258,94,16569.48
1291f9da-6233-4191-bfff-82c2787d82f2,42.305753070459,-71.5260227934136,10,5758.86
180be292-bc10-4779-a17a-f90a68994351,42.2671158472965,-71.5224822773029,1,63.22
018f3677-ec1d-408c-bd2c-782f608a9df4,42.3918586904918,-71.570429448511,22,2828.25
f048fe5c-d1d1-4c9c-af90-f7bd939d73ac,42.2670689086359,-71.5088781123685,39,10185.48
161f0f86-97f5-4dfd-a54b-3ec09e77872a,42.346049239996,-71.55065486137,3,443.69
837fca5f-265a-4a4c-9c28-0c273254ae78,42.345905,-71.559561,10,3623.59
180be292-bc10-4779-a17a-f90a68994351,42.3386020862223,-71.5909550542209,56,12841.8
fd4c1dc1-3c32-4573-be8a-3a9651c6107f,42.3433992173314,-71.5429663087706,54,19339.25
30a9a51f-025f-476a-a501-9cda88fadee8,42.2856807580996,-71.4245803013194,138,23229.2
1c130b25-ee37-4058-b9cb-a955999e4e80,42.3014669001977,-71.3863507739515,83,21569.32
180be292-bc10-4779-a17a-f90a68994351,42.3064571503673,-71.5465162126134,18,5875.39
180be292-bc10-4779-a17a-f90a68994351,42.3353177210878,-71.5926743503019,49,12310.5
57c05cab-d8c5-43f8-8d8f-9ecfcba3dbb3,42.307810324896,-71.5157915065164,25,5770.58
1c130b25-ee37-4058-b9cb-a955999e4e80,42.3176406215215,-71.3640803911734,68,17357.02
180be292-bc10-4779-a17a-f90a68994351,42.2939661022405,-71.5269079224412,9,3095.25
180be292-bc10-4779-a17a-f90a68994351,42.3133021481813,-71.5655397811854,25,7812.92
f048fe5c-d1d1-4c9c-af90-f7bd939d73ac,42.3138908930952,-71.5719703776819,56,20197.91
bd433f74-e551-4a3c-91ae-4a735e4e28eb,42.2787968682526,-71.4095666354636,4,474.01
3eae3196-8fdf-4760-8a66-21b48a13f1dc,42.3211838198414,-71.3969347713551,103,14557.88
dfc8cf0c-de43-47ea-9ed6-b7d8430eab32,42.2928449388054,-71.4619662739018,39,15063.32
180be292-bc10-4779-a17a-f90a68994351,42.3074629788079,-71.5513897866839,20,6296.27
7903a5c3-a394-4988-98b4-6f3f4c5ccd69,42.2620706118387,-71.4665917436237,32,17586.44
5bbefffd-60cf-4aab-a384-eb8026cde85f,42.3373307190735,-71.5927507932634,86,15748.24
16c57625-ade0-4ab0-9451-056179830dfc,42.394263291017,-71.5973507819981,76,10823.81
180be292-bc10-4779-a17a-f90a68994351,42.3316913742835,-71.5858816555668,43,11590.43
7903a5c3-a394-4988-98b4-6f3f4c5ccd69,42.2744503482849,-71.4261118427582,51,22090.93
7903a5c3-a394-4988-98b4-6f3f4c5ccd69,42.3075514917106,-71.5642523207815,10,5197.45
7eb551b3-dcec-4a29-a093-cdf9d4830090,42.3010793209719,-71.3923964734314,59,7532.93
4cebf1c5-54c8-4e64-82fe-a3337ad3146f,42.2869454197255,-71.38229259147,17,4934.42
1ba4b168-ece7-49bc-9db3-73ad54e3bbf8,42.3531195433807,-71.5355406126702,61,16569.54
180be292-bc10-4779-a17a-f90a68994351,42.2679258744672,-71.5227464749066,2,155.81
c8d23e47-25a2-4935-8987-25adf1a844b3,42.3331934114214,-71.586904918367,22,1540.23
2260c7a3-179f-47c7-a6e4-41f856c4d622,42.3332269390361,-71.5869384459816,45,11780.71
a19fb124-594e-4ddd-b6da-f8ca9171f8db,42.3345157405445,-71.6268832461168,47,12627
4cebf1c5-54c8-4e64-82fe-a3337ad3146f,42.2766725585861,-71.4000836849263,9,2368.85
180be292-bc10-4779-a17a-f90a68994351,42.3276948826131,-71.5845606675482,40,11115.99
7903a5c3-a394-4988-98b4-6f3f4c5ccd69,42.2670595209038,-71.5224822773029,14,12447.43
c8d23e47-25a2-4935-8987-25adf1a844b3,42.3378470443396,-71.5899572724078,1,59.09
7eb551b3-dcec-4a29-a093-cdf9d4830090,42.28438494,-71.42004284,91,13832.78
837fca5f-265a-4a4c-9c28-0c273254ae78,42.3512017638207,-71.5355178138922,38,8381.7
3eae3196-8fdf-4760-8a66-21b48a13f1dc,42.329557676885,-71.4322527606638,139,20638.93
180be292-bc10-4779-a17a-f90a68994351,42.3300981420337,-71.5854055634383,42,11409.12
c8d23e47-25a2-4935-8987-25adf1a844b3,42.3063753429875,-71.5474160937915,42,7396.45
2260c7a3-179f-47c7-a6e4-41f856c4d622,42.3386020862223,-71.5909550542209,57,12840.63
b968a9c3-0fd4-4fc8-9c03-c3ab0fe551a0,42.2205714714868,-71.4269165055106,36,14552.58
1291f9da-6233-4191-bfff-82c2787d82f2,42.2946782287764,-71.4690084140902,24,11345.13
1ba4b168-ece7-49bc-9db3-73ad54e3bbf8,42.3531061323348,-71.534325571914,62,16669.33
180be292-bc10-4779-a17a-f90a68994351,42.3166562507544,-71.57950067994,35,9577.02
dfc8cf0c-de43-47ea-9ed6-b7d8430eab32,42.2953407344425,-71.4919064338151,15,9031.59
2260c7a3-179f-47c7-a6e4-41f856c4d622,42.3105086273258,-71.561949644205,23,7266.27
13f5cf06-04ba-4086-a80d-8a89787b833a,42.2781571613644,-71.3763139472195,91,17966.45
9ffea29d-1305-44de-bab8-8ccc2cbd144b,42.3020261408106,-71.3782652543941,20,4811.41
9f785c31-f3cc-45df-ad8d-08d9418e3073,42.1223436070885,-71.5147213050557,26,5787.85
2260c7a3-179f-47c7-a6e4-41f856c4d622,42.3379154406736,-71.592069512133,56,12721.46
b968a9c3-0fd4-4fc8-9c03-c3ab0fe551a0,42.1495720535262,-71.4864669136087,9,3501.35
340851f6-b619-4b18-9fc3-a81e3b6acb63,42.2986385106229,-71.3700952452478,73,16623.99
2260c7a3-179f-47c7-a6e4-41f856c4d622,42.314141679653,-71.575571243499,33,9146.18
e6097e76-5b3e-4d62-a4a9-945e230f237b,42.2974717496319,-71.4899886542552,74,10995.33
2b2c7804-d94b-4a51-8e79-454d4cd759d1,42.2487172334622,-71.4301163810561,2,924.06
4cebf1c5-54c8-4e64-82fe-a3337ad3146f,42.275418625797,-71.3545665952305,112,24364.76
1291f9da-6233-4191-bfff-82c2787d82f2,42.3466285971778,-71.5506803423572,1,64.41
2260c7a3-179f-47c7-a6e4-41f856c4d622,42.3166562507544,-71.57950067994,35,9577.02
4cebf1c5-54c8-4e64-82fe-a3337ad3146f,42.2815836835852,-71.3947594997144,130,28760.6
a19fb124-594e-4ddd-b6da-f8ca9171f8db,42.3430223669423,-71.623908676142,50,13730.51
1291f9da-6233-4191-bfff-82c2787d82f2,42.2936174150477,-71.469366489015,25,11466.63
1291f9da-6233-4191-bfff-82c2787d82f2,42.2943912323946,-71.5054153803239,12,8105.33
7903a5c3-a394-4988-98b4-6f3f4c5ccd69,42.2619861222497,-71.4694992583692,31,17347.15
3eae3196-8fdf-4760-8a66-21b48a13f1dc,42.2817231584622,-71.4152931520518,14,2304.42
1c130b25-ee37-4058-b9cb-a955999e4e80,42.3024190844547,-71.3853288522559,78,21119.82
57c05cab-d8c5-43f8-8d8f-9ecfcba3dbb3,42.3460854498199,-71.5459462431637,7,608.75
2260c7a3-179f-47c7-a6e4-41f856c4d622,42.3317463595716,-71.5858709267301,44,11594.28
e2961827-77cf-4cf6-bafb-7d0da257ec97,42.2976568220649,-71.4187022399129,13,4495.89
055c56fc-9140-4b97-835b-abc9145f2aa4,42.1601158177922,-71.5011989475011,14,2154.98
2260c7a3-179f-47c7-a6e4-41f856c4d622,42.3336131771572,-71.5875432841506,46,11846.36
57c05cab-d8c5-43f8-8d8f-9ecfcba3dbb3,42.3367728195651,-71.5417204226089,12,1753.4
f52e15dd-a155-445b-a257-949f7b6efeba,42.2946447011617,-71.4723920209642,32,8098.22
747d8707-5db7-4c6b-b0f3-86a0d2509306,42.2912369544051,-71.4933119114227,43,9944.89
837fca5f-265a-4a4c-9c28-0c273254ae78,42.3391224348022,-71.5889326685031,2,268.84
7903a5c3-a394-4988-98b4-6f3f4c5ccd69,42.2745334967693,-71.4267166809271,50,22040.35
30a9a51f-025f-476a-a501-9cda88fadee8,42.3011021197499,-71.3926338489434,81,15457
e2961827-77cf-4cf6-bafb-7d0da257ec97,42.2991172849606,-71.3831120063729,18,7837.93
e6eeab87-0cca-49d4-bccc-4c5d879fbcbf,42.2788759934232,-71.4179820667494,12,1571.77
055c56fc-9140-4b97-835b-abc9145f2aa4,42.1605476534693,-71.5006651878754,16,2251.05
62d689e9-a952-482a-b6c2-5a5fa078d2af,42.2977949558374,-71.438287731307,37,6043.2
2260c7a3-179f-47c7-a6e4-41f856c4d622,42.3389172458003,-71.5900377386831,58,12923.72
837fca5f-265a-4a4c-9c28-0c273254ae78,42.3387724065049,-71.5901892835014,1,158.54
1ba4b168-ece7-49bc-9db3-73ad54e3bbf8,42.3465146032879,-71.5539901884788,46,14255.6
57c05cab-d8c5-43f8-8d8f-9ecfcba3dbb3,42.3216371131919,-71.5303518790216,18,3748.27
2260c7a3-179f-47c7-a6e4-41f856c4d622,42.3391291403251,-71.5895267778353,62,13234.53
837fca5f-265a-4a4c-9c28-0c273254ae78,42.3485772221432,-71.5616680122416,11,3967.27
ab5deaba-93a4-4680-9cf5-808df07f2607,42.2962272045748,-71.5063246492341,40,15121.55
57c05cab-d8c5-43f8-8d8f-9ecfcba3dbb3,42.3293444412556,-71.5391253852323,15,2617.94
b968a9c3-0fd4-4fc8-9c03-c3ab0fe551a0,42.1499207407189,-71.4883605532861,10,3662.09
2260c7a3-179f-47c7-a6e4-41f856c4d622,42.3317249018982,-71.5844238748803,67,14776
4cebf1c5-54c8-4e64-82fe-a3337ad3146f,42.2901238375976,-71.3873820833792,20,5494.14
30a9a51f-025f-476a-a501-9cda88fadee8,42.2831219305469,-71.4179860900632,133,22496.34
a19fb124-594e-4ddd-b6da-f8ca9171f8db,42.348711332602,-71.5531761379943,13,3087.62
b968a9c3-0fd4-4fc8-9c03-c3ab0fe551a0,42.1467785326706,-71.5119063265268,4,1046.01
57c05cab-d8c5-43f8-8d8f-9ecfcba3dbb3,42.2770842776945,-71.4175287733989,54,16758.92
5bbefffd-60cf-4aab-a384-eb8026cde85f,42.334975739418,-71.5914458984998,79,15313.63
57c05cab-d8c5-43f8-8d8f-9ecfcba3dbb3,42.3468726782127,-71.5458376136921,5,520.82
1ba4b168-ece7-49bc-9db3-73ad54e3bbf8,42.3289340632519,-71.6202528250368,13,4752.53
1291f9da-6233-4191-bfff-82c2787d82f2,42.346049239996,-71.55065486137,0,0
5bbefffd-60cf-4aab-a384-eb8026cde85f,42.3358702561778,-71.5934696253222,83,15512.24
bd433f74-e551-4a3c-91ae-4a735e4e28eb,42.2831031550826,-71.4137803860772,80,12734.04
f9a10342-e44e-4a6b-8ec9-2ce051d39cf6,42.2940251108423,-71.4666413644934,18,7346.79
1291f9da-6233-4191-bfff-82c2787d82f2,42.3023265482382,-71.5096479064016,11,7157.42
2a01e672-f3f1-4e63-b448-bcb1e805c3d3,42.3518253774539,-71.5562955472646,11,2426.8
fe1b79da-593f-487c-844c-daf273066f25,42.3494449168113,-71.5059558454726,3,1564.74
5bbefffd-60cf-4aab-a384-eb8026cde85f,42.3386020862223,-71.5909550542209,88,15953.16
161f0f86-97f5-4dfd-a54b-3ec09e77872a,42.3290802436519,-71.5395076000397,12,3081.64
57c05cab-d8c5-43f8-8d8f-9ecfcba3dbb3,42.278457568792,-71.409526402326,59,17595.49
5bbefffd-60cf-4aab-a384-eb8026cde85f,42.3351232609226,-71.5921365673624,80,15372.68
837fca5f-265a-4a4c-9c28-0c273254ae78,42.3531061323348,-71.534325571914,40,8694.6
7eb551b3-dcec-4a29-a093-cdf9d4830090,42.290337073227,-71.4255673542957,93,14658.86
b968a9c3-0fd4-4fc8-9c03-c3ab0fe551a0,42.1500803321648,-71.4890471988349,11,3721.37
055c56fc-9140-4b97-835b-abc9145f2aa4,42.1600340104123,-71.5007429719414,15,2193.62
a19fb124-594e-4ddd-b6da-f8ca9171f8db,42.346585681831,-71.5507259399132,1,59.89
57c05cab-d8c5-43f8-8d8f-9ecfcba3dbb3,42.2899682694655,-71.4288342850706,46,14858.16
5bbefffd-60cf-4aab-a384-eb8026cde85f,42.3369471631615,-71.5933931823607,85,15680.41
837fca5f-265a-4a4c-9c28-0c273254ae78,42.350092670327,-71.5581489538043,12,4301.75
b4ccc300-ae7b-45c9-91ad-79e50bd98bd6,42.2854500881106,-71.3477564661358,0,0
b968a9c3-0fd4-4fc8-9c03-c3ab0fe551a0,42.27655464,-71.41777396,49,21564.79
30a9a51f-025f-476a-a501-9cda88fadee8,42.301924216862,-71.3873096637314,95,16610.38
5bbefffd-60cf-4aab-a384-eb8026cde85f,42.3389172458003,-71.5900377386831,89,16036.25
fd4c1dc1-3c32-4573-be8a-3a9651c6107f,42.3026242734566,-71.5101508206219,44,13073.62
7eb551b3-dcec-4a29-a093-cdf9d4830090,42.3012228191628,-71.3909561271045,58,7413.48
4cebf1c5-54c8-4e64-82fe-a3337ad3146f,42.3107808715571,-71.3749232217624,53,12219.85
837fca5f-265a-4a4c-9c28-0c273254ae78,42.346049239996,-71.55065486137,29,6708.3
5bbefffd-60cf-4aab-a384-eb8026cde85f,42.3317463595716,-71.5858709267301,75,14706.81
a19fb124-594e-4ddd-b6da-f8ca9171f8db,42.3390446507361,-71.5886362843893,27,7695.03
4cebf1c5-54c8-4e64-82fe-a3337ad3146f,42.3074696843308,-71.3617830790152,61,14633.66
30a9a51f-025f-476a-a501-9cda88fadee8,42.3046372714423,-71.43291526633,17,3818.38
a19fb124-594e-4ddd-b6da-f8ca9171f8db,42.3541830393185,-71.6120586760079,56,15701.21
7eb551b3-dcec-4a29-a093-cdf9d4830090,42.2982536136063,-71.408145064601,80,11352.47
2260c7a3-179f-47c7-a6e4-41f856c4d622,42.3324249584928,-71.5777331040939,69,15333.19
e2961827-77cf-4cf6-bafb-7d0da257ec97,42.2968092439657,-71.4514882237606,9,1701.34
9ae8aeb0-d10f-4fe2-afd8-f2dcfac6ab6c,42.3486979215561,-71.5067725781663,72,19451.74
30a9a51f-025f-476a-a501-9cda88fadee8,42.2996336102267,-71.3957197305989,103,17451.8
a19fb124-594e-4ddd-b6da-f8ca9171f8db,42.34858795098,-71.5618302858967,5,1293.52
1c130b25-ee37-4058-b9cb-a955999e4e80,42.2803552317831,-71.3340731760307,49,11176.05
2260c7a3-179f-47c7-a6e4-41f856c4d622,42.33189790439,-71.5774045334699,70,15397.68
57c05cab-d8c5-43f8-8d8f-9ecfcba3dbb3,42.3415525163146,-71.5426605369246,11,1216.7
837fca5f-265a-4a4c-9c28-0c273254ae78,42.347161015699,-71.5464598862207,32,7139.28
474b7e9c-16d3-4964-ba1e-1c40e6d6be04,42.347161015699,-71.5464598862207,3,430.98
30a9a51f-025f-476a-a501-9cda88fadee8,42.3017914475078,-71.3879131607958,83,15854.28
2260c7a3-179f-47c7-a6e4-41f856c4d622,42.3366977177082,-71.5945921298618,63,13730.62
ab5deaba-93a4-4680-9cf5-808df07f2607,42.2952817258407,-71.4878790967392,26,10245.92
30a9a51f-025f-476a-a501-9cda88fadee8,42.3013073087518,-71.3900388115668,82,15671.49
474b7e9c-16d3-4964-ba1e-1c40e6d6be04,42.3473635224917,-71.5444200661433,4,600.01
62d689e9-a952-482a-b6c2-5a5fa078d2af,42.2934631880202,-71.461884466522,26,3664.13
b33a3d09-539e-4afa-a893-a3de7cac00ed,42.2770587967073,-71.4157424220885,6,929.4
2260c7a3-179f-47c7-a6e4-41f856c4d622,42.3336815734912,-71.5872965209065,65,14421.58
a19fb124-594e-4ddd-b6da-f8ca9171f8db,42.3465655652622,-71.5542221995724,2,347.04
3eae3196-8fdf-4760-8a66-21b48a13f1dc,42.2817714382274,-71.4204872501187,5,760.73
94059766-6fcf-458a-bee2-3d8856a98c17,42.2381131194897,-71.4926950033125,21,6560.45
2260c7a3-179f-47c7-a6e4-41f856c4d622,42.3323686321002,-71.5803040015879,68,15121.91
30a9a51f-025f-476a-a501-9cda88fadee8,42.2996389746451,-71.3968596694982,104,17545.49
b968a9c3-0fd4-4fc8-9c03-c3ab0fe551a0,42.1507119924254,-71.488887607389,12,3792.78
a19fb124-594e-4ddd-b6da-f8ca9171f8db,42.3518253774539,-71.5562955472646,7,1884.19
2260c7a3-179f-47c7-a6e4-41f856c4d622,42.332005192757,-71.5861619464256,66,14629.87
ebb5d4b8-b5de-42e7-8df5-be5d2199a7bd,42.249751225099,-71.529629023649,45,12948.03
340851f6-b619-4b18-9fc3-a81e3b6acb63,42.3047512653322,-71.3221628261902,68,12624.36
ce9a7e51-0841-4de6-8a94-29f3af8be65b,42.3017914475078,-71.3804633248128,40,7037.07
4cebf1c5-54c8-4e64-82fe-a3337ad3146f,42.2766725585861,-71.4000836849263,133,29662.13
2260c7a3-179f-47c7-a6e4-41f856c4d622,42.3384304248351,-71.5885437481727,61,13122.51
30a9a51f-025f-476a-a501-9cda88fadee8,42.3012952388105,-71.3899489575594,97,16838.48
b3c7beb5-93f5-4431-bd27-4176d97dd626,42.2992044567588,-71.3669785181867,16,3478.31
474b7e9c-16d3-4964-ba1e-1c40e6d6be04,42.3531061323348,-71.534325571914,11,1986.3
2260c7a3-179f-47c7-a6e4-41f856c4d622,42.3346029123427,-71.5904709154648,64,14141.45
30a9a51f-025f-476a-a501-9cda88fadee8,42.3192003261566,-71.4002124309666,68,12463.38
340851f6-b619-4b18-9fc3-a81e3b6acb63,42.2990797340322,-71.3737604840851,74,16929.2
4cebf1c5-54c8-4e64-82fe-a3337ad3146f,42.3039573314165,-71.3816448379543,50,10907.68
1c130b25-ee37-4058-b9cb-a955999e4e80,42.2723595662331,-71.3979379175864,8,1671.83
2a01e672-f3f1-4e63-b448-bcb1e805c3d3,42.348711332602,-71.5531761379943,17,3630.23
c8d23e47-25a2-4935-8987-25adf1a844b3,42.3335353930912,-71.5873675994496,21,1486.48
57c05cab-d8c5-43f8-8d8f-9ecfcba3dbb3,42.2780351208469,-71.4177902887934,55,16866.74
474b7e9c-16d3-4964-ba1e-1c40e6d6be04,42.3538276466028,-71.5328785200643,12,2129.65
2260c7a3-179f-47c7-a6e4-41f856c4d622,42.2669334570726,-71.5232104970938,0,0
4cebf1c5-54c8-4e64-82fe-a3337ad3146f,42.3091889804118,-71.3799630928018,52,11769.5
a19fb124-594e-4ddd-b6da-f8ca9171f8db,42.3528030426981,-71.5564967129526,8,1994.08
4f48eaa9-89c6-49b0-a7ab-ebf904a00c42,42.296752917573,-71.4783277498679,11,1517.97
a19fb124-594e-4ddd-b6da-f8ca9171f8db,42.3367513618917,-71.6254308298487,48,12902.58
2260c7a3-179f-47c7-a6e4-41f856c4d622,42.3344942828711,-71.5898969227014,47,12063.07
2b2c7804-d94b-4a51-8e79-454d4cd759d1,42.2597987806677,-71.4234497501522,7,2301.96
340851f6-b619-4b18-9fc3-a81e3b6acb63,42.3016962290821,-71.3804230916752,83,18034.26
30a9a51f-025f-476a-a501-9cda88fadee8,42.2817472983448,-71.4152730354829,132,22226.01
57c05cab-d8c5-43f8-8d8f-9ecfcba3dbb3,42.2776247428432,-71.4167884836667,57,16990.64
2260c7a3-179f-47c7-a6e4-41f856c4d622,42.3058576766168,-71.5294278579609,12,4441.29
1ba4b168-ece7-49bc-9db3-73ad54e3bbf8,42.35511,-71.61249,0,0
f9a10342-e44e-4a6b-8ec9-2ce051d39cf6,42.2987162946889,-71.4334195216548,13,4314.03
f9a10342-e44e-4a6b-8ec9-2ce051d39cf6,42.277989523291,-71.4179525624485,6,1266.31
2260c7a3-179f-47c7-a6e4-41f856c4d622,42.3055612925029,-71.5311766583429,13,4588.73
b135140e-109e-4613-95af-0631d00cbd1e,42.2910773629592,-71.4883565299724,26,10217.52
2a01e672-f3f1-4e63-b448-bcb1e805c3d3,42.3478168158422,-71.5550174745928,18,3811.19
bd433f74-e551-4a3c-91ae-4a735e4e28eb,42.2923245902255,-71.4005490482181,5,2150.06
30a9a51f-025f-476a-a501-9cda88fadee8,42.3010806620765,-71.3865197531295,86,16064.17
30a9a51f-025f-476a-a501-9cda88fadee8,42.3066542927417,-71.4023139418551,75,14138.4
2260c7a3-179f-47c7-a6e4-41f856c4d622,42.3171591649746,-71.5807438838925,36,9693.46
b3c7beb5-93f5-4431-bd27-4176d97dd626,42.2999393820726,-71.3607920027251,15,2963.33
4f48eaa9-89c6-49b0-a7ab-ebf904a00c42,42.29773,-71.43723,38,6130.43
4cebf1c5-54c8-4e64-82fe-a3337ad3146f,42.3149490246146,-71.3617696679693,56,13735.03
340851f6-b619-4b18-9fc3-a81e3b6acb63,42.3113910741443,-71.2641399362171,19,3725.36
c8d23e47-25a2-4935-8987-25adf1a844b3,42.334715565128,-71.5905446762171,19,1194.34
474b7e9c-16d3-4964-ba1e-1c40e6d6be04,42.3502442151454,-71.5274980084597,15,2936.24
4bd751f8-b639-4098-a1fc-a01bcb0ba4e9,42.2709219021154,-71.4080954437313,6,702.96
30a9a51f-025f-476a-a501-9cda88fadee8,42.3010471344618,-71.3880110614306,85,15941.55
c8d23e47-25a2-4935-8987-25adf1a844b3,42.2670595209038,-71.5223334146937,58,13298.84
2b2c7804-d94b-4a51-8e79-454d4cd759d1,42.2424784149217,-71.4310082156067,1,226.93
30a9a51f-025f-476a-a501-9cda88fadee8,42.3023426414932,-71.3864446512726,88,16206.9
ce9a7e51-0841-4de6-8a94-29f3af8be65b,42.2986639916101,-71.3593503152937,18,4398.51
8983ebd0-b08f-4e96-a8ca-18da9a533641,42.1828622926988,-71.4445815351356,15,6587.6
340851f6-b619-4b18-9fc3-a81e3b6acb63,42.3019362868033,-71.3418716992064,70,14275.01
2260c7a3-179f-47c7-a6e4-41f856c4d622,42.3115976042508,-71.5659930745359,24,7619.88
837fca5f-265a-4a4c-9c28-0c273254ae78,42.3502442151454,-71.5274980084597,44,9644.54
340851f6-b619-4b18-9fc3-a81e3b6acb63,42.3079216365767,-71.2581599508619,27,4614.81
02771dac-1a3f-4a82-a387-5d517b4b4a7f,42.2991749524578,-71.3788137661704,29,12518.63
2260c7a3-179f-47c7-a6e4-41f856c4d622,42.3238378658198,-71.5786262797491,38,10458.72
4f48eaa9-89c6-49b0-a7ab-ebf904a00c42,42.2931493695467,-71.4704286438482,20,2890.16
30a9a51f-025f-476a-a501-9cda88fadee8,42.3010967553316,-71.392543994936,98,17052.89
004980e6-9f4c-4b6d-ba69-2c51b2ea17f2,42.1525975854753,-71.4902287119763,32,17996.24
13f5cf06-04ba-4086-a80d-8a89787b833a,42.2729322178919,-71.3566909048969,74,15238.16
b135140e-109e-4613-95af-0631d00cbd1e,42.2942758974001,-71.4644969382582,13,7106.73
a19fb124-594e-4ddd-b6da-f8ca9171f8db,42.3403669798593,-71.5905366295896,31,8077.83
2260c7a3-179f-47c7-a6e4-41f856c4d622,42.314616430677,-71.5701880496852,29,8679.57
57c05cab-d8c5-43f8-8d8f-9ecfcba3dbb3,42.2779975699185,-71.4167884836667,56,16949.21
837fca5f-265a-4a4c-9c28-0c273254ae78,42.3471462635485,-71.5433297481137,34,7401.05
4bd751f8-b639-4098-a1fc-a01bcb0ba4e9,42.2694989901482,-71.4053166750262,8,1014.99
3eae3196-8fdf-4760-8a66-21b48a13f1dc,42.3173026631655,-71.3991918503756,108,15448.79
2260c7a3-179f-47c7-a6e4-41f856c4d622,42.3389775955068,-71.5897252613142,59,12950.25
f9a10342-e44e-4a6b-8ec9-2ce051d39cf6,42.2783301638562,-71.4096631949939,3,418.89
4f48eaa9-89c6-49b0-a7ab-ebf904a00c42,42.297204869819,-71.4514949292836,29,4643.59
2a01e672-f3f1-4e63-b448-bcb1e805c3d3,42.3544593068635,-71.5555646452644,14,2802.81
837fca5f-265a-4a4c-9c28-0c273254ae78,42.3523121984191,-71.5307019073189,43,9295.21
2260c7a3-179f-47c7-a6e4-41f856c4d622,42.3351232609226,-71.5921365673624,49,12260.15
30a9a51f-025f-476a-a501-9cda88fadee8,42.3006756484911,-71.3974859653405,105,17671.66
a19fb124-594e-4ddd-b6da-f8ca9171f8db,42.3397460484353,-71.5916001255274,32,8189.14
2a01e672-f3f1-4e63-b448-bcb1e805c3d3,42.3487260847525,-71.5615258551554,20,4529.58
474b7e9c-16d3-4964-ba1e-1c40e6d6be04,42.3489996700883,-71.5233553363893,17,3316.99
2260c7a3-179f-47c7-a6e4-41f856c4d622,42.30002923608,-71.5276254133955,10,3771.56
b3c7beb5-93f5-4431-bd27-4176d97dd626,42.2994699954671,-71.3790712582511,35,5451.48
3eae3196-8fdf-4760-8a66-21b48a13f1dc,42.2988423585202,-71.3996049105886,32,6697.12
340851f6-b619-4b18-9fc3-a81e3b6acb63,42.3001713931663,-71.2697967153666,44,7042.33
931ec04b-5aa1-4946-a947-7077ed74e335,42.2780404852653,-71.4169132063933,3,474.22
c8d23e47-25a2-4935-8987-25adf1a844b3,42.3105944580194,-71.5620743669316,39,6074.25
30a9a51f-025f-476a-a501-9cda88fadee8,42.3054513219268,-71.4323613901354,18,3919.64
474b7e9c-16d3-4964-ba1e-1c40e6d6be04,42.3516577393805,-71.533165516446,13,2371.92
2260c7a3-179f-47c7-a6e4-41f856c4d622,42.2690161924968,-71.5233016922058,3,285.28
9ae8aeb0-d10f-4fe2-afd8-f2dcfac6ab6c,42.3536103876597,-71.6152290472525,3,393.08
695762db-d0d4-4ddc-a7ae-10275473090c,42.3467063812438,-71.5488416879679,2,218.59
012d6ffc-b612-493c-a374-88234b7fe5f5,42.3104174322139,-71.53146231362,11,5299.59
474b7e9c-16d3-4964-ba1e-1c40e6d6be04,42.3495575695966,-71.5191724311812,18,3666.05
ce9a7e51-0841-4de6-8a94-29f3af8be65b,42.2999501109094,-71.3793555724237,41,7261.02
ce9a7e51-0841-4de6-8a94-29f3af8be65b,42.2942758974001,-71.4642944314655,57,14567.55
2260c7a3-179f-47c7-a6e4-41f856c4d622,42.3366534612568,-71.5941026266874,53,12501.09
4ce23383-aa10-4737-9d8e-d1bb1d06920c,42.338297655481,-71.6225648893454,53,13781.97
2260c7a3-179f-47c7-a6e4-41f856c4d622,42.3248731985612,-71.5794591056978,39,10592.57
340851f6-b619-4b18-9fc3-a81e3b6acb63,42.3084942882356,-71.2551022324027,30,4938.55
a19fb124-594e-4ddd-b6da-f8ca9171f8db,42.346049239996,-71.55065486137,0,0
4cebf1c5-54c8-4e64-82fe-a3337ad3146f,42.2743564709637,-71.356086066728,103,23546.81
30a9a51f-025f-476a-a501-9cda88fadee8,42.3287878828518,-71.435869719736,31,6739.51
2260c7a3-179f-47c7-a6e4-41f856c4d622,42.2939661022405,-71.5269079224412,9,3095.25
3eae3196-8fdf-4760-8a66-21b48a13f1dc,42.3202316355843,-71.3969602523422,111,15837.34
ce9a7e51-0841-4de6-8a94-29f3af8be65b,42.2854500881106,-71.3477564661358,5,2237.04
340851f6-b619-4b18-9fc3-a81e3b6acb63,42.2994941353496,-71.3839555611584,86,18622.05
e6eeab87-0cca-49d4-bccc-4c5d879fbcbf,42.2767610714889,-71.4103525227518,1,157.28
2260c7a3-179f-47c7-a6e4-41f856c4d622,42.3064021650792,-71.5427383209907,17,5564.86
837fca5f-265a-4a4c-9c28-0c273254ae78,42.3516577393805,-71.533165516446,42,9080.22
2a01e672-f3f1-4e63-b448-bcb1e805c3d3,42.3528030426981,-71.5564967129526,12,2536.69
340851f6-b619-4b18-9fc3-a81e3b6acb63,42.2995209574414,-71.2684354942104,46,7222.59
474b7e9c-16d3-4964-ba1e-1c40e6d6be04,42.3478034047963,-71.5147977480172,19,4074.79
7903a5c3-a394-4988-98b4-6f3f4c5ccd69,42.2618466473726,-71.4800698447269,30,16477.71
30a9a51f-025f-476a-a501-9cda88fadee8,42.3080597703492,-71.4001064837042,76,14377.77
30a9a51f-025f-476a-a501-9cda88fadee8,42.2824969758092,-71.4148586341654,131,22136.01
2a01e672-f3f1-4e63-b448-bcb1e805c3d3,42.3503903955454,-71.5581154261896,19,4193.96
a19fb124-594e-4ddd-b6da-f8ca9171f8db,42.3477926759596,-71.5553272697524,3,510.84
7903a5c3-a394-4988-98b4-6f3f4c5ccd69,42.3122453577665,-71.5663712660296,9,4647.57
340851f6-b619-4b18-9fc3-a81e3b6acb63,42.3253385618531,-71.2579172109316,8,1647.02
9ae8aeb0-d10f-4fe2-afd8-f2dcfac6ab6c,42.3412239456906,-71.5713615161992,25,9705.55
3eae3196-8fdf-4760-8a66-21b48a13f1dc,42.2989067315404,-71.388669543783,33,7595.92
2a01e672-f3f1-4e63-b448-bcb1e805c3d3,42.3549488100379,-71.5541953774807,15,2927.72
2260c7a3-179f-47c7-a6e4-41f856c4d622,42.3354799947429,-71.593005603135,51,12341.97
30a9a51f-025f-476a-a501-9cda88fadee8,42.299876350157,-71.3926110501654,99,17188.61
7eb551b3-dcec-4a29-a093-cdf9d4830090,42.302639025607,-71.3758499250322,17,4973.01
fe1b79da-593f-487c-844c-daf273066f25,42.345519503684,-71.5487062364046,23,6526.43
474b7e9c-16d3-4964-ba1e-1c40e6d6be04,42.3475392071926,-71.5113256282404,20,4361.45
30a9a51f-025f-476a-a501-9cda88fadee8,42.3023708046896,-71.3852510681898,89,16305.04
ce9a7e51-0841-4de6-8a94-29f3af8be65b,42.2941391047322,-71.4672354738257,59,14810.48
2260c7a3-179f-47c7-a6e4-41f856c4d622,42.3074066524152,-71.5554895434075,21,6633.24
e878f995-434e-4d2c-907f-09935bb474c7,42.2937582310294,-71.4623779930102,12,2318.33
ab5deaba-93a4-4680-9cf5-808df07f2607,42.2940640028753,-71.4320153851518,7,2409.78
340851f6-b619-4b18-9fc3-a81e3b6acb63,42.311931539293,-71.2629611052848,20,3839.33
2260c7a3-179f-47c7-a6e4-41f856c4d622,42.3133021481813,-71.5655397811854,25,7812.92
30a9a51f-025f-476a-a501-9cda88fadee8,42.3014829934527,-71.3877938024875,84,15889.93
d89454d2-59b8-475d-8724-4381e121ba00,42.1773047552886,-71.5081673269372,116,27022.55
2260c7a3-179f-47c7-a6e4-41f856c4d622,42.3052541795524,-71.5343886038296,14,4854.89
a19fb124-594e-4ddd-b6da-f8ca9171f8db,42.35511,-71.61249,57,15810.13
3eae3196-8fdf-4760-8a66-21b48a13f1dc,42.2874590627825,-71.425962980149,169,26487
ce9a7e51-0841-4de6-8a94-29f3af8be65b,42.2988276063697,-71.3462061492328,2,681.8
b135140e-109e-4613-95af-0631d00cbd1e,42.3011396706784,-71.3925654526094,4,697.26
2260c7a3-179f-47c7-a6e4-41f856c4d622,42.3353177210878,-71.5926743503019,50,12309.33
e6eeab87-0cca-49d4-bccc-4c5d879fbcbf,42.2758746013567,-71.411843831053,0,0
004980e6-9f4c-4b6d-ba69-2c51b2ea17f2,42.1429604079104,-71.5167369852505,39,20625.98
837fca5f-265a-4a4c-9c28-0c273254ae78,42.3473635224917,-71.5444200661433,33,7308.31
2260c7a3-179f-47c7-a6e4-41f856c4d622,42.3307418722356,-71.5855960002897,42,11479.68
474b7e9c-16d3-4964-ba1e-1c40e6d6be04,42.3471462635485,-71.5433297481137,5,692.75
ab5deaba-93a4-4680-9cf5-808df07f2607,42.2907917076821,-71.4927660818556,23,9404.59
dfc8cf0c-de43-47ea-9ed6-b7d8430eab32,42.3319046099129,-71.5410391414785,6,2215.19
a19fb124-594e-4ddd-b6da-f8ca9171f8db,42.3549488100379,-71.5541953774807,11,2385.11
340851f6-b619-4b18-9fc3-a81e3b6acb63,42.3165690789562,-71.2685803335059,16,3042.08
a19fb124-594e-4ddd-b6da-f8ca9171f8db,42.3368170760165,-71.5932389553332,37,8623.63
2260c7a3-179f-47c7-a6e4-41f856c4d622,42.2671158472965,-71.5224822773029,1,63.22
30a9a51f-025f-476a-a501-9cda88fadee8,42.3021280647592,-71.3848487368136,90,16347.71
94059766-6fcf-458a-bee2-3d8856a98c17,42.2322377402924,-71.5153596708393,15,4535.84
62d689e9-a952-482a-b6c2-5a5fa078d2af,42.2936174150477,-71.469366489015,18,2763.1
340851f6-b619-4b18-9fc3-a81e3b6acb63,42.295823532094,-71.2966858623437,60,9799.66
3eae3196-8fdf-4760-8a66-21b48a13f1dc,42.3014011860729,-71.4344253500954,159,24699.12
2260c7a3-179f-47c7-a6e4-41f856c4d622,42.3150348553082,-71.5638392605686,27,8128.27
340851f6-b619-4b18-9fc3-a81e3b6acb63,42.2993197917533,-71.2684247653738,47,7244.96
1ba4b168-ece7-49bc-9db3-73ad54e3bbf8,42.3424000944138,-71.5673301558095,26,10061.52
1ba4b168-ece7-49bc-9db3-73ad54e3bbf8,42.3537444981184,-71.5548820230294,37,12798.16
474b7e9c-16d3-4964-ba1e-1c40e6d6be04,42.349218270136,-71.5257076338355,16,3122.29
2a01e672-f3f1-4e63-b448-bcb1e805c3d3,42.345905,-71.559561,21,4882.15
2260c7a3-179f-47c7-a6e4-41f856c4d622,42.3156222591175,-71.5658039787891,28,8302.4
340851f6-b619-4b18-9fc3-a81e3b6acb63,42.3074683432262,-71.2558317932982,31,5067.36
3eae3196-8fdf-4760-8a66-21b48a13f1dc,42.3013207197976,-71.4067369047842,29,5732.83
30a9a51f-025f-476a-a501-9cda88fadee8,42.3018222929133,-71.3971278904156,106,17802.43
c8d23e47-25a2-4935-8987-25adf1a844b3,42.3381380640351,-71.5893551164481,0,0
1c130b25-ee37-4058-b9cb-a955999e4e80,42.2825077046459,-71.3360285065191,48,10887.87
e6097e76-5b3e-4d62-a4a9-945e230f237b,42.2984225927843,-71.440559562478,24,3609.6
340851f6-b619-4b18-9fc3-a81e3b6acb63,42.3320870001368,-71.2468946723279,3,440.25
340851f6-b619-4b18-9fc3-a81e3b6acb63,42.3062036816003,-71.2543538960429,34,5269.48
340851f6-b619-4b18-9fc3-a81e3b6acb63,42.3051200690937,-71.3124746866509,64,11533.52
2260c7a3-179f-47c7-a6e4-41f856c4d622,42.2832922508295,-71.5260013357402,6,1905.7
1ba4b168-ece7-49bc-9db3-73ad54e3bbf8,42.3503340691527,-71.6238416209126,5,1292.86
fe1b79da-593f-487c-844c-daf273066f25,42.3454564717684,-71.5503745705112,22,6389.23
fe1b79da-593f-487c-844c-daf273066f25,42.3467439321723,-71.5487799971569,24,6662.62
b3c7beb5-93f5-4431-bd27-4176d97dd626,42.2989992677569,-71.3919270868258,37,6509.4
35790a43-db65-4f9e-93e2-e64c2084cc4f,42.2605618691779,-71.4650052168968,25,6104.59
a19fb124-594e-4ddd-b6da-f8ca9171f8db,42.3412199223769,-71.5708827418615,23,6198.47
695762db-d0d4-4ddc-a7ae-10275473090c,42.461224643065,-71.4570873354129,110,22314.55
30a9a51f-025f-476a-a501-9cda88fadee8,42.3078063015822,-71.3991811215389,77,14458.86
3eae3196-8fdf-4760-8a66-21b48a13f1dc,42.3022729040547,-71.3869247667149,51,9691.49
35790a43-db65-4f9e-93e2-e64c2084cc4f,42.2746716305418,-71.4397844040265,15,3050.34
e6eeab87-0cca-49d4-bccc-4c5d879fbcbf,42.2776475416212,-71.4094445949462,2,280.87
bd433f74-e551-4a3c-91ae-4a735e4e28eb,42.2930917020495,-71.4091803973425,77,11530.09
340851f6-b619-4b18-9fc3-a81e3b6acb63,42.2988718628211,-71.2788666056911,53,8261.61
2a01e672-f3f1-4e63-b448-bcb1e805c3d3,42.3537444981184,-71.5548820230294,13,2705.59
23be88fa-b8dd-4094-bb1d-0092c0557a1c,42.2978110490925,-71.4487630992391,23,5875.97
35790a43-db65-4f9e-93e2-e64c2084cc4f,42.3326462407497,-71.5864315084476,68,23046.44
2a01e672-f3f1-4e63-b448-bcb1e805c3d3,42.343861898414,-71.5629380382858,22,5240.57
1c130b25-ee37-4058-b9cb-a955999e4e80,42.3017029346051,-71.3776496873885,74,20450.33
3eae3196-8fdf-4760-8a66-21b48a13f1dc,42.3296850818208,-71.4374870918684,143,21160.59
340851f6-b619-4b18-9fc3-a81e3b6acb63,42.3002411306048,-71.2617648399928,42,6381.86
62d689e9-a952-482a-b6c2-5a5fa078d2af,42.2917264575795,-71.4874646954217,1,102.84
35790a43-db65-4f9e-93e2-e64c2084cc4f,42.2600307917613,-71.4581722890241,23,5539.41
ab5deaba-93a4-4680-9cf5-808df07f2607,42.3433992173314,-71.5429663087706,62,22191.35
3eae3196-8fdf-4760-8a66-21b48a13f1dc,42.2988276063697,-71.3821262945012,35,8153.07
340851f6-b619-4b18-9fc3-a81e3b6acb63,42.3080772047089,-71.2607053673688,25,4404.31
474b7e9c-16d3-4964-ba1e-1c40e6d6be04,42.3523121984191,-71.5307019073189,14,2586.91
35790a43-db65-4f9e-93e2-e64c2084cc4f,42.2742572292243,-71.4252776757048,6,1740.67
474b7e9c-16d3-4964-ba1e-1c40e6d6be04,42.3478624133982,-71.5082558398399,21,4616.1
1ba4b168-ece7-49bc-9db3-73ad54e3bbf8,42.3543707939607,-71.5537514718623,38,12914.19
340851f6-b619-4b18-9fc3-a81e3b6acb63,42.3061258975343,-71.3133450635281,65,11666.22
35790a43-db65-4f9e-93e2-e64c2084cc4f,42.2703264516787,-71.5226928307231,45,11657.71
ce9a7e51-0841-4de6-8a94-29f3af8be65b,42.3020073653464,-71.3782370911978,35,6821.02
30a9a51f-025f-476a-a501-9cda88fadee8,42.2829744090423,-71.4143516966314,130,22068.55
bd433f74-e551-4a3c-91ae-4a735e4e28eb,42.2748258575693,-71.4145273813324,101,17331.84
b33a3d09-539e-4afa-a893-a3de7cac00ed,42.251246556714,-71.4304798203993,19,4567.92
30a9a51f-025f-476a-a501-9cda88fadee8,42.3078170304189,-71.397347831568,78,14609.52
340851f6-b619-4b18-9fc3-a81e3b6acb63,42.3043019952954,-71.2536980958997,38,5531.29
35790a43-db65-4f9e-93e2-e64c2084cc4f,42.288510488779,-71.5258873418502,47,13709.4
b3c7beb5-93f5-4431-bd27-4176d97dd626,42.2986277817862,-71.3712727350755,18,3841.8
340851f6-b619-4b18-9fc3-a81e3b6acb63,42.2993197917533,-71.2697833043208,48,7356.62
1ba4b168-ece7-49bc-9db3-73ad54e3bbf8,42.3466125039227,-71.5508332282801,52,14747.31
35790a43-db65-4f9e-93e2-e64c2084cc4f,42.2608689821284,-71.4537171395849,22,5161.37
9ae8aeb0-d10f-4fe2-afd8-f2dcfac6ab6c,42.3531195433807,-71.5355406126702,60,16568.99
23d5cef6-e518-4901-93a5-1d112c5caad9,42.3494449168113,-71.5059558454726,3,263.46
fe1b79da-593f-487c-844c-daf273066f25,42.3465508131117,-71.5507795840966,21,6263.16
fd4c1dc1-3c32-4573-be8a-3a9651c6107f,42.2978110490925,-71.4487630992391,16,4708.01
35790a43-db65-4f9e-93e2-e64c2084cc4f,42.2605337059816,-71.4641375222288,24,6033.16
f9a10342-e44e-4a6b-8ec9-2ce051d39cf6,42.2775308655221,-71.4089430218305,2,312.15
23be88fa-b8dd-4094-bb1d-0092c0557a1c,42.2938816126514,-71.4317069310967,18,3638.2
35790a43-db65-4f9e-93e2-e64c2084cc4f,42.27534352394,-71.4369895420664,14,2808.72
8983ebd0-b08f-4e96-a8ca-18da9a533641,42.2419969583748,-71.4312603432691,34,14278.72
4ce23383-aa10-4737-9d8e-d1bb1d06920c,42.3457448092547,-71.5595732068761,8,1515.18
ce9a7e51-0841-4de6-8a94-29f3af8be65b,42.293551700923,-71.4617503560633,56,14343.49
1c130b25-ee37-4058-b9cb-a955999e4e80,42.2692535680088,-71.4064083341604,108,29253.73
35790a43-db65-4f9e-93e2-e64c2084cc4f,42.2614832080295,-71.4524712534232,21,5038.26
340851f6-b619-4b18-9fc3-a81e3b6acb63,42.2976380466007,-71.2851832082977,55,8799.13
3eae3196-8fdf-4760-8a66-21b48a13f1dc,42.2882369034432,-71.4274717228098,168,26335.83
30a9a51f-025f-476a-a501-9cda88fadee8,42.2865216306759,-71.4227040960016,137,23048.87
f9a10342-e44e-4a6b-8ec9-2ce051d39cf6,42.2779787944543,-71.4168072591309,5,1172.14
3eae3196-8fdf-4760-8a66-21b48a13f1dc,42.3288468914537,-71.4357436559048,141,20942.27
340851f6-b619-4b18-9fc3-a81e3b6acb63,42.299967545269,-71.3606739855214,72,15835.71
35790a43-db65-4f9e-93e2-e64c2084cc4f,42.2691060465041,-71.5231944038388,44,11515.97
004980e6-9f4c-4b6d-ba69-2c51b2ea17f2,42.1424735869452,-71.5177401314819,40,20724.76
1c130b25-ee37-4058-b9cb-a955999e4e80,42.2692750256822,-71.4051570835803,107,29150.81
35790a43-db65-4f9e-93e2-e64c2084cc4f,42.335720052464,-71.5934159811387,72,23725.52
004980e6-9f4c-4b6d-ba69-2c51b2ea17f2,42.276754365966,-71.4167482505291,6,1019.67
7eb551b3-dcec-4a29-a093-cdf9d4830090,42.3021347702822,-71.3846140435108,39,6347.36
2a01e672-f3f1-4e63-b448-bcb1e805c3d3,42.3415981138705,-71.560132447489,23,5581.71
bd433f74-e551-4a3c-91ae-4a735e4e28eb,42.2762192652356,-71.410807157207,2,150.86
180be292-bc10-4779-a17a-f90a68994351,42.3150348553082,-71.5638392605686,27,8128.27
3095b873-eb06-438b-a330-1338c12a12ae,42.2828000654459,-71.3744766339348,7,3661.92
ebb5d4b8-b5de-42e7-8df5-be5d2199a7bd,42.2488044052604,-71.5297510641665,44,12842.34
35790a43-db65-4f9e-93e2-e64c2084cc4f,42.2785286473351,-71.5256003454686,46,12599.97
1c130b25-ee37-4058-b9cb-a955999e4e80,42.2738642855802,-71.402236157789,105,28071.46
3eae3196-8fdf-4760-8a66-21b48a13f1dc,42.3055894556993,-71.4325853546014,156,24206.27
180be292-bc10-4779-a17a-f90a68994351,42.3069332424959,-71.5501439005222,19,6178.17
4ce23383-aa10-4737-9d8e-d1bb1d06920c,42.3415431285824,-71.5648289957541,25,6235.84
3eae3196-8fdf-4760-8a66-21b48a13f1dc,42.330594350731,-71.4041847827545,122,17335.68
3eae3196-8fdf-4760-8a66-21b48a13f1dc,42.294373798035,-71.4321910698528,167,25551.28
7eb551b3-dcec-4a29-a093-cdf9d4830090,42.3022889973097,-71.3847924104209,40,6369.91
1c130b25-ee37-4058-b9cb-a955999e4e80,42.2785635160544,-71.3981524943204,103,27449.34
35790a43-db65-4f9e-93e2-e64c2084cc4f,42.3354263505594,-71.5932644363203,81,25072.55
7177c62b-b7d2-4327-943c-669853b0841a,42.2923339779576,-71.3484431116845,8,3008.75
8983ebd0-b08f-4e96-a8ca-18da9a533641,42.27655464,-71.41777396,46,18785.16
1c130b25-ee37-4058-b9cb-a955999e4e80,42.2766725585861,-71.4000836849263,104,27712.71
35790a43-db65-4f9e-93e2-e64c2084cc4f,42.2751517459841,-71.4220295203942,5,1455.71
bd433f74-e551-4a3c-91ae-4a735e4e28eb,42.3010793209719,-71.3923964734314,54,7146.98
dfc8cf0c-de43-47ea-9ed6-b7d8430eab32,42.3005120337314,-71.4819782365548,29,12452.57
9ae8aeb0-d10f-4fe2-afd8-f2dcfac6ab6c,42.3289850252262,-71.6169993053078,15,5122.62
35790a43-db65-4f9e-93e2-e64c2084cc4f,42.3324370284341,-71.5776915298516,88,26525.96
695762db-d0d4-4ddc-a7ae-10275473090c,42.4613614357329,-71.4575956140516,111,22358.9
3eae3196-8fdf-4760-8a66-21b48a13f1dc,42.3024579764877,-71.3849975994228,48,9530.65
35790a43-db65-4f9e-93e2-e64c2084cc4f,42.2678145627865,-71.522784025835,43,11368.55
340851f6-b619-4b18-9fc3-a81e3b6acb63,42.3258763447926,-71.2559270117239,7,1472.94
1c130b25-ee37-4058-b9cb-a955999e4e80,42.2805309164841,-71.3997095167464,102,27196
3eae3196-8fdf-4760-8a66-21b48a13f1dc,42.3294410007859,-71.4012316704531,120,16952.67
7ae040a5-6c96-48f1-ad52-551743a1a458,42.2767288849788,-71.3549219879462,69,14369.52
35790a43-db65-4f9e-93e2-e64c2084cc4f,42.336656143466,-71.5942850169113,80,24912.23
30a9a51f-025f-476a-a501-9cda88fadee8,42.2839185466718,-71.4232579721962,139,23453.17
ebb5d4b8-b5de-42e7-8df5-be5d2199a7bd,42.340507795841,-71.5425653184989,89,23907.97
1c130b25-ee37-4058-b9cb-a955999e4e80,42.2725392742478,-71.4095089679664,109,29699.04
180be292-bc10-4779-a17a-f90a68994351,42.2849686315637,-71.5259262338833,7,2092.08
695762db-d0d4-4ddc-a7ae-10275473090c,42.346049239996,-71.55065486137,0,0
30a9a51f-025f-476a-a501-9cda88fadee8,42.2786761688397,-71.4179311047751,145,24190.09
4ce23383-aa10-4737-9d8e-d1bb1d06920c,42.348711332602,-71.5531761379943,17,3675.57
35790a43-db65-4f9e-93e2-e64c2084cc4f,42.3351822695245,-71.5923672373514,71,23620.68
e6097e76-5b3e-4d62-a4a9-945e230f237b,42.2932378824495,-71.434251006499,16,2591.31
ebb5d4b8-b5de-42e7-8df5-be5d2199a7bd,42.3448060360435,-71.5448036220553,92,24446.71
055c56fc-9140-4b97-835b-abc9145f2aa4,42.1595324372967,-71.4998618662275,8,1874.52
3eae3196-8fdf-4760-8a66-21b48a13f1dc,42.3024485887556,-71.3849399319255,65,10312.31
35790a43-db65-4f9e-93e2-e64c2084cc4f,42.2654796996998,-71.451187816333,20,4581.8
3eae3196-8fdf-4760-8a66-21b48a13f1dc,42.30651347676,-71.4330359657428,155,24097.12
ae46a06e-02d7-4228-8adf-b324f50d6a00,42.2093061929528,-71.5512355596564,37,15499.78
30a9a51f-025f-476a-a501-9cda88fadee8,42.2818384934567,-71.4205596697664,5,749.83
7ae040a5-6c96-48f1-ad52-551743a1a458,42.2863754502759,-71.349049290958,57,12737.68
35790a43-db65-4f9e-93e2-e64c2084cc4f,42.3316270012633,-71.585477983086,84,25867.84
695762db-d0d4-4ddc-a7ae-10275473090c,42.461838868966,-71.4558615658201,108,22159.8
695762db-d0d4-4ddc-a7ae-10275473090c,42.4609523988338,-71.4581736301287,112,22424.56
35790a43-db65-4f9e-93e2-e64c2084cc4f,42.2775281833129,-71.4142135628589,4,760.95
3eae3196-8fdf-4760-8a66-21b48a13f1dc,42.2963519273014,-71.4329715927226,165,25320
7ae040a5-6c96-48f1-ad52-551743a1a458,42.2993157684395,-71.3875684969168,25,4132.73
3eae3196-8fdf-4760-8a66-21b48a13f1dc,42.3303690451604,-71.4257229224278,136,20062.72
3eae3196-8fdf-4760-8a66-21b48a13f1dc,42.3292291062611,-71.4060918334777,124,17622.73
7ae040a5-6c96-48f1-ad52-551743a1a458,42.2766792641091,-71.3548187228929,82,15719.01
35790a43-db65-4f9e-93e2-e64c2084cc4f,42.3021025837721,-71.5274631397404,48,15225.3
f2a9a652-ae50-4c62-935c-bcba2dfc6b9b,42.1430489208131,-71.5213973236917,38,9125.36
695762db-d0d4-4ddc-a7ae-10275473090c,42.4605326330979,-71.4578262840406,114,22507.48
3eae3196-8fdf-4760-8a66-21b48a13f1dc,42.3023573936437,-71.3863762549386,50,9645.44
3eae3196-8fdf-4760-8a66-21b48a13f1dc,42.3254994944036,-71.4000823438217,118,16503.82
4ce23383-aa10-4737-9d8e-d1bb1d06920c,42.331254174188,-71.6123295791346,45,10946.64
180be292-bc10-4779-a17a-f90a68994351,42.319673736076,-71.5795342075547,37,9990.03
30a9a51f-025f-476a-a501-9cda88fadee8,42.3296850818208,-71.4374870918684,33,6965.51
4cebf1c5-54c8-4e64-82fe-a3337ad3146f,42.2818787265944,-71.3913852805725,13,3537.33
7ae040a5-6c96-48f1-ad52-551743a1a458,42.2901238375976,-71.3873820833792,2,360.07
7ae040a5-6c96-48f1-ad52-551743a1a458,42.2884407513404,-71.3836390604758,103,19477.31
012d6ffc-b612-493c-a374-88234b7fe5f5,42.2927470381705,-71.4879407875503,22,10518.65
ae46a06e-02d7-4228-8adf-b324f50d6a00,42.2103643244722,-71.5495350390396,38,15682.58
35790a43-db65-4f9e-93e2-e64c2084cc4f,42.3316551644596,-71.5835508157939,85,26026.18
3eae3196-8fdf-4760-8a66-21b48a13f1dc,42.3270001904368,-71.4032621027984,127,17970.08
7ae040a5-6c96-48f1-ad52-551743a1a458,42.3017968119262,-71.3609033144059,46,10138.82
4cebf1c5-54c8-4e64-82fe-a3337ad3146f,42.3024794341611,-71.3848353257677,39,8710.04
3eae3196-8fdf-4760-8a66-21b48a13f1dc,42.3260909215266,-71.4059067610446,129,18276.69
35790a43-db65-4f9e-93e2-e64c2084cc4f,42.2758746013567,-71.411843831053,0,0
9ae8aeb0-d10f-4fe2-afd8-f2dcfac6ab6c,42.3292639749804,-71.6287178771924,10,3989.85
055c56fc-9140-4b97-835b-abc9145f2aa4,42.1290625410713,-71.5185126077242,43,8096.98
3eae3196-8fdf-4760-8a66-21b48a13f1dc,42.3105166739533,-71.4382233582868,153,23477.41
ebb5d4b8-b5de-42e7-8df5-be5d2199a7bd,42.3325416345919,-71.5413221145464,88,23016.9
35790a43-db65-4f9e-93e2-e64c2084cc4f,42.2669039527717,-71.4497528344246,19,4384.39
3eae3196-8fdf-4760-8a66-21b48a13f1dc,42.3308196563017,-71.4268870012097,137,20170.66
30a9a51f-025f-476a-a501-9cda88fadee8,42.3014669001977,-71.3863507739515,87,16109.28
3eae3196-8fdf-4760-8a66-21b48a13f1dc,42.302278268473,-71.3926660354534,71,11102.14
180be292-bc10-4779-a17a-f90a68994351,42.3248731985612,-71.5794591056978,39,10592.57
4cebf1c5-54c8-4e64-82fe-a3337ad3146f,42.302284973996,-71.3871286146121,40,8899.75
ebb5d4b8-b5de-42e7-8df5-be5d2199a7bd,42.3290963369069,-71.538921537335,87,22586.25
3eae3196-8fdf-4760-8a66-21b48a13f1dc,42.3021495224326,-71.3848675122778,62,10264.17
3eae3196-8fdf-4760-8a66-21b48a13f1dc,42.3097884541624,-71.4368084929471,154,23619.06
ebb5d4b8-b5de-42e7-8df5-be5d2199a7bd,42.3433214332653,-71.543003859699,91,24225.21
35790a43-db65-4f9e-93e2-e64c2084cc4f,42.3322412271643,-71.5820769418524,86,26163.66
3eae3196-8fdf-4760-8a66-21b48a13f1dc,42.3187792193162,-71.4371585212444,148,22530.32
35790a43-db65-4f9e-93e2-e64c2084cc4f,42.3316390712046,-71.5857046297612,66,22917.53
ebb5d4b8-b5de-42e7-8df5-be5d2199a7bd,42.3427072073643,-71.5427034522714,90,24152.63
1c130b25-ee37-4058-b9cb-a955999e4e80,42.2856552771125,-71.3383888505929,54,12119.32
35790a43-db65-4f9e-93e2-e64c2084cc4f,42.3332886298471,-71.5870189122569,69,23132.6
3eae3196-8fdf-4760-8a66-21b48a13f1dc,42.3143374809228,-71.4376493655234,150,23027.19
695762db-d0d4-4ddc-a7ae-10275473090c,42.4031789543139,-71.5550308856386,62,8318.07
3eae3196-8fdf-4760-8a66-21b48a13f1dc,42.3264986173212,-71.408128971346,130,18464.79
35790a43-db65-4f9e-93e2-e64c2084cc4f,42.269418523873,-71.449829277386,18,4104.9
695762db-d0d4-4ddc-a7ae-10275473090c,42.404953235683,-71.5499038428011,67,8797.97
3eae3196-8fdf-4760-8a66-21b48a13f1dc,42.3131546266767,-71.4384084307199,151,23172.68
1c130b25-ee37-4058-b9cb-a955999e4e80,42.2821697462898,-71.3867839507332,17,3943.69
3eae3196-8fdf-4760-8a66-21b48a13f1dc,42.3063498620003,-71.4010385513925,81,12330.53
180be292-bc10-4779-a17a-f90a68994351,42.3064021650792,-71.5427383209907,17,5564.86
522e28ee-243c-4b26-8151-2475fa5a5d2e,42.3480474858312,-71.5078950827059,4,485.89
4ce23383-aa10-4737-9d8e-d1bb1d06920c,42.334783961462,-71.6065976981281,44,10333.83
7a6353fd-f5b7-4b08-b02a-4c000e3abf9f,42.2781558202598,-71.420086259847,2,250.96
7ae040a5-6c96-48f1-ad52-551743a1a458,42.2778031097533,-71.349855294815,66,13909.87
35790a43-db65-4f9e-93e2-e64c2084cc4f,42.3322693903607,-71.5787121104426,87,26440.08
695762db-d0d4-4ddc-a7ae-10275473090c,42.4034954549965,-71.5525766642438,64,8523.29
012d6ffc-b612-493c-a374-88234b7fe5f5,42.2927054639283,-71.4364249370351,44,17216.73
3eae3196-8fdf-4760-8a66-21b48a13f1dc,42.3239800229061,-71.437036480727,147,21952.32
dfc8cf0c-de43-47ea-9ed6-b7d8430eab32,42.3006769895957,-71.4924696977419,25,11570.86
7ae040a5-6c96-48f1-ad52-551743a1a458,42.2945293661672,-71.3823851276866,4,1188.61
35790a43-db65-4f9e-93e2-e64c2084cc4f,42.3389749132976,-71.5895616465546,79,24446.49
4cebf1c5-54c8-4e64-82fe-a3337ad3146f,42.2806690502566,-71.3994533657702,131,29159.65
747d8707-5db7-4c6b-b0f3-86a0d2509306,42.2937019046368,-71.4702878278666,18,6579.48
e6097e76-5b3e-4d62-a4a9-945e230f237b,42.2971472023217,-71.4864441148307,59,8908.91
35790a43-db65-4f9e-93e2-e64c2084cc4f,42.3072001223087,-71.5508640736856,51,17443.66
4cebf1c5-54c8-4e64-82fe-a3337ad3146f,42.3017391444289,-71.3777623401739,26,7328.41
3eae3196-8fdf-4760-8a66-21b48a13f1dc,42.3078438525107,-71.399450683561,77,12006.99
3eae3196-8fdf-4760-8a66-21b48a13f1dc,42.326833893468,-71.4184165846358,133,19338.62
35790a43-db65-4f9e-93e2-e64c2084cc4f,42.3118725306912,-71.5660829285433,53,19054.66
b968a9c3-0fd4-4fc8-9c03-c3ab0fe551a0,42.1741129263707,-71.4683472495286,22,7618.98
4ce23383-aa10-4737-9d8e-d1bb1d06920c,42.3487260847525,-71.5615258551554,20,4574.92
1c130b25-ee37-4058-b9cb-a955999e4e80,42.2921194012236,-71.3570476387171,61,14246.41
35790a43-db65-4f9e-93e2-e64c2084cc4f,42.33189790439,-71.5774045334699,89,26590.34
3eae3196-8fdf-4760-8a66-21b48a13f1dc,42.3022930206235,-71.385139756509,60,10234.39
fd4c1dc1-3c32-4573-be8a-3a9651c6107f,42.2960434732463,-71.4874687187355,36,9860.55
3eae3196-8fdf-4760-8a66-21b48a13f1dc,42.3259702221137,-71.4114026076438,131,18740.07
695762db-d0d4-4ddc-a7ae-10275473090c,42.4040707888645,-71.5513187081408,65,8644.7
35790a43-db65-4f9e-93e2-e64c2084cc4f,42.3337499698251,-71.5875942461249,83,25574.8
7ae040a5-6c96-48f1-ad52-551743a1a458,42.28378,-71.34729,59,13075.06
3eae3196-8fdf-4760-8a66-21b48a13f1dc,42.3021495224326,-71.3864553801093,56,10106.71
1c130b25-ee37-4058-b9cb-a955999e4e80,42.2867898515934,-71.3819921840424,97,25117.31
695762db-d0d4-4ddc-a7ae-10275473090c,42.4046206417454,-71.5506253570691,66,8728.18
4cebf1c5-54c8-4e64-82fe-a3337ad3146f,42.2787888216251,-71.3983536600085,132,29387.3
35790a43-db65-4f9e-93e2-e64c2084cc4f,42.268596426761,-71.5184804212141,42,11004.16
1c130b25-ee37-4058-b9cb-a955999e4e80,42.3004275441424,-71.3883731596692,86,21956.14
180be292-bc10-4779-a17a-f90a68994351,42.3389172458003,-71.5900377386831,57,12924.89
7903a5c3-a394-4988-98b4-6f3f4c5ccd69,42.3062157515416,-71.5405241573169,11,7153.04
695762db-d0d4-4ddc-a7ae-10275473090c,42.3469370512329,-71.5470419256116,3,368.6
8983ebd0-b08f-4e96-a8ca-18da9a533641,42.1521536798569,-71.4870824806143,2,384.92
4ce23383-aa10-4737-9d8e-d1bb1d06920c,42.3480474858312,-71.6243579461788,55,14878.07
35790a43-db65-4f9e-93e2-e64c2084cc4f,42.336509963066,-71.5940114315755,73,23826
c8d23e47-25a2-4935-8987-25adf1a844b3,42.3383150898406,-71.5886349432847,3,199.9
4cebf1c5-54c8-4e64-82fe-a3337ad3146f,42.2694466870694,-71.406724834843,4,860.19
35790a43-db65-4f9e-93e2-e64c2084cc4f,42.3345814546693,-71.5902509743125,70,23434.47
7903a5c3-a394-4988-98b4-6f3f4c5ccd69,42.2600307917613,-71.4581722890241,35,18364.06
3eae3196-8fdf-4760-8a66-21b48a13f1dc,42.3062881711893,-71.4024426878954,84,12493.05
35790a43-db65-4f9e-93e2-e64c2084cc4f,42.3139968403576,-71.5634986200034,54,19372.18
7903a5c3-a394-4988-98b4-6f3f4c5ccd69,42.2605618691779,-71.4650052168968,33,17798.88
b33a3d09-539e-4afa-a893-a3de7cac00ed,42.1502613812841,-71.4863032988491,50,18626.82
35790a43-db65-4f9e-93e2-e64c2084cc4f,42.3340570827756,-71.5883506291122,82,25503.91
7903a5c3-a394-4988-98b4-6f3f4c5ccd69,42.2775281833129,-71.4142135628589,54,23142.52
7ae040a5-6c96-48f1-ad52-551743a1a458,42.2803351152143,-71.3581929420348,85,16335
35790a43-db65-4f9e-93e2-e64c2084cc4f,42.2619861222497,-71.4694992583692,27,6556.32
7903a5c3-a394-4988-98b4-6f3f4c5ccd69,42.2742572292243,-71.4252776757048,52,22162.8
340851f6-b619-4b18-9fc3-a81e3b6acb63,42.3331813414801,-71.2431033696594,0,0
180be292-bc10-4779-a17a-f90a68994351,42.3139163740823,-71.571810786236,30,8833.94
c8d23e47-25a2-4935-8987-25adf1a844b3,42.3247980967044,-71.5792110013492,26,2746.62
35790a43-db65-4f9e-93e2-e64c2084cc4f,42.276386903309,-71.4105550295446,1,120.29
c8d23e47-25a2-4935-8987-25adf1a844b3,42.3327816923131,-71.586498563677,23,1596.86
1c130b25-ee37-4058-b9cb-a955999e4e80,42.2991722702487,-71.3875671558122,87,22110.56
35790a43-db65-4f9e-93e2-e64c2084cc4f,42.3073074106757,-71.5639291145759,52,18517.39
7903a5c3-a394-4988-98b4-6f3f4c5ccd69,42.2686245899573,-71.5150820621897,17,13178.77
e6097e76-5b3e-4d62-a4a9-945e230f237b,42.2956666228573,-71.4920646841564,64,9545.31
35790a43-db65-4f9e-93e2-e64c2084cc4f,42.3156960198698,-71.5652205982936,55,19608.13
7903a5c3-a394-4988-98b4-6f3f4c5ccd69,42.2678145627865,-71.522784025835,15,12534.92
c8d23e47-25a2-4935-8987-25adf1a844b3,42.3208874357276,-71.5791358994922,28,3207.64
c8d23e47-25a2-4935-8987-25adf1a844b3,42.306068230037,-71.5373671971182,45,8239.54
3eae3196-8fdf-4760-8a66-21b48a13f1dc,42.3289085822647,-71.4340847095302,140,20805.82
35790a43-db65-4f9e-93e2-e64c2084cc4f,42.2618466473726,-71.4800698447269,28,7425.76
c8d23e47-25a2-4935-8987-25adf1a844b3,42.3065148178646,-71.5426565136109,43,7787.9
c8d23e47-25a2-4935-8987-25adf1a844b3,42.3059274140553,-71.5294707733077,49,8911.96
7903a5c3-a394-4988-98b4-6f3f4c5ccd69,42.2670689086359,-71.5088781123685,19,13717.99
c8d23e47-25a2-4935-8987-25adf1a844b3,42.3389775955068,-71.5898540073546,8,373.64
57c05cab-d8c5-43f8-8d8f-9ecfcba3dbb3,42.3471891788953,-71.5457102087564,4,484.13
35790a43-db65-4f9e-93e2-e64c2084cc4f,42.3138908930952,-71.5719703776819,56,20197.91
7903a5c3-a394-4988-98b4-6f3f4c5ccd69,42.2853159776518,-71.5257116571493,13,10401.47
c8d23e47-25a2-4935-8987-25adf1a844b3,42.3372596405303,-71.5928781981992,12,692.13
c8d23e47-25a2-4935-8987-25adf1a844b3,42.3053413513506,-71.5345334431251,47,8490.06
c8d23e47-25a2-4935-8987-25adf1a844b3,42.3141430207576,-71.563132498451,36,5313.53
c8d23e47-25a2-4935-8987-25adf1a844b3,42.3383848272791,-71.5895133667894,6,302
3eae3196-8fdf-4760-8a66-21b48a13f1dc,42.3278652028957,-71.4039594771838,126,17858.18
35790a43-db65-4f9e-93e2-e64c2084cc4f,42.2626566745434,-71.480485587149,29,7522.04
c8d23e47-25a2-4935-8987-25adf1a844b3,42.3384679757636,-71.5887100451416,4,217.97
c8d23e47-25a2-4935-8987-25adf1a844b3,42.3351071676676,-71.5921325440486,18,1056.84
c8d23e47-25a2-4935-8987-25adf1a844b3,42.3380696677011,-71.5919139440008,10,572.18
7903a5c3-a394-4988-98b4-6f3f4c5ccd69,42.2730515762002,-71.443068769161,42,20528.58
7903a5c3-a394-4988-98b4-6f3f4c5ccd69,42.2608689821284,-71.4537171395849,36,18742.1
695762db-d0d4-4ddc-a7ae-10275473090c,42.4063654188136,-71.5471666483382,70,9072.64
35790a43-db65-4f9e-93e2-e64c2084cc4f,42.2778057919625,-71.4095223790122,2,299.36
7903a5c3-a394-4988-98b4-6f3f4c5ccd69,42.2605337059816,-71.4641375222288,34,17870.31
7903a5c3-a394-4988-98b4-6f3f4c5ccd69,42.269418523873,-71.449829277386,40,19798.57
c8d23e47-25a2-4935-8987-25adf1a844b3,42.3357643089154,-71.5933516081185,16,931.69
c8d23e47-25a2-4935-8987-25adf1a844b3,42.3147679754953,-71.5699922484155,33,4655.92
7903a5c3-a394-4988-98b4-6f3f4c5ccd69,42.2784495221644,-71.4096444195297,55,23531.88
695762db-d0d4-4ddc-a7ae-10275473090c,42.3471663801173,-71.5457035032334,4,481.43
35790a43-db65-4f9e-93e2-e64c2084cc4f,42.3169687281232,-71.5804421353604,58,20985.45
7903a5c3-a394-4988-98b4-6f3f4c5ccd69,42.2751517459841,-71.4220295203942,53,22447.76
c8d23e47-25a2-4935-8987-25adf1a844b3,42.3138452955392,-71.5738076909666,31,4315.94
7903a5c3-a394-4988-98b4-6f3f4c5ccd69,42.2654796996998,-71.451187816333,38,19321.67
7903a5c3-a394-4988-98b4-6f3f4c5ccd69,42.325429756965,-71.5796817290593,2,1656.8
c8d23e47-25a2-4935-8987-25adf1a844b3,42.3238767578528,-71.578379516505,27,2869.7
4cebf1c5-54c8-4e64-82fe-a3337ad3146f,42.2702768308089,-71.4026036204459,5,1211.4
35790a43-db65-4f9e-93e2-e64c2084cc4f,42.265589670276,-71.4827882637255,31,7907.11
c8d23e47-25a2-4935-8987-25adf1a844b3,42.3315854270211,-71.585884337776,24,1739.04
7903a5c3-a394-4988-98b4-6f3f4c5ccd69,42.3381380640351,-71.5893551164481,0,0
c8d23e47-25a2-4935-8987-25adf1a844b3,42.3171149085232,-71.5805708814008,29,3643.11
7903a5c3-a394-4988-98b4-6f3f4c5ccd69,42.2642485656886,-71.4904915684755,24,15333.12
7903a5c3-a394-4988-98b4-6f3f4c5ccd69,42.2677582363938,-71.5120994455874,18,13442.25
7903a5c3-a394-4988-98b4-6f3f4c5ccd69,42.2657304862577,-71.4847516408415,26,15834.15
35790a43-db65-4f9e-93e2-e64c2084cc4f,42.3371590576863,-71.5928111429698,74,23948.16
7903a5c3-a394-4988-98b4-6f3f4c5ccd69,42.268596426761,-71.5184804212141,16,12899.31
7903a5c3-a394-4988-98b4-6f3f4c5ccd69,42.267292873102,-71.4978166817317,22,14641.58
7903a5c3-a394-4988-98b4-6f3f4c5ccd69,42.276386903309,-71.4105550295446,57,23783.18
c8d23e47-25a2-4935-8987-25adf1a844b3,42.2913978869556,-71.5265257076338,52,10552.74
c8d23e47-25a2-4935-8987-25adf1a844b3,42.3054258409396,-71.5356666765014,46,8396.46
7903a5c3-a394-4988-98b4-6f3f4c5ccd69,42.3174917589123,-71.5814895380431,4,2593.97
35790a43-db65-4f9e-93e2-e64c2084cc4f,42.315376836978,-71.5778578268205,57,20709.08
c8d23e47-25a2-4935-8987-25adf1a844b3,42.3058442655709,-71.5406153524289,44,7971.45
c8d23e47-25a2-4935-8987-25adf1a844b3,42.3020717383666,-71.527809144724,50,9361.64
7903a5c3-a394-4988-98b4-6f3f4c5ccd69,42.2666223208083,-71.5058968368707,20,13968.12
c8d23e47-25a2-4935-8987-25adf1a844b3,42.2815622259118,-71.5257331148227,54,11648.06
c8d23e47-25a2-4935-8987-25adf1a844b3,42.3386570715104,-71.5908745879456,9,464.72
7903a5c3-a394-4988-98b4-6f3f4c5ccd69,42.2753985092282,-71.4357436559048,45,21197.37
35790a43-db65-4f9e-93e2-e64c2084cc4f,42.2646415093327,-71.4815048266354,30,7757.98
c8d23e47-25a2-4935-8987-25adf1a844b3,42.3388595783031,-71.589768176661,7,358.75
c8d23e47-25a2-4935-8987-25adf1a844b3,42.3366588256752,-71.5941066500012,13,813.12
c8d23e47-25a2-4935-8987-25adf1a844b3,42.3056203011048,-71.5311699528199,48,8768.21
c8d23e47-25a2-4935-8987-25adf1a844b3,42.3133329935868,-71.5654754081652,37,5526.05
c8d23e47-25a2-4935-8987-25adf1a844b3,42.3361143372127,-71.5937767382727,15,879.42
7903a5c3-a394-4988-98b4-6f3f4c5ccd69,42.3145882674806,-71.5768023775102,5,3096.38
35790a43-db65-4f9e-93e2-e64c2084cc4f,42.2784495221644,-71.4096444195297,3,371.59
c8d23e47-25a2-4935-8987-25adf1a844b3,42.3381957315323,-71.5892679446499,5,272.88
c8d23e47-25a2-4935-8987-25adf1a844b3,42.3151206860018,-71.563662234763,35,5196.5
c8d23e47-25a2-4935-8987-25adf1a844b3,42.3375600479579,-71.5925469453661,11,649.06
7903a5c3-a394-4988-98b4-6f3f4c5ccd69,42.2746716305418,-71.4397844040265,43,20853.13
7903a5c3-a394-4988-98b4-6f3f4c5ccd69,42.2614832080295,-71.4524712534232,37,18865.21
c8d23e47-25a2-4935-8987-25adf1a844b3,42.270692573231,-71.5227867080442,56,12881.78
f4cb018e-cda2-419a-a98d-ab90e844dcc9,42.3145882674806,-71.5768023775102,8,3079.68
a2fac56d-750e-44a1-835c-e5ece22b4aa8,42.3372596405303,-71.5928781981992,12,692.13
7903a5c3-a394-4988-98b4-6f3f4c5ccd69,42.2727994485378,-71.4459011820496,41,20294.01
c8d23e47-25a2-4935-8987-25adf1a844b3,42.3353512487025,-71.5927655454138,17,998.2
c8d23e47-25a2-4935-8987-25adf1a844b3,42.3155967781303,-71.5654378572367,34,5041.31
7903a5c3-a394-4988-98b4-6f3f4c5ccd69,42.2778057919625,-71.4095223790122,56,23604.11
7903a5c3-a394-4988-98b4-6f3f4c5ccd69,42.265589670276,-71.4827882637255,27,15996.36
a2fac56d-750e-44a1-835c-e5ece22b4aa8,42.3238767578528,-71.578379516505,37,5024.33
a2fac56d-750e-44a1-835c-e5ece22b4aa8,42.3308679360668,-71.5876706890864,30,3287.59
c8d23e47-25a2-4935-8987-25adf1a844b3,42.3139861115209,-71.5716163260708,32,4496.68
7903a5c3-a394-4988-98b4-6f3f4c5ccd69,42.2669039527717,-71.4497528344246,39,19519.08
7903a5c3-a394-4988-98b4-6f3f4c5ccd69,42.3211811376322,-71.5789240049674,3,2132.99
f4cb018e-cda2-419a-a98d-ab90e844dcc9,42.2853159776518,-71.5257116571493,16,10384.77
7903a5c3-a394-4988-98b4-6f3f4c5ccd69,42.2756506368906,-71.4322299618858,46,21487.62
f4cb018e-cda2-419a-a98d-ab90e844dcc9,42.3174917589123,-71.5814895380431,7,2577.27
f4cb018e-cda2-419a-a98d-ab90e844dcc9,42.3061044398609,-71.5293393450582,15,8055.59
7903a5c3-a394-4988-98b4-6f3f4c5ccd69,42.330233593597,-71.5857327929576,1,927.38
c8d23e47-25a2-4935-8987-25adf1a844b3,42.3146834859063,-71.5767178879212,30,4059.31
7903a5c3-a394-4988-98b4-6f3f4c5ccd69,42.2644162037621,-71.4893583350991,25,15428.15
3b5f0679-5280-40e8-914b-62acba2092d8,42.288510488779,-71.5258873418502,30,10760.02
7903a5c3-a394-4988-98b4-6f3f4c5ccd69,42.3140317090769,-71.5721152169773,6,3486.45
f4cb018e-cda2-419a-a98d-ab90e844dcc9,42.2605618691779,-71.4650052168968,36,17782.18
f4cb018e-cda2-419a-a98d-ab90e844dcc9,42.3122453577665,-71.5663712660296,12,4630.87
7903a5c3-a394-4988-98b4-6f3f4c5ccd69,42.2665673355202,-71.4963816998232,23,14784.49
7903a5c3-a394-4988-98b4-6f3f4c5ccd69,42.2758746013567,-71.411843831053,58,23903.47
c8d23e47-25a2-4935-8987-25adf1a844b3,42.2846642008224,-71.5258082166796,53,11303.31
c8d23e47-25a2-4935-8987-25adf1a844b3,42.2689317029078,-71.5231635584333,57,13079.89
f4cb018e-cda2-419a-a98d-ab90e844dcc9,42.332404841924,-71.57795706856,1,72.34
a2fac56d-750e-44a1-835c-e5ece22b4aa8,42.3322090406542,-71.5812092471844,28,2730.35
c8d23e47-25a2-4935-8987-25adf1a844b3,42.2965396819436,-71.527318300445,51,9977.68
7903a5c3-a394-4988-98b4-6f3f4c5ccd69,42.2674055258873,-71.5006477535157,21,14408.44
c8d23e47-25a2-4935-8987-25adf1a844b3,42.2743229433491,-71.52416536356,55,12462.75
7903a5c3-a394-4988-98b4-6f3f4c5ccd69,42.2646415093327,-71.4815048266354,28,16145.49
a2fac56d-750e-44a1-835c-e5ece22b4aa8,42.270692573231,-71.5227867080442,66,15036.41
a2fac56d-750e-44a1-835c-e5ece22b4aa8,42.3386570715104,-71.5908745879456,9,464.72
c8d23e47-25a2-4935-8987-25adf1a844b3,42.3364281556862,-71.5939752217516,14,840.93
a2fac56d-750e-44a1-835c-e5ece22b4aa8,42.337692817312,-71.5898540073546,2,78.21
c8d23e47-25a2-4935-8987-25adf1a844b3,42.3116284496563,-71.5661177972625,38,5722.68
7903a5c3-a394-4988-98b4-6f3f4c5ccd69,42.2760422394301,-71.4305307823736,47,21633.95
f4cb018e-cda2-419a-a98d-ab90e844dcc9,42.2605337059816,-71.4641375222288,37,17853.61
f4cb018e-cda2-419a-a98d-ab90e844dcc9,42.2669039527717,-71.4497528344246,42,19502.38
a2fac56d-750e-44a1-835c-e5ece22b4aa8,42.3375600479579,-71.5925469453661,11,649.06
a2fac56d-750e-44a1-835c-e5ece22b4aa8,42.3151206860018,-71.563662234763,45,7351.13
a2fac56d-750e-44a1-835c-e5ece22b4aa8,42.3171149085232,-71.5805708814008,39,5797.74
7903a5c3-a394-4988-98b4-6f3f4c5ccd69,42.27534352394,-71.4369895420664,44,21094.75
7903a5c3-a394-4988-98b4-6f3f4c5ccd69,42.3153754958734,-71.5654660204331,7,4052.84
f4cb018e-cda2-419a-a98d-ab90e844dcc9,42.2620706118387,-71.4665917436237,35,17569.74
3b5f0679-5280-40e8-914b-62acba2092d8,42.3072001223087,-71.5508640736856,26,7025.76
e6097e76-5b3e-4d62-a4a9-945e230f237b,42.2965879617088,-71.4715135974594,54,7675.37
3eae3196-8fdf-4760-8a66-21b48a13f1dc,42.29052416,-71.41346032,20,3929.34
a9376080-2b82-4edb-9474-164efab669c5,42.2786077725058,-71.417791629898,11,1585.45
ab5deaba-93a4-4680-9cf5-808df07f2607,42.296177583705,-71.4971635637977,38,14221.65
f048fe5c-d1d1-4c9c-af90-f7bd939d73ac,42.2784495221644,-71.4096444195297,3,371.59
30a9a51f-025f-476a-a501-9cda88fadee8,42.3245888843887,-71.3994681179206,65,11740.66
4ce23383-aa10-4737-9d8e-d1bb1d06920c,42.35511,-71.61249,61,16398.08
f048fe5c-d1d1-4c9c-af90-f7bd939d73ac,42.33189790439,-71.5774045334699,70,23633.52
b9968507-53ab-453c-bd4c-59b515649f1d,42.3465146032879,-71.5539901884788,46,14270.93
fe1b79da-593f-487c-844c-daf273066f25,42.3510797233033,-71.5363385698997,15,4785.8
bd433f74-e551-4a3c-91ae-4a735e4e28eb,42.3021133126088,-71.384632818975,34,5948.15
b33a3d09-539e-4afa-a893-a3de7cac00ed,42.1533901782865,-71.4894495302111,48,18160.99
b135140e-109e-4613-95af-0631d00cbd1e,42.2998347759148,-71.3926164145837,5,842.32
bd433f74-e551-4a3c-91ae-4a735e4e28eb,42.3023211838198,-71.3792402374292,27,5495.7
9ae8aeb0-d10f-4fe2-afd8-f2dcfac6ab6c,42.3543707939607,-71.5537514718623,38,12914.19
636e5ba5-1fdd-459c-82bb-59f2aead5ecf,42.3062130693324,-71.3127724118693,63,11300.05
161f0f86-97f5-4dfd-a54b-3ec09e77872a,42.2776247428432,-71.4167884836667,51,18393.86
340851f6-b619-4b18-9fc3-a81e3b6acb63,42.3062130693324,-71.3127724118693,66,11714.27
f048fe5c-d1d1-4c9c-af90-f7bd939d73ac,42.3322318394322,-71.5787885534041,68,23455.92
3eae3196-8fdf-4760-8a66-21b48a13f1dc,42.3298969763456,-71.4065022114815,123,17541.22
931ec04b-5aa1-4946-a947-7077ed74e335,42.2775804863918,-71.4194183897626,1,164.85
4f48eaa9-89c6-49b0-a7ab-ebf904a00c42,42.2941391047322,-71.4646122732527,24,3424.97
340851f6-b619-4b18-9fc3-a81e3b6acb63,42.308785307931,-71.2560986731111,28,4809.5
9ae8aeb0-d10f-4fe2-afd8-f2dcfac6ab6c,42.3291405933583,-71.6239180638741,12,4450.56
afc65aea-c4e8-4c68-ab68-956699da953a,42.2784428166415,-71.4096162563334,3,373.05
7ae040a5-6c96-48f1-ad52-551743a1a458,42.2801822292913,-71.3471757678494,63,13513.56
2a01e672-f3f1-4e63-b448-bcb1e805c3d3,42.3543466540782,-71.5538051160458,16,3001.91
50888a2c-e355-4664-b663-e6811b0a7c25,42.3322318394322,-71.5787885534041,27,12257.14
161f0f86-97f5-4dfd-a54b-3ec09e77872a,42.3072390143418,-71.5152765223549,16,6296.32
4cebf1c5-54c8-4e64-82fe-a3337ad3146f,42.3014669001977,-71.3863507739515,36,8428.74
340851f6-b619-4b18-9fc3-a81e3b6acb63,42.3068447295931,-71.2556266042964,33,5142.94
08c7abdf-7fce-4d50-958b-b6ff0aa5098c,42.315376836978,-71.5778578268205,13,2924.44
161f0f86-97f5-4dfd-a54b-3ec09e77872a,42.2939929243322,-71.4673065523688,25,10885.3
402fe3ba-d292-4403-bc24-833e5ba04561,42.3022125543483,-71.378876798086,26,10535.26
2a01e672-f3f1-4e63-b448-bcb1e805c3d3,42.3412199223769,-71.5708827418615,27,6741.08
50888a2c-e355-4664-b663-e6811b0a7c25,42.33233644559,-71.5806915808136,26,12100.38
02771dac-1a3f-4a82-a387-5d517b4b4a7f,42.2953219589783,-71.4919909234041,3,755.79
636e5ba5-1fdd-459c-82bb-59f2aead5ecf,42.3232182755004,-71.2626606978572,11,2135.54
004980e6-9f4c-4b6d-ba69-2c51b2ea17f2,42.1843965163467,-71.4419100547975,25,12453.02
50888a2c-e355-4664-b663-e6811b0a7c25,42.3072001223087,-71.5508640736856,10,6244.88
afc65aea-c4e8-4c68-ab68-956699da953a,42.2207940948483,-71.4276353375694,30,7941.73
004980e6-9f4c-4b6d-ba69-2c51b2ea17f2,42.277966724513,-71.4116574175154,5,579.97
fd4c1dc1-3c32-4573-be8a-3a9651c6107f,42.2950550791654,-71.4474126069196,15,4382.27
30a9a51f-025f-476a-a501-9cda88fadee8,42.326512028367,-71.4081624989606,51,9671.75
d1aedfe4-3b3d-448f-844d-ca7fb9a70ab2,42.3022688807409,-71.3610991156756,25,4237.16
d1aedfe4-3b3d-448f-844d-ca7fb9a70ab2,42.3083320145805,-71.2613772607671,68,15686.83
1c130b25-ee37-4058-b9cb-a955999e4e80,42.2758746013567,-71.411843831053,110,30116.43
50888a2c-e355-4664-b663-e6811b0a7c25,42.3064571503673,-71.5441169765065,9,5684.3
f367b809-4934-4ba5-b7ef-2e80c636be42,42.2924144442329,-71.4002459585813,3,2096.86
7eb551b3-dcec-4a29-a093-cdf9d4830090,42.3015715063555,-71.3777958677886,16,4773.89
931ec04b-5aa1-4946-a947-7077ed74e335,42.2783087061828,-71.4094673937242,8,1196.62
94059766-6fcf-458a-bee2-3d8856a98c17,42.2547642740467,-71.4766258881465,35,11663.1
340851f6-b619-4b18-9fc3-a81e3b6acb63,42.3048639181175,-71.2532394381308,37,5458.35
837fca5f-265a-4a4c-9c28-0c273254ae78,42.348480662613,-71.5559642944315,23,6008.82
50888a2c-e355-4664-b663-e6811b0a7c25,42.3058187845837,-71.5293299573261,8,4467.04
636e5ba5-1fdd-459c-82bb-59f2aead5ecf,42.3020650328436,-71.3846355011842,103,18593.87
3eae3196-8fdf-4760-8a66-21b48a13f1dc,42.3058415833617,-71.4021248461082,83,12436.97
94059766-6fcf-458a-bee2-3d8856a98c17,42.22826314,-71.52213335,11,3799.57
fb476a4a-c0d7-413f-9c4a-799a1b2d4dd6,42.3133383580052,-71.2660496691495,57,15226.01
a9376080-2b82-4edb-9474-164efab669c5,42.2791817652692,-71.416608775652,6,1171.62
2a01e672-f3f1-4e63-b448-bcb1e805c3d3,42.342434963133,-71.5678679387491,26,6459.05
23be88fa-b8dd-4094-bb1d-0092c0557a1c,42.3294396596813,-71.539097222036,54,16016.25
3eae3196-8fdf-4760-8a66-21b48a13f1dc,42.2884058826212,-71.4095934575554,17,3196.59
695762db-d0d4-4ddc-a7ae-10275473090c,42.3497681230168,-71.5460186628114,8,774.23
2b2c7804-d94b-4a51-8e79-454d4cd759d1,42.2407765532003,-71.4325330515226,0,0
ab5deaba-93a4-4680-9cf5-808df07f2607,42.3331384261333,-71.5410753513024,61,21040.64
636e5ba5-1fdd-459c-82bb-59f2aead5ecf,42.3043019952954,-71.2536980958997,38,5531.29
5241a39d-5323-49ab-a402-b50a155e8369,42.2770842776945,-71.4175287733989,0,0
ebb5d4b8-b5de-42e7-8df5-be5d2199a7bd,42.2464668599645,-71.5272056476596,41,12501.12
08c7abdf-7fce-4d50-958b-b6ff0aa5098c,42.3169687281232,-71.5804421353604,12,2648.07
3eae3196-8fdf-4760-8a66-21b48a13f1dc,42.291289257484,-71.413569832657,23,4228.27
8983ebd0-b08f-4e96-a8ca-18da9a533641,42.1499207407189,-71.4883605532861,0,0
8983ebd0-b08f-4e96-a8ca-18da9a533641,42.1749189302277,-71.4685202520204,8,3598.62
50888a2c-e355-4664-b663-e6811b0a7c25,42.3317798871863,-71.5832772304581,25,11879.16
161f0f86-97f5-4dfd-a54b-3ec09e77872a,42.3462852744034,-71.5469467071859,2,138.02
b3c7beb5-93f5-4431-bd27-4176d97dd626,42.300620663203,-71.3502348274132,0,0
4f48eaa9-89c6-49b0-a7ab-ebf904a00c42,42.2968655703584,-71.443091567939,33,5551.84
b3c7beb5-93f5-4431-bd27-4176d97dd626,42.2997154176066,-71.3762670085589,22,4276.42
055c56fc-9140-4b97-835b-abc9145f2aa4,42.159560600493,-71.500828802635,19,2469.83
7eb551b3-dcec-4a29-a093-cdf9d4830090,42.294971930681,-71.3817226220204,12,3857.12
08c7abdf-7fce-4d50-958b-b6ff0aa5098c,42.3185565959547,-71.5801242935732,11,2469.7
ab5deaba-93a4-4680-9cf5-808df07f2607,42.2998401403332,-71.488204985154,32,11997.3
2b823661-7fbc-45bc-aac0-a7fed254ae27,42.1572083030467,-71.486540674361,4,1064.49
dfc8cf0c-de43-47ea-9ed6-b7d8430eab32,42.295010822714,-71.4883404367173,21,10266.7
340851f6-b619-4b18-9fc3-a81e3b6acb63,42.2961400327766,-71.296291577595,59,9751.84
b33a3d09-539e-4afa-a893-a3de7cac00ed,42.2558089945202,-71.4270372049235,18,3987.23
747d8707-5db7-4c6b-b0f3-86a0d2509306,42.2964055714849,-71.4836331596156,74,13576.52
62d689e9-a952-482a-b6c2-5a5fa078d2af,42.2935919340606,-71.4673548321339,17,2597.73
004980e6-9f4c-4b6d-ba69-2c51b2ea17f2,42.251246556714,-71.4304798203993,15,4543.79
50888a2c-e355-4664-b663-e6811b0a7c25,42.3313547570321,-71.5857904604548,23,11654.57
b4ccc300-ae7b-45c9-91ad-79e50bd98bd6,42.2942115243799,-71.3578080450182,2,1300.65
420ecf08-6cea-4604-b918-890ae8b88a60,42.2892185920011,-71.4026223959102,14,3612.57
08c7abdf-7fce-4d50-958b-b6ff0aa5098c,42.3235522105427,-71.5784331606885,9,1896
837fca5f-265a-4a4c-9c28-0c273254ae78,42.3502321452041,-71.5582012568832,22,5741.19
afc65aea-c4e8-4c68-ab68-956699da953a,42.2711941463467,-71.419218565179,12,1838.12
50888a2c-e355-4664-b663-e6811b0a7c25,42.3283292250829,-71.5853277793722,21,11315.02
340851f6-b619-4b18-9fc3-a81e3b6acb63,42.3079511408777,-71.2597867107264,26,4481.09
f52e15dd-a155-445b-a257-949f7b6efeba,42.2943483170478,-71.4678295831579,35,8789.48
d1aedfe4-3b3d-448f-844d-ca7fb9a70ab2,42.299844163647,-71.3614974237381,11,3014.88
08c7abdf-7fce-4d50-958b-b6ff0aa5098c,42.2678145627865,-71.522784025835,27,12264.97
b33a3d09-539e-4afa-a893-a3de7cac00ed,42.2771365807734,-71.4103847092619,2,221.25
2a01e672-f3f1-4e63-b448-bcb1e805c3d3,42.3410455787805,-71.575801913488,28,7145.58
17f0d8d7-d93f-4756-9ea9-9d76fecab7da,42.2986572860871,-71.4462780324386,4,2080.31
50888a2c-e355-4664-b663-e6811b0a7c25,42.3021025837721,-71.5274631397404,7,4026.52
23be88fa-b8dd-4094-bb1d-0092c0557a1c,42.283914523358,-71.4232043280127,14,2311.82
9ae8aeb0-d10f-4fe2-afd8-f2dcfac6ab6c,42.348480662613,-71.5559642944315,45,13983.55
0eda0ce6-27a8-41c6-af53-39f9365143cb,42.3020556451116,-71.3768611178911,28,8787.09
23be88fa-b8dd-4094-bb1d-0092c0557a1c,42.3023117960877,-71.505609840489,40,11573.29
340851f6-b619-4b18-9fc3-a81e3b6acb63,42.2992661475698,-71.385806285489,87,18776.25
02771dac-1a3f-4a82-a387-5d517b4b4a7f,42.3017498732656,-71.3878528110893,50,13906.98
3eae3196-8fdf-4760-8a66-21b48a13f1dc,42.3023748280033,-71.3792134153374,40,9020.6
3eae3196-8fdf-4760-8a66-21b48a13f1dc,42.3010860264949,-71.3773184345554,38,8803.41
ce9a7e51-0841-4de6-8a94-29f3af8be65b,42.2904711836857,-71.3550011131168,14,3394.47
4ce23383-aa10-4737-9d8e-d1bb1d06920c,42.3292720216079,-71.6287862735263,49,12421.96
474b7e9c-16d3-4964-ba1e-1c40e6d6be04,42.3509992570281,-71.540816518117,6,1168.05
747d8707-5db7-4c6b-b0f3-86a0d2509306,42.2947130974956,-71.4891062074367,54,10885.49
30a9a51f-025f-476a-a501-9cda88fadee8,42.2796283530967,-71.4188564669404,3,466.82
23d5cef6-e518-4901-93a5-1d112c5caad9,42.3476987986385,-71.5141017147363,6,1011.93
b9968507-53ab-453c-bd4c-59b515649f1d,42.3476652710238,-71.5088191037666,66,19029.23
11cdf0ae-c10d-4cc1-a6d6-e1b9900d1c2e,42.2672647099057,-71.5223830355634,36,10178.43
1291f9da-6233-4191-bfff-82c2787d82f2,42.3216947806892,-71.5305315870364,7,3640.77
23be88fa-b8dd-4094-bb1d-0092c0557a1c,42.30581476127,-71.5155594954228,43,12609.1
62d689e9-a952-482a-b6c2-5a5fa078d2af,42.3000694692176,-71.437420036639,41,6395.54
4ce23383-aa10-4737-9d8e-d1bb1d06920c,42.3385484420388,-71.5910730714246,39,8949
62d689e9-a952-482a-b6c2-5a5fa078d2af,42.2964069125895,-71.4835151424119,9,1054.94
b33a3d09-539e-4afa-a893-a3de7cac00ed,42.1826222349776,-71.4452494052201,39,13050.43
18ff10fa-80ce-4f49-8d61-3c978965f923,42.3013193786931,-71.360399059081,30,11772.95
30a9a51f-025f-476a-a501-9cda88fadee8,42.3290319638867,-71.4012906790549,62,11222.4
3095b873-eb06-438b-a330-1338c12a12ae,42.282149629721,-71.3606377756976,9,4823.28
1ba4b168-ece7-49bc-9db3-73ad54e3bbf8,42.3509992570281,-71.540816518117,57,15851.08
9ffea29d-1305-44de-bab8-8ccc2cbd144b,42.291295963007,-71.3974068401698,7,2413.27
9ae8aeb0-d10f-4fe2-afd8-f2dcfac6ab6c,42.3523121984191,-71.5307019073189,64,17269.39
8983ebd0-b08f-4e96-a8ca-18da9a533641,42.1914252454892,-71.4370954893288,18,7780.14
dfc8cf0c-de43-47ea-9ed6-b7d8430eab32,42.2966831801345,-71.470962403474,35,14008.82
4ce23383-aa10-4737-9d8e-d1bb1d06920c,42.3415981138705,-71.560132447489,23,5627.05
30a9a51f-025f-476a-a501-9cda88fadee8,42.3014266670601,-71.4065639022925,109,18838.87
ce9a7e51-0841-4de6-8a94-29f3af8be65b,42.3010471344618,-71.3605264640168,19,4680.42
3eae3196-8fdf-4760-8a66-21b48a13f1dc,42.3163907120461,-71.4008306801814,98,13890.97
0eda0ce6-27a8-41c6-af53-39f9365143cb,42.2935235377266,-71.4621030665698,6,652.79
3eae3196-8fdf-4760-8a66-21b48a13f1dc,42.3194913458521,-71.4001239180639,105,14999.61
11cdf0ae-c10d-4cc1-a6d6-e1b9900d1c2e,42.1650229194774,-71.5086045270326,82,22205.54
e6097e76-5b3e-4d62-a4a9-945e230f237b,42.2976192711365,-71.4869684867244,72,10744.56
2a01e672-f3f1-4e63-b448-bcb1e805c3d3,42.3455275503115,-71.5486485689073,2,339.58
fb476a4a-c0d7-413f-9c4a-799a1b2d4dd6,42.314678121488,-71.2671936313625,58,15402.08
62d689e9-a952-482a-b6c2-5a5fa078d2af,42.2960287210958,-71.4706646782556,13,2177.08
012d6ffc-b612-493c-a374-88234b7fe5f5,42.2928449388054,-71.4619662739018,37,14221.13
420ecf08-6cea-4604-b918-890ae8b88a60,42.3018115640766,-71.3803707885963,5,646.46
3eae3196-8fdf-4760-8a66-21b48a13f1dc,42.2882529966982,-71.4238453760055,170,26682.15
b8c19c65-25bf-4a3b-a108-e0728086b3d2,42.278135703691,-71.4095800465095,2,334.2
b8c19c65-25bf-4a3b-a108-e0728086b3d2,42.279256867126,-71.4169561217401,4,1187.48
13f5cf06-04ba-4086-a80d-8a89787b833a,42.2729281945782,-71.3556958052931,73,15156.34
636e5ba5-1fdd-459c-82bb-59f2aead5ecf,42.3009009540618,-71.25972636102,41,6198.98
055c56fc-9140-4b97-835b-abc9145f2aa4,42.1581376885258,-71.4948434528615,5,1383.18
0eda0ce6-27a8-41c6-af53-39f9365143cb,42.298963057933,-71.3780131267317,21,8263.19
0eda0ce6-27a8-41c6-af53-39f9365143cb,42.3002612471736,-71.437059279505,11,2959.51
13f5cf06-04ba-4086-a80d-8a89787b833a,42.274076180105,-71.3558808777261,76,15411.6
b968a9c3-0fd4-4fc8-9c03-c3ab0fe551a0,42.276539789232,-71.410807157207,53,22526.84
9f785c31-f3cc-45df-ad8d-08d9418e3073,42.0836500575334,-71.4702730757161,40,12333.21
ab5deaba-93a4-4680-9cf5-808df07f2607,42.3453988042712,-71.5510410994912,81,25795.93
ab5deaba-93a4-4680-9cf5-808df07f2607,42.3455999699593,-71.5519329340418,80,25719.35
b3c7beb5-93f5-4431-bd27-4176d97dd626,42.3022876562052,-71.3789988386034,29,5023.16
02771dac-1a3f-4a82-a387-5d517b4b4a7f,42.3024459065465,-71.3852631381311,43,13668.52
7a6353fd-f5b7-4b08-b02a-4c000e3abf9f,42.2783234583332,-71.4094352072141,5,1188.59
fb476a4a-c0d7-413f-9c4a-799a1b2d4dd6,42.299730169757,-71.3036837460806,22,8083.76
325a045e-c97d-445a-89dc-9075e4d1d00f,42.2784776853608,-71.4092876857094,2,388.03
fb476a4a-c0d7-413f-9c4a-799a1b2d4dd6,42.2988825916578,-71.2787056731406,32,10583.32
bd433f74-e551-4a3c-91ae-4a735e4e28eb,42.2758746013567,-71.411843831053,0,0
fd4c1dc1-3c32-4573-be8a-3a9651c6107f,42.3457609025097,-71.5522373647831,70,23019.36
b968a9c3-0fd4-4fc8-9c03-c3ab0fe551a0,42.2352056047443,-71.4307694989901,38,16323.45
09aed2cc-296b-477d-bca2-e055ce0c98b0,42.3003993809461,-71.4380557202134,12,4740.31
9ffea29d-1305-44de-bab8-8ccc2cbd144b,42.2776850925496,-71.4095384722673,3,305.22
13f5cf06-04ba-4086-a80d-8a89787b833a,42.2744905814225,-71.4029938818809,102,21380.1
b968a9c3-0fd4-4fc8-9c03-c3ab0fe551a0,42.1532010825396,-71.4897687131029,18,4644.65
18ff10fa-80ce-4f49-8d61-3c978965f923,42.3018222929133,-71.3436754848764,27,10337.08
11cdf0ae-c10d-4cc1-a6d6-e1b9900d1c2e,42.2469013778509,-71.5278507189662,55,12657.14
ce9a7e51-0841-4de6-8a94-29f3af8be65b,42.3019000769794,-71.3803707885963,39,7022.8
3eae3196-8fdf-4760-8a66-21b48a13f1dc,42.302876401119,-71.3929221864296,72,11171.86
636e5ba5-1fdd-459c-82bb-59f2aead5ecf,42.3085331802686,-71.2616240240111,24,4313.39
004980e6-9f4c-4b6d-ba69-2c51b2ea17f2,42.2756023571254,-71.4207581532454,8,1374.07
16c57625-ade0-4ab0-9451-056179830dfc,42.3693174045871,-71.5620059705976,17,3395.54
ce9a7e51-0841-4de6-8a94-29f3af8be65b,42.2985580443477,-71.3699732047304,24,5602.49
0eda0ce6-27a8-41c6-af53-39f9365143cb,42.2967328010042,-71.3982088207131,16,6389.03
3eae3196-8fdf-4760-8a66-21b48a13f1dc,42.3019952954051,-71.384164773474,44,9434.54
3eae3196-8fdf-4760-8a66-21b48a13f1dc,42.2998280703919,-71.3766733632489,37,8653.91
9ae8aeb0-d10f-4fe2-afd8-f2dcfac6ab6c,42.3363651237706,-71.5943265911535,19,7219.74
7ae040a5-6c96-48f1-ad52-551743a1a458,42.3023345948657,-71.386820160557,14,2972.09
02771dac-1a3f-4a82-a387-5d517b4b4a7f,42.301049816671,-71.3868282071846,53,14095.91
4cebf1c5-54c8-4e64-82fe-a3337ad3146f,42.3158717045708,-71.363061151687,55,13587.47
30a9a51f-025f-476a-a501-9cda88fadee8,42.2790463137058,-71.4201171052526,2,344.65
a9376080-2b82-4edb-9474-164efab669c5,42.2770842776945,-71.4175287733989,12,1756.11
ab5deaba-93a4-4680-9cf5-808df07f2607,42.298202651632,-71.4964420495297,30,11211.85
522e28ee-243c-4b26-8151-2475fa5a5d2e,42.3476987986385,-71.5141017147363,6,1004.86
b135140e-109e-4613-95af-0631d00cbd1e,42.3003993809461,-71.4380557202134,11,4740.7
4cebf1c5-54c8-4e64-82fe-a3337ad3146f,42.2884407513404,-71.3836390604758,18,5134.07
f9a10342-e44e-4a6b-8ec9-2ce051d39cf6,42.2771030531587,-71.416709358496,9,1491.72
4ce23383-aa10-4737-9d8e-d1bb1d06920c,42.3393638336279,-71.5917154605219,38,8844.15
18ff10fa-80ce-4f49-8d61-3c978965f923,42.3023185016107,-71.3786568569336,13,5844.31
4cebf1c5-54c8-4e64-82fe-a3337ad3146f,42.2830803563047,-71.3358876905374,84,20006.02
20df4b38-9cbe-4caa-bca0-119944aa8afa,42.2906602794326,-71.3565809343208,2,1049.69
d89454d2-59b8-475d-8724-4381e121ba00,42.1502466291336,-71.4864964179096,132,31210.31
012d6ffc-b612-493c-a374-88234b7fe5f5,42.2971834121456,-71.4921062583986,19,9678.76
1ba4b168-ece7-49bc-9db3-73ad54e3bbf8,42.3489996700883,-71.5233553363893,68,18000.02
004980e6-9f4c-4b6d-ba69-2c51b2ea17f2,42.2767557070706,-71.4104879743152,2,181.26
bd433f74-e551-4a3c-91ae-4a735e4e28eb,42.30223937644,-71.3869851164213,50,6674.19
23d5cef6-e518-4901-93a5-1d112c5caad9,42.3472186831962,-71.5433163370679,19,4343.58
d21fe9a4-787e-4161-b93d-3ca50d5b7de7,42.2972397385382,-71.3479804306019,4,925.9
320755bd-42ae-4afa-92ee-4790802c99e4,42.2854500881106,-71.3477564661358,0,0
ab5deaba-93a4-4680-9cf5-808df07f2607,42.2924962516127,-71.4363645873287,8,2807.46
bd433f74-e551-4a3c-91ae-4a735e4e28eb,42.3032545926127,-71.3775665389041,19,4993.55
11cdf0ae-c10d-4cc1-a6d6-e1b9900d1c2e,42.2610728300257,-71.5265498475164,43,10979.08
e1bd887f-92a6-454a-b421-a0377f10ee01,42.3007225871517,-71.3544861289553,4,3418.92
20df4b38-9cbe-4caa-bca0-119944aa8afa,42.2984346627256,-71.369837753167,6,3147.92
02771dac-1a3f-4a82-a387-5d517b4b4a7f,42.3010176301609,-71.3880915277059,52,13992.02
ae50df4e-b25b-429a-99d2-e4f28b1a7944,42.2826900948697,-71.3755830452194,11,4744.04
23be88fa-b8dd-4094-bb1d-0092c0557a1c,42.3079994206428,-71.5156949469861,45,12855.23
4ce23383-aa10-4737-9d8e-d1bb1d06920c,42.3410455787805,-71.575801913488,28,7190.92
35347850-d69a-4842-a5f4-bae7275cd779,42.3004892349535,-71.482013105274,8,2725.94
30a9a51f-025f-476a-a501-9cda88fadee8,42.3115560300085,-71.4023380817376,72,13346.05
0743cc3d-3ccf-45a0-8f97-888a39b21570,42.2978016613604,-71.348119905479,21,7979.76
ce9a7e51-0841-4de6-8a94-29f3af8be65b,42.3022876562052,-71.3789988386034,36,6890.94
b3c7beb5-93f5-4431-bd27-4176d97dd626,42.2964753089234,-71.3500738948628,7,1631.18
1c130b25-ee37-4058-b9cb-a955999e4e80,42.3024190844547,-71.3791557478401,75,20597.48
fd4c1dc1-3c32-4573-be8a-3a9651c6107f,42.2969500599474,-71.4728292210596,20,7007.86
522e28ee-243c-4b26-8151-2475fa5a5d2e,42.3531530709954,-71.5353327414592,13,3233.89
57c05cab-d8c5-43f8-8d8f-9ecfcba3dbb3,42.3466661481062,-71.549335214456,2,180.44
0743cc3d-3ccf-45a0-8f97-888a39b21570,42.2817285228806,-71.3921430046644,27,13111.58
320755bd-42ae-4afa-92ee-4790802c99e4,42.2976313410778,-71.3772916124637,21,14191.87
b44b7738-7ce5-4d95-8081-9b6f1f76665a,42.2936992224276,-71.4280805842924,13,3986.21
d89454d2-59b8-475d-8724-4381e121ba00,42.1619531310769,-71.5085133319207,120,28731.9
f2a9a652-ae50-4c62-935c-bcba2dfc6b9b,42.1442559149418,-71.5368039331915,5,1490.48
e1bd887f-92a6-454a-b421-a0377f10ee01,42.300620663203,-71.3502348274132,19,13429.1
4f48eaa9-89c6-49b0-a7ab-ebf904a00c42,42.2917264575795,-71.4874646954217,1,102.84
7ae040a5-6c96-48f1-ad52-551743a1a458,42.3023761691079,-71.3851773074375,12,2836.96
d828c9b3-ae08-49b6-a382-d9587ab3b310,42.2907729322179,-71.3929946060774,5,2602.37
d89454d2-59b8-475d-8724-4381e121ba00,42.2672647099057,-71.5223830355634,73,16363.59
31481715-c247-41ac-940e-c0096e0868ba,42.2128346391222,-71.4255365088902,21,8505.76
ab5deaba-93a4-4680-9cf5-808df07f2607,42.3004114508874,-71.4816738058134,33,12537.82
4cebf1c5-54c8-4e64-82fe-a3337ad3146f,42.3023761691079,-71.3851773074375,30,7971.03
d89454d2-59b8-475d-8724-4381e121ba00,42.2679111223168,-71.5228457166461,63,15998.45
7eb551b3-dcec-4a29-a093-cdf9d4830090,42.3036354663155,-71.3785026299061,25,5521.36
d21fe9a4-787e-4161-b93d-3ca50d5b7de7,42.2979612528063,-71.4138957210717,25,7363.53
1ba4b168-ece7-49bc-9db3-73ad54e3bbf8,42.3542943509993,-71.6119138367125,1,102.24
b968a9c3-0fd4-4fc8-9c03-c3ab0fe551a0,42.2776301072616,-71.4095357900581,52,22366.82
d89454d2-59b8-475d-8724-4381e121ba00,42.2595640873649,-71.5265659407715,82,17333.5
d89454d2-59b8-475d-8724-4381e121ba00,42.3633803345788,-71.5537595184898,26,3663.39
bd433f74-e551-4a3c-91ae-4a735e4e28eb,42.2848372033141,-71.4214877141409,83,13543.58
fd4c1dc1-3c32-4573-be8a-3a9651c6107f,42.2882409267569,-71.4272678749125,9,1690.73
7ae040a5-6c96-48f1-ad52-551743a1a458,42.301094,-71.359134,47,10303.88
b44b7738-7ce5-4d95-8081-9b6f1f76665a,42.2770976887404,-71.4153910526866,18,6256.89
004980e6-9f4c-4b6d-ba69-2c51b2ea17f2,42.1786860930136,-71.4575674508552,27,13928.58
d89454d2-59b8-475d-8724-4381e121ba00,42.2524159999142,-71.5290885585003,88,18167.7
13f5cf06-04ba-4086-a80d-8a89787b833a,42.2781665490965,-71.3703084808772,88,17472.04
7eb551b3-dcec-4a29-a093-cdf9d4830090,42.3012053848031,-71.3864178291808,51,6880.86
ce9a7e51-0841-4de6-8a94-29f3af8be65b,42.3000386238121,-71.4323895533317,49,11735.29
387741ec-af5f-4a7b-9b82-820060cdce6f,42.2969983397125,-71.4867485455721,31,9002.06
23d5cef6-e518-4901-93a5-1d112c5caad9,42.3481158821652,-71.5046254697219,0,0
ab5deaba-93a4-4680-9cf5-808df07f2607,42.2790208327187,-71.4200715076966,3,339.84
f2e38f84-2a97-4d6c-9d9a-182cd2927222,42.29773,-71.43723,20,3361.99
ae46a06e-02d7-4228-8adf-b324f50d6a00,42.2768455610779,-71.4104329890271,2,181.13
4f48eaa9-89c6-49b0-a7ab-ebf904a00c42,42.2935798641193,-71.470318673272,19,2841.48
7177c62b-b7d2-4327-943c-669853b0841a,42.2882744543716,-71.3475204317284,7,2551.32
d89454d2-59b8-475d-8724-4381e121ba00,42.1601426398839,-71.5026902558023,123,29295.28
13f5cf06-04ba-4086-a80d-8a89787b833a,42.3016399026895,-71.3776738272711,7,2181.13
16c57625-ade0-4ab0-9451-056179830dfc,42.391500615567,-71.5641973354934,40,6410.85
f52e15dd-a155-445b-a257-949f7b6efeba,42.2929911192054,-71.4669793228495,34,8623.26
11cdf0ae-c10d-4cc1-a6d6-e1b9900d1c2e,42.2395829701175,-71.5244992986023,62,13534.1
ae46a06e-02d7-4228-8adf-b324f50d6a00,42.269847677341,-71.4446324971099,17,3659.87
747d8707-5db7-4c6b-b0f3-86a0d2509306,42.3002277195589,-71.4861088386839,67,12737.69
387741ec-af5f-4a7b-9b82-820060cdce6f,42.2972088931327,-71.4861973515866,30,8951.07
1ba4b168-ece7-49bc-9db3-73ad54e3bbf8,42.3471462635485,-71.5433297481137,56,15375.78
9f785c31-f3cc-45df-ad8d-08d9418e3073,42.1483221440507,-71.4919922645087,5,733.5
4cebf1c5-54c8-4e64-82fe-a3337ad3146f,42.2819913793797,-71.3895466261832,14,3689.01
afc65aea-c4e8-4c68-ab68-956699da953a,42.2760999069273,-71.4190214228047,8,1190.98
11cdf0ae-c10d-4cc1-a6d6-e1b9900d1c2e,42.2461758402691,-71.5269293801146,57,12768.4
004980e6-9f4c-4b6d-ba69-2c51b2ea17f2,42.1466672209899,-71.5119546062919,36,19954.91
30a9a51f-025f-476a-a501-9cda88fadee8,42.2838045527818,-71.4126605637467,129,21901.7
02771dac-1a3f-4a82-a387-5d517b4b4a7f,42.3023359359703,-71.3794749307319,36,13167.43
20df4b38-9cbe-4caa-bca0-119944aa8afa,42.2992513954193,-71.3767095730728,7,3719.96
e74dc2aa-7c6c-4fcb-94dc-82ccb257cce8,42.2742397948647,-71.4019853712312,8,2056.56
d89454d2-59b8-475d-8724-4381e121ba00,42.1497343271812,-71.4865889541262,133,31267.75
8983ebd0-b08f-4e96-a8ca-18da9a533641,42.2776502238304,-71.4094070440177,51,19582
bd433f74-e551-4a3c-91ae-4a735e4e28eb,42.301917511339,-71.3873351447186,51,6720.09
4ce23383-aa10-4737-9d8e-d1bb1d06920c,42.3478168158422,-71.5550174745928,18,3856.53
20df4b38-9cbe-4caa-bca0-119944aa8afa,42.3011946559664,-71.3804472315578,9,4513.48
bd433f74-e551-4a3c-91ae-4a735e4e28eb,42.3038554074678,-71.3779916690583,20,5068.9
320755bd-42ae-4afa-92ee-4790802c99e4,42.3021602512694,-71.339103659338,6,3609.67
30a9a51f-025f-476a-a501-9cda88fadee8,42.28438494,-71.42004284,135,22716.39
7ae040a5-6c96-48f1-ad52-551743a1a458,42.2994203745973,-71.3767256663278,30,5103.3
57c05cab-d8c5-43f8-8d8f-9ecfcba3dbb3,42.2777266667918,-71.4149270304994,58,17144.1
ae50df4e-b25b-429a-99d2-e4f28b1a7944,42.2776099906927,-71.4094673937242,14,7682.84
0743cc3d-3ccf-45a0-8f97-888a39b21570,42.3006166398893,-71.3541106196708,17,6809.19
f9a10342-e44e-4a6b-8ec9-2ce051d39cf6,42.2971740244135,-71.4309720057828,12,4049.76
d21fe9a4-787e-4161-b93d-3ca50d5b7de7,42.2992044567588,-71.3669785181867,16,3478.31
3eae3196-8fdf-4760-8a66-21b48a13f1dc,42.2931238885596,-71.4091415053094,26,4792.46
b33a3d09-539e-4afa-a893-a3de7cac00ed,42.2185048293176,-71.4262177900206,28,8548.99
ab5deaba-93a4-4680-9cf5-808df07f2607,42.2946071502332,-71.505509257645,39,14929.46
ab5deaba-93a4-4680-9cf5-808df07f2607,42.3459915724988,-71.5529481502144,77,25611.62
11cdf0ae-c10d-4cc1-a6d6-e1b9900d1c2e,42.2677662830214,-71.5229945792552,27,9833.51
7ae040a5-6c96-48f1-ad52-551743a1a458,42.3019389690124,-71.3838911881382,11,2720.63
ce9a7e51-0841-4de6-8a94-29f3af8be65b,42.2991078972285,-71.3738825246026,26,5930.61
fd4c1dc1-3c32-4573-be8a-3a9651c6107f,42.2952401515984,-71.4880641691723,25,8387.95
f2e38f84-2a97-4d6c-9d9a-182cd2927222,42.2932875033192,-71.4603073275272,9,1026.79
9ae8aeb0-d10f-4fe2-afd8-f2dcfac6ab6c,42.3397460484353,-71.5916001255274,21,7778.2
2260c7a3-179f-47c7-a6e4-41f856c4d622,42.3074629788079,-71.5513897866839,20,6296.27
d21fe9a4-787e-4161-b93d-3ca50d5b7de7,42.3014937222894,-71.3457273748951,1,382.94
a19fb124-594e-4ddd-b6da-f8ca9171f8db,42.3361626169778,-71.5967244861558,38,8919.02
b4ccc300-ae7b-45c9-91ad-79e50bd98bd6,42.2820986677467,-71.360353461525,18,12336.7
3eae3196-8fdf-4760-8a66-21b48a13f1dc,42.3175051699582,-71.3985454379645,109,15506.47
1ba4b168-ece7-49bc-9db3-73ad54e3bbf8,42.3516577393805,-71.533165516446,64,17054.95
d89454d2-59b8-475d-8724-4381e121ba00,42.3903056913796,-71.5640578606163,4,243.35
747d8707-5db7-4c6b-b0f3-86a0d2509306,42.2953756031618,-71.4878844611576,36,9093.59
7ae040a5-6c96-48f1-ad52-551743a1a458,42.279562638972,-71.3620606876648,87,16665.63
d47c2a5a-3fe8-4a30-830f-690bbe96c7b4,42.2940251108423,-71.4666413644934,14,7284.56
d89454d2-59b8-475d-8724-4381e121ba00,42.3790377306365,-71.5649255552844,12,1512.93
325a045e-c97d-445a-89dc-9075e4d1d00f,42.3015312732179,-71.3776630984344,8,4743.68
012d6ffc-b612-493c-a374-88234b7fe5f5,42.3021830500474,-71.5096063321594,17,7646.12
b9968507-53ab-453c-bd4c-59b515649f1d,42.349218270136,-71.5257076338355,61,17583.74
636e5ba5-1fdd-459c-82bb-59f2aead5ecf,42.3019376279078,-71.3873230747773,109,18861.86
d89454d2-59b8-475d-8724-4381e121ba00,42.1598006582141,-71.497812658418,125,29707.89
fd4c1dc1-3c32-4573-be8a-3a9651c6107f,42.2971016047657,-71.4920472497968,41,10951.12
636e5ba5-1fdd-459c-82bb-59f2aead5ecf,42.3015741885647,-71.359216204835,77,15826.19
b33a3d09-539e-4afa-a893-a3de7cac00ed,42.2759175167035,-71.4108728713318,1,79.97
695762db-d0d4-4ddc-a7ae-10275473090c,42.3581191812825,-71.5518417389299,13,1822.79
0eda0ce6-27a8-41c6-af53-39f9365143cb,42.2991347193202,-71.3749527260633,46,10046.41
d21fe9a4-787e-4161-b93d-3ca50d5b7de7,42.2932955499468,-71.4672877769046,39,12081
b33a3d09-539e-4afa-a893-a3de7cac00ed,42.2115954584834,-71.4254842058113,29,9319.13
161f0f86-97f5-4dfd-a54b-3ec09e77872a,42.2779975699185,-71.4167884836667,50,18352.43
1ba4b168-ece7-49bc-9db3-73ad54e3bbf8,42.3458252755299,-71.5524331660529,48,14411.35
018f3677-ec1d-408c-bd2c-782f608a9df4,42.3936638172665,-71.5941012855829,0,0
ac1d4bc6-98b7-4fa7-b20d-2deea94683e3,42.4325799901831,-71.530318351407,57,9973.74
161f0f86-97f5-4dfd-a54b-3ec09e77872a,42.3218141389974,-71.5302767771648,13,4189.35
320755bd-42ae-4afa-92ee-4790802c99e4,42.2996832310964,-71.3757788464891,22,14451.57
161f0f86-97f5-4dfd-a54b-3ec09e77872a,42.2790114449865,-71.4200393211865,46,17821.41
11cdf0ae-c10d-4cc1-a6d6-e1b9900d1c2e,42.1773047552886,-71.5081673269372,79,20837.39
018f3677-ec1d-408c-bd2c-782f608a9df4,42.3464716879411,-71.5458952811894,55,9003.79
ac1d4bc6-98b7-4fa7-b20d-2deea94683e3,42.4033077003543,-71.5546164843211,73,14095.37
161f0f86-97f5-4dfd-a54b-3ec09e77872a,42.2780351208469,-71.4177902887934,49,18269.96
b9968507-53ab-453c-bd4c-59b515649f1d,42.3531061323348,-71.534325571914,56,16447.75
d89454d2-59b8-475d-8724-4381e121ba00,42.378509335429,-71.5653064289872,15,1605.83
f2a9a652-ae50-4c62-935c-bcba2dfc6b9b,42.1478581218635,-71.4893905216092,48,12311
09aed2cc-296b-477d-bca2-e055ce0c98b0,42.3012536645683,-71.3902440005686,3,505.6
b3c7beb5-93f5-4431-bd27-4176d97dd626,42.2985580443477,-71.3699732047304,17,3734.71
b968a9c3-0fd4-4fc8-9c03-c3ab0fe551a0,42.161110917396,-71.4836868037991,20,5660.91
30a9a51f-025f-476a-a501-9cda88fadee8,42.291211473418,-71.4093145078012,125,21016.13
055c56fc-9140-4b97-835b-abc9145f2aa4,42.1305498260587,-71.5257827356924,46,8953.97
18ff10fa-80ce-4f49-8d61-3c978965f923,42.302639025607,-71.3758499250322,11,5551.19
1c130b25-ee37-4058-b9cb-a955999e4e80,42.301878619306,-71.3876543276104,79,21320.15
f2a9a652-ae50-4c62-935c-bcba2dfc6b9b,42.1488384693169,-71.5029598178244,46,11183.2
1291f9da-6233-4191-bfff-82c2787d82f2,42.2964055714849,-71.4836331596156,19,9983.48
18ff10fa-80ce-4f49-8d61-3c978965f923,42.3003269612984,-71.3592363214038,29,11627.03
b3c7beb5-93f5-4431-bd27-4176d97dd626,42.3017927886124,-71.3778977917372,27,4916.55
3eae3196-8fdf-4760-8a66-21b48a13f1dc,42.316143948802,-71.4009379685484,97,13862.17
30a9a51f-025f-476a-a501-9cda88fadee8,42.2896812730838,-71.4136489578276,121,20486.06
402fe3ba-d292-4403-bc24-833e5ba04561,42.3020422340656,-71.386313223023,23,9918.82
3eae3196-8fdf-4760-8a66-21b48a13f1dc,42.3212589216983,-71.3971198437881,112,15952.24
dfc8cf0c-de43-47ea-9ed6-b7d8430eab32,42.2838166227232,-71.4231117917962,51,19777.8
dc75feae-3e40-4fb9-98b1-32d25959fe8d,42.3020999015629,-71.3846475711255,33,5719
30a9a51f-025f-476a-a501-9cda88fadee8,42.2838501503378,-71.4190616559423,134,22616.2
11cdf0ae-c10d-4cc1-a6d6-e1b9900d1c2e,42.1499207407189,-71.4883605532861,97,25230
b968a9c3-0fd4-4fc8-9c03-c3ab0fe551a0,42.2746984526335,-71.4207742465004,47,21171.5
e2961827-77cf-4cf6-bafb-7d0da257ec97,42.3002907514745,-71.3524543555054,27,10423.81
ab5deaba-93a4-4680-9cf5-808df07f2607,42.3144447692898,-71.5311927515979,53,18632.82
004980e6-9f4c-4b6d-ba69-2c51b2ea17f2,42.2776877747588,-71.4093815630306,3,319.11
4f48eaa9-89c6-49b0-a7ab-ebf904a00c42,42.29424371089,-71.4875813715208,4,423.11
0eda0ce6-27a8-41c6-af53-39f9365143cb,42.3017753542528,-71.3804646659174,40,9370.56
bd433f74-e551-4a3c-91ae-4a735e4e28eb,42.3020033420326,-71.3783041464272,26,5411.05
9ae8aeb0-d10f-4fe2-afd8-f2dcfac6ab6c,42.3471462635485,-71.5433297481137,55,15375.23
dfc8cf0c-de43-47ea-9ed6-b7d8430eab32,42.2978003202558,-71.4830926944669,30,12767.51
f367b809-4934-4ba5-b7ef-2e80c636be42,42.2946151968607,-71.3823623289086,6,3703.88
747d8707-5db7-4c6b-b0f3-86a0d2509306,42.2908171886693,-71.4919909234041,42,9826.71
b9968507-53ab-453c-bd4c-59b515649f1d,42.3394925796683,-71.5619791485059,28,10612.87
9ffea29d-1305-44de-bab8-8ccc2cbd144b,42.3021763445244,-71.3870307139772,40,5579.24
d21fe9a4-787e-4161-b93d-3ca50d5b7de7,42.2989992677569,-71.3919270868258,23,5553.87
30a9a51f-025f-476a-a501-9cda88fadee8,42.3096851891092,-71.4366958401618,21,4510.4
9ffea29d-1305-44de-bab8-8ccc2cbd144b,42.3020757616804,-71.3806551027688,26,5021.5
320755bd-42ae-4afa-92ee-4790802c99e4,42.2856713703675,-71.338843485048,14,6967.06
18ff10fa-80ce-4f49-8d61-3c978965f923,42.292716192765,-71.3573131774254,32,12762.01
ae46a06e-02d7-4228-8adf-b324f50d6a00,42.2096039181712,-71.5515976578949,40,16286.69
bd433f74-e551-4a3c-91ae-4a735e4e28eb,42.3023788513171,-71.3847843637934,35,5980.18
62d689e9-a952-482a-b6c2-5a5fa078d2af,42.2951194521856,-71.4881875507944,5,532.44
161f0f86-97f5-4dfd-a54b-3ec09e77872a,42.3044736566826,-71.5153221199108,17,6603.63
31481715-c247-41ac-940e-c0096e0868ba,42.2524039299729,-71.4296402889276,12,3956.47
30a9a51f-025f-476a-a501-9cda88fadee8,42.2912436599281,-71.4112054652694,113,20040.14
57c05cab-d8c5-43f8-8d8f-9ecfcba3dbb3,42.346049239996,-71.55065486137,0,0
a19fb124-594e-4ddd-b6da-f8ca9171f8db,42.331254174188,-71.6123295791346,41,10358.69
9ae8aeb0-d10f-4fe2-afd8-f2dcfac6ab6c,42.35511,-71.61249,0,0
340851f6-b619-4b18-9fc3-a81e3b6acb63,42.330087413197,-71.2484436481264,4,696.3
16c57625-ade0-4ab0-9451-056179830dfc,42.3810426819946,-71.564712319655,27,4783.02
afc65aea-c4e8-4c68-ab68-956699da953a,42.1908378416799,-71.4374669752995,39,11568.99
b33a3d09-539e-4afa-a893-a3de7cac00ed,42.2094175046335,-71.4271552221272,30,9597.49
d89454d2-59b8-475d-8724-4381e121ba00,42.1845695188385,-71.5051753226027,114,26177.84
ac1d4bc6-98b7-4fa7-b20d-2deea94683e3,42.4604213214172,-71.4546478661685,8,447
2b823661-7fbc-45bc-aac0-a7fed254ae27,42.2754400834704,-71.4186526190431,49,17163.85
8983ebd0-b08f-4e96-a8ca-18da9a533641,42.1989072679822,-71.4302330571552,22,8794.94
636e5ba5-1fdd-459c-82bb-59f2aead5ecf,42.3018598438418,-71.3875792257535,110,18884.62
2b823661-7fbc-45bc-aac0-a7fed254ae27,42.2574572120581,-71.4269433276024,40,14815.12
8983ebd0-b08f-4e96-a8ca-18da9a533641,42.2416630233325,-71.4330212135924,31,13954.22
62d689e9-a952-482a-b6c2-5a5fa078d2af,42.29773,-71.43723,38,6130.43
d47c2a5a-3fe8-4a30-830f-690bbe96c7b4,42.2967649875143,-71.471645025709,17,7807.31
d21fe9a4-787e-4161-b93d-3ca50d5b7de7,42.3005,-71.43454,29,9096.01
f52e15dd-a155-445b-a257-949f7b6efeba,42.2790114449865,-71.4200393211865,11,1583.35
b9968507-53ab-453c-bd4c-59b515649f1d,42.3502321452041,-71.5582012568832,44,13731.25
636e5ba5-1fdd-459c-82bb-59f2aead5ecf,42.3014669001977,-71.3863507739515,120,19167.86
ac1d4bc6-98b7-4fa7-b20d-2deea94683e3,42.3931930895563,-71.5643341281613,84,15886.65
7eb551b3-dcec-4a29-a093-cdf9d4830090,42.2831031550826,-71.4137803860772,88,13149.13
23be88fa-b8dd-4094-bb1d-0092c0557a1c,42.346049239996,-71.55065486137,62,18448.99
e6097e76-5b3e-4d62-a4a9-945e230f237b,42.2818693388623,-71.4206012440086,5,745.73
f52e15dd-a155-445b-a257-949f7b6efeba,42.2777266667918,-71.4149270304994,5,857.44
fb476a4a-c0d7-413f-9c4a-799a1b2d4dd6,42.3022769273685,-71.386804067302,5,468.85
e6097e76-5b3e-4d62-a4a9-945e230f237b,42.2941216703726,-71.4672166983614,44,6595.09
30a9a51f-025f-476a-a501-9cda88fadee8,42.3054285231488,-71.3955279526429,79,14914.17
636e5ba5-1fdd-459c-82bb-59f2aead5ecf,42.2958584008132,-71.2987216591073,58,9552.81
636e5ba5-1fdd-459c-82bb-59f2aead5ecf,42.3243139579483,-71.2615703798276,10,1984.39
e6097e76-5b3e-4d62-a4a9-945e230f237b,42.2969594476795,-71.4850171795498,68,10253.93
2a01e672-f3f1-4e63-b448-bcb1e805c3d3,42.34858795098,-71.5618302858967,9,1836.13
62d689e9-a952-482a-b6c2-5a5fa078d2af,42.2972115753419,-71.4416136706837,34,5679.25
1c130b25-ee37-4058-b9cb-a955999e4e80,42.2821536530348,-71.3878970675407,16,3852.16
747d8707-5db7-4c6b-b0f3-86a0d2509306,42.2932714100642,-71.4609376466833,14,5778.13
bd433f74-e551-4a3c-91ae-4a735e4e28eb,42.2735410793746,-71.4108956701097,102,17662.82
